--------- beginning of perf
05-31 09:50:02.595  8035  8087 P Quality : 09 02 info processName|uii.ang.bilitv component_name|uii.ang.bilitv/com.bilibili.tv.ui.live.player.LivePlayerActivity at_handle_launch_time|2353046507519 activity_create_time|2353055655352 activity_resume_time_start_time|2353518770436 timestamp|1780192202595
--------- beginning of system
05-31 09:50:02.610  8035  8035 W Looper  : Slow delivery took 492ms main h=android.app.ActivityThread$H c=null m=159
05-31 09:50:02.610  8035  8087 P Quality : 09 03 info 1780192202610 procName:uii.ang.bilitv 2 what:159,target:android.app.ActivityThread$H $ latencyTime:5,WallTime:487 $ allocWait:0,ionwait:0,dstate:0,sched:0,iowait:0 $ uii.ang.bilitv/com.bilibili.tv.ui.live.player.LivePlayerActivity
05-31 09:50:02.611  8035  8087 P Quality : 09 03 info 1780192202610 procName:uii.ang.bilitv 1 what:159,target:android.app.ActivityThread$H what:159,target:android.app.ActivityThread$H,maxWallTime:685 latencyTime:492,WallTime:0 $ $ $ uii.ang.bilitv/com.bilibili.tv.ui.live.player.LivePlayerActivity
05-31 09:50:02.611  8035  8087 P Quality : 09 03 info 1780192156612 procName:uii.ang.bilitv 1 callback:bl.an$a$2,target:android.os.Handler what:159,target:android.app.ActivityThread$H,maxWallTime:685 latencyTime:664,WallTime:0,normalLatencySlowTimes:10 $ $ $ $
05-31 09:50:02.676  8035  8035 W Looper  : Drained
05-31 09:50:10.464  8035  8108 D ActivityThread: scheduleSwapoutMem: com.bilibili.tv.ui.main.MainActivity@5c348c2
05-31 09:50:10.820  8035  8035 W Looper  : Slow delivery took 330ms main h=android.os.Handler c=bl.ajz$1@62817ff m=0
05-31 09:50:10.826  8035  8035 W Looper  : Drained
05-31 09:50:55.803  8035  8087 P Quality : 09 02 info processName|uii.ang.bilitv component_name|uii.ang.bilitv/com.bilibili.tv.ui.live.player.LivePlayerActivity at_handle_launch_time|2406271810090 activity_create_time|2406282532590 activity_resume_time_start_time|2406726757256 timestamp|1780192255802
05-31 09:50:55.816  8035  8035 W Looper  : Slow delivery took 473ms main h=android.app.ActivityThread$H c=null m=159
05-31 09:50:55.816  8035  8087 P Quality : 09 03 info 1780192255815 procName:uii.ang.bilitv 2 what:159,target:android.app.ActivityThread$H $ latencyTime:5,WallTime:468 $ allocWait:0,ionwait:0,dstate:0,sched:0,iowait:0 $ uii.ang.bilitv/com.bilibili.tv.ui.live.player.LivePlayerActivity
05-31 09:50:55.816  8035  8087 P Quality : 09 03 info 1780192255816 procName:uii.ang.bilitv 1 what:159,target:android.app.ActivityThread$H what:159,target:android.app.ActivityThread$H,maxWallTime:685 latencyTime:473,WallTime:0 $ $ $ uii.ang.bilitv/com.bilibili.tv.ui.live.player.LivePlayerActivity
05-31 09:50:55.818  8035  8087 P Quality : 09 03 info 1780192202610 procName:uii.ang.bilitv 1 callback:bl.an$a$2,target:android.os.Handler what:159,target:android.app.ActivityThread$H,maxWallTime:685 latencyTime:463,WallTime:0,normalLatencySlowTimes:10 $ $ $ $
05-31 09:50:55.899  8035  8035 W Looper  : Drained
05-31 09:51:09.612  8035  8087 P Quality : 09 02 info processName|uii.ang.bilitv component_name|uii.ang.bilitv/com.bilibili.tv.ui.setting.SettingActivity at_handle_launch_time|2420511126670 activity_create_time|2420517337753 activity_resume_time_start_time|2420536075586 timestamp|1780192269612
05-31 09:51:14.759  8035  8087 P Quality : 09 02 info processName|uii.ang.bilitv component_name|uii.ang.bilitv/com.bilibili.tv.ui.history.HistorySideActivity at_handle_launch_time|2425651396085 activity_create_time|2425658335085 activity_resume_time_start_time|2425683165502 timestamp|1780192274759
05-31 09:51:16.508  8035  8087 P Quality : 09 02 info processName|uii.ang.bilitv component_name|uii.ang.bilitv/com.bilibili.tv.ui.video.VideoDetailActivity at_handle_launch_time|2427353686668 activity_create_time|2427360683501 activity_resume_time_start_time|2427432354168 timestamp|1780192276508
05-31 09:51:17.698  8035  8087 P Quality : 09 02 info processName|uii.ang.bilitv component_name|uii.ang.bilitv/com.bilibili.tv.player.PlayerActivity at_handle_launch_time|2428561625084 activity_create_time|2428571208834 activity_resume_time_start_time|2428621611251 timestamp|1780192277698
05-31 09:51:27.689  8035  8087 P Quality : 09 02 info processName|uii.ang.bilitv component_name|uii.ang.bilitv/com.bilibili.tv.ui.setting.SettingActivity at_handle_launch_time|2438590619165 activity_create_time|2438597249749 activity_resume_time_start_time|2438613287582 timestamp|1780192287689
05-31 09:51:32.667  8035  8087 P Quality : 09 02 info processName|uii.ang.bilitv component_name|uii.ang.bilitv/com.bilibili.tv.ui.splash.SplashActivity at_handle_launch_time|2443460401831 activity_create_time|2443482198914 activity_resume_time_start_time|2443591087081 timestamp|1780192292667
05-31 09:51:33.587  8035  8087 P Quality : 09 02 info processName|uii.ang.bilitv component_name|uii.ang.bilitv/com.bilibili.tv.ui.main.MainActivity at_handle_launch_time|2444436224331 activity_create_time|2444443720414 activity_resume_time_start_time|2444511468581 timestamp|1780192293587
05-31 09:51:36.539  8035  8087 P Quality : 09 02 info processName|uii.ang.bilitv component_name|uii.ang.bilitv/com.bilibili.tv.ui.history.HistorySideActivity at_handle_launch_time|2447433856413 activity_create_time|2447440949830 activity_resume_time_start_time|2447462934747 timestamp|1780192296539
05-31 09:51:39.366  8035  8087 P Quality : 09 02 info processName|uii.ang.bilitv component_name|uii.ang.bilitv/com.bilibili.tv.ui.live.player.LivePlayerActivity at_handle_launch_time|2450010863579 activity_create_time|2450018631496 activity_resume_time_start_time|2450289864579 timestamp|1780192299366
05-31 09:51:55.305  8035  8087 P Quality : 09 02 info processName|uii.ang.bilitv component_name|uii.ang.bilitv/com.bilibili.tv.ui.live.player.LivePlayerActivity at_handle_launch_time|2465802786826 activity_create_time|2465809494492 activity_resume_time_start_time|2466228372159 timestamp|1780192315304
05-31 09:51:55.319  8035  8087 P Quality : 09 03 info 1780192315319 procName:uii.ang.bilitv 2 what:159,target:android.app.ActivityThread$H $ latencyTime:5,WallTime:441 $ allocWait:0,ionwait:0,dstate:0,sched:0,iowait:0 $ uii.ang.bilitv/com.bilibili.tv.ui.live.player.LivePlayerActivity
05-31 09:51:55.319  8035  8035 W Looper  : Slow delivery took 446ms main h=android.app.ActivityThread$H c=null m=159
05-31 09:51:55.320  8035  8087 P Quality : 09 03 info 1780192315319 procName:uii.ang.bilitv 1 what:159,target:android.app.ActivityThread$H what:159,target:android.app.ActivityThread$H,maxWallTime:685 latencyTime:446,WallTime:0 $ $ $ uii.ang.bilitv/com.bilibili.tv.ui.live.player.LivePlayerActivity
05-31 09:51:55.320  8035  8087 P Quality : 09 03 info 1780192255817 procName:uii.ang.bilitv 1 callback:bl.an$a$2,target:android.os.Handler what:159,target:android.app.ActivityThread$H,maxWallTime:685 latencyTime:441,WallTime:0,normalLatencySlowTimes:10 $ $ $ $
05-31 09:51:55.367  8035  8035 W Looper  : Drained
05-31 09:52:03.723  8035  8087 P Quality : 09 02 info processName|uii.ang.bilitv component_name|uii.ang.bilitv/com.bilibili.tv.ui.live.player.LivePlayerActivity at_handle_launch_time|2474163141574 activity_create_time|2474169342157 activity_resume_time_start_time|2474647496740 timestamp|1780192323723
05-31 09:52:03.736  8035  8087 P Quality : 09 03 info 1780192323736 procName:uii.ang.bilitv 2 what:159,target:android.app.ActivityThread$H $ latencyTime:5,WallTime:498 $ allocWait:0,ionwait:0,dstate:0,sched:0,iowait:0 $ uii.ang.bilitv/com.bilibili.tv.ui.live.player.LivePlayerActivity
05-31 09:52:03.737  8035  8035 W Looper  : Slow delivery took 503ms main h=android.app.ActivityThread$H c=null m=159
05-31 09:52:03.737  8035  8087 P Quality : 09 03 info 1780192323737 procName:uii.ang.bilitv 1 what:159,target:android.app.ActivityThread$H what:159,target:android.app.ActivityThread$H,maxWallTime:685 latencyTime:503,WallTime:0 $ $ $ uii.ang.bilitv/com.bilibili.tv.ui.live.player.LivePlayerActivity
05-31 09:52:03.737  8035  8087 P Quality : 09 03 info 1780192323737 procName:uii.ang.bilitv 1 callback:bl.an$a$2,target:android.os.Handler what:159,target:android.app.ActivityThread$H,maxWallTime:685 latencyTime:478,WallTime:0,normalLatencySlowTimes:10 $ $ $ $
05-31 09:52:03.738  8035  8035 W Looper  : Drained
05-31 09:52:12.057  8035  8087 P Quality : 09 02 info processName|uii.ang.bilitv component_name|uii.ang.bilitv/com.bilibili.tv.ui.history.HistorySideActivity at_handle_launch_time|2482952407988 activity_create_time|2482959747905 activity_resume_time_start_time|2482980474071 timestamp|1780192332056
05-31 09:52:13.382  8035  8087 P Quality : 09 02 info processName|uii.ang.bilitv component_name|uii.ang.bilitv/com.bilibili.tv.ui.video.VideoDetailActivity at_handle_launch_time|2484242796571 activity_create_time|2484250100571 activity_resume_time_start_time|2484306040905 timestamp|1780192333382
05-31 09:52:14.646  8035  8087 P Quality : 09 02 info processName|uii.ang.bilitv component_name|uii.ang.bilitv/com.bilibili.tv.player.PlayerActivity at_handle_launch_time|2485523873654 activity_create_time|2485533875154 activity_resume_time_start_time|2485570008821 timestamp|1780192334646
05-31 09:52:21.084  8035  8035 W ViewRootImpl[HistorySideActivity]: Cancelling event (no window focus):KeyEvent { action=ACTION_UP, keyCode=4151, scanCode=701, metaState=0, flags=0x28, repeatCount=0, eventTime=2491995, downTime=2491954, deviceId=5, source=0x301, displayId=-1 }
05-31 09:52:21.084  8035  8035 I chatty  : uid=10090(uii.ang.bilitv) identical 4 lines
05-31 09:52:21.084  8035  8035 W ViewRootImpl[HistorySideActivity]: Cancelling event (no window focus):KeyEvent { action=ACTION_UP, keyCode=4151, scanCode=701, metaState=0, flags=0x28, repeatCount=0, eventTime=2491995, downTime=2491954, deviceId=5, source=0x301, displayId=-1 }
05-31 09:52:21.238  8035  8262 D ActivityThread: scheduleSwapoutMem: com.bilibili.tv.ui.main.MainActivity@4772f3c
05-31 09:52:21.360  8035  8052 D ActivityThread: scheduleSwapoutMem: com.bilibili.tv.ui.history.HistorySideActivity@20df8df
05-31 09:57:23.428  9812  9854 P Quality : 09 02 info processName|uii.ang.bilitv component_name|uii.ang.bilitv/com.bilibili.tv.ui.splash.SplashActivity at_handle_launch_time|2794219926747 activity_create_time|2794250693247 activity_resume_time_start_time|2794351873081 timestamp|1780192643428
05-31 09:57:23.522  9812  9860 I TclWifiFrameworkFactoryImpl: getInstance WifiManager
05-31 09:57:23.593  9812  9812 W Looper  : Slow delivery took 654ms main h=android.app.ActivityThread$H c=null m=159
05-31 09:57:23.597  9812  9812 W Looper  : Drained
05-31 09:57:23.635  9812  9854 P Quality : 09 03 info 1780192643593 procName:uii.ang.bilitv 1 what:159,target:android.app.ActivityThread$H what:0,target:android.view.Choreographer$FrameHandler,maxWallTime:121 latencyTime:654,WallTime:1 $ $ $ uii.ang.bilitv/com.bilibili.tv.ui.splash.SplashActivity
05-31 09:57:24.398  9812  9854 P Quality : 09 02 info processName|uii.ang.bilitv component_name|uii.ang.bilitv/com.bilibili.tv.ui.main.MainActivity at_handle_launch_time|2795229458080 activity_create_time|2795238660414 activity_resume_time_start_time|2795322000664 timestamp|1780192644398
05-31 09:57:24.701  9812  9812 W Looper  : Slow delivery took 403ms main h=android.app.ActivityThread$H c=null m=159
05-31 09:57:24.701  9812  9854 P Quality : 09 03 info 1780192644700 procName:uii.ang.bilitv 1 what:159,target:android.app.ActivityThread$H what:0,target:android.view.Choreographer$FrameHandler,maxWallTime:287 latencyTime:403,WallTime:0 $ $ $ uii.ang.bilitv/com.bilibili.tv.ui.main.MainActivity
05-31 09:57:25.055  9812  9854 P Quality : 09 03 info 1780192645053 procName:uii.ang.bilitv 2 callback:android.view.Choreographer$FrameDisplayEventReceiver,target:android.view.Choreographer$FrameHandler $ latencyTime:15,WallTime:317 $ allocWait:-1,ionwait:-1,dstate:-1,sched:-1,iowait:-1 viewTitle:uii.ang.bilitv/com.bilibili.tv.ui.main.MainActivity $
05-31 09:57:25.057  9812  9854 P Quality : 09 03 info 1780192643593 procName:uii.ang.bilitv 1 callback:android.app.-$$Lambda$LoadedApk$ReceiverDispatcher$Args$_BumDX2UKsnxLVrE6UJsJZkotuA,target:android.app.ActivityThread$H what:0,target:android.view.Choreographer$FrameHandler,maxWallTime:121 latencyTime:552,WallTime:0,normalLatencySlowTimes:10 $ $ $ $
05-31 09:57:25.103  9812  9854 P Quality : 09 03 info 1780192645102 procName:uii.ang.bilitv 1 what:159,target:android.app.ActivityThread$H callback:android.view.Choreographer$FrameDisplayEventReceiver,target:android.view.Choreographer$FrameHandler,maxWallTime:20 latencyTime:345,WallTime:19 $ $ $ $
05-31 09:57:25.103  9812  9854 P Quality : 09 03 info 1780192645102 procName:uii.ang.bilitv 1 callback:bl.an$a$2,target:android.os.Handler callback:android.view.Choreographer$FrameDisplayEventReceiver,target:android.view.Choreographer$FrameHandler,maxWallTime:20 latencyTime:350,WallTime:0,normalLatencySlowTimes:10 $ $ $ $
05-31 09:57:25.105  9812  9854 P Quality : 09 03 info 1780192645103 procName:uii.ang.bilitv 1 callback:bl.an$a$2,target:android.os.Handler callback:android.view.Choreographer$FrameDisplayEventReceiver,target:android.view.Choreographer$FrameHandler,maxWallTime:20 latencyTime:317,WallTime:0,normalLatencySlowTimes:10 $ $ $ $
05-31 09:57:25.463  9812  9854 P Quality : 09 03 info 1780192645461 procName:uii.ang.bilitv 2 callback:android.view.Choreographer$FrameDisplayEventReceiver,target:android.view.Choreographer$FrameHandler $ latencyTime:32,WallTime:349 $ allocWait:0,ionwait:0,dstate:0,sched:2,iowait:0 viewTitle:uii.ang.bilitv/com.bilibili.tv.ui.main.MainActivity $
05-31 09:57:25.473  9812  9854 P Quality : 09 03 info 1780192645462 procName:uii.ang.bilitv 1 what:65,target:com.android.internal.view.IInputConnectionWrapper$MyHandler callback:android.view.Choreographer$FrameDisplayEventReceiver,target:android.view.Choreographer$FrameHandler,maxWallTime:349 latencyTime:383,WallTime:0,normalLatencySlowTimes:10 $ $ $ $
05-31 09:57:25.474  9812  9854 P Quality : 09 03 info 1780192645470 procName:uii.ang.bilitv 1 callback:bl.an$a$2,target:android.os.Handler callback:android.view.Choreographer$FrameDisplayEventReceiver,target:android.view.Choreographer$FrameHandler,maxWallTime:349 latencyTime:350,WallTime:0,normalLatencySlowTimes:10 $ $ $ $
05-31 09:57:25.474  9812  9854 P Quality : 09 03 info 1780192645471 procName:uii.ang.bilitv 1 callback:bl.an$a$2,target:android.os.Handler callback:android.view.Choreographer$FrameDisplayEventReceiver,target:android.view.Choreographer$FrameHandler,maxWallTime:349 latencyTime:337,WallTime:0,normalLatencySlowTimes:10 $ $ $ $
05-31 09:57:25.474  9812  9854 P Quality : 09 03 info 1780192645471 procName:uii.ang.bilitv 1 callback:bl.an$a$2,target:android.os.Handler callback:android.view.Choreographer$FrameDisplayEventReceiver,target:android.view.Choreographer$FrameHandler,maxWallTime:349 latencyTime:323,WallTime:0,normalLatencySlowTimes:10 $ $ $ $
05-31 09:57:25.676  9901  9964 I TclWifiFrameworkFactoryImpl: getInstance WifiManager
05-31 09:57:25.759  9812  9812 W Looper  : Drained
05-31 09:57:25.962  9812  9824 P Quality : 07 02 block_gc block_gc uii.ang.bilitv 9812 9345112 904
05-31 09:57:28.832  9812  9854 P Quality : 09 02 info processName|uii.ang.bilitv component_name|uii.ang.bilitv/com.bilibili.tv.ui.history.HistorySideActivity at_handle_launch_time|2799723334663 activity_create_time|2799728853246 activity_resume_time_start_time|2799756553329 timestamp|1780192648832
05-31 09:57:29.314  9812  9812 W Looper  : Slow delivery took 367ms main h=android.view.ViewRootImpl$ViewRootHandler c=null m=6
05-31 09:57:29.344  9812  9812 W Looper  : Drained
05-31 09:57:30.943  9812  9854 P Quality : 09 02 info processName|uii.ang.bilitv component_name|uii.ang.bilitv/com.bilibili.tv.ui.video.VideoDetailActivity at_handle_launch_time|2801779219162 activity_create_time|2801784919829 activity_resume_time_start_time|2801866782495 timestamp|1780192650943
05-31 09:57:32.399  9812  9854 P Quality : 09 02 info processName|uii.ang.bilitv component_name|uii.ang.bilitv/com.bilibili.tv.player.PlayerActivity at_handle_launch_time|2803260592078 activity_create_time|2803267064328 activity_resume_time_start_time|2803321946412 timestamp|1780192652399
05-31 09:57:40.519  9812  9854 P Quality : 09 02 info processName|uii.ang.bilitv component_name|uii.ang.bilitv/com.bilibili.tv.ui.setting.SettingActivity at_handle_launch_time|2811416466410 activity_create_time|2811424272660 activity_resume_time_start_time|2811443310910 timestamp|1780192660519
05-31 09:57:49.843  9812  9854 P Quality : 09 02 info processName|uii.ang.bilitv component_name|uii.ang.bilitv/com.bilibili.tv.ui.live.player.LivePlayerActivity at_handle_launch_time|2820479711991 activity_create_time|2820485067824 activity_resume_time_start_time|2820766836324 timestamp|1780192669843
05-31 09:57:49.856  9812  9812 W Looper  : Slow delivery took 307ms main h=android.app.ActivityThread$H c=null m=159
05-31 09:57:49.857  9812  9854 P Quality : 09 03 info 1780192669856 procName:uii.ang.bilitv 1 what:159,target:android.app.ActivityThread$H callback:android.view.Choreographer$FrameDisplayEventReceiver,target:android.view.Choreographer$FrameHandler,maxWallTime:349 latencyTime:307,WallTime:0 $ $ $ uii.ang.bilitv/com.bilibili.tv.ui.live.player.LivePlayerActivity
05-31 09:57:49.952  9812  9812 W Looper  : Drained
05-31 09:58:01.559  9812  9854 P Quality : 09 02 info processName|uii.ang.bilitv component_name|uii.ang.bilitv/com.bilibili.tv.ui.setting.SettingActivity at_handle_launch_time|2832460691405 activity_create_time|2832465858072 activity_resume_time_start_time|2832483581155 timestamp|1780192681559
05-31 09:58:06.772  9812  9854 P Quality : 09 02 info processName|uii.ang.bilitv component_name|uii.ang.bilitv/com.bilibili.tv.ui.live.player.LivePlayerActivity at_handle_launch_time|2837396706404 activity_create_time|2837402413070 activity_resume_time_start_time|2837695721404 timestamp|1780192686771
05-31 09:58:06.786  9812  9854 P Quality : 09 03 info 1780192686786 procName:uii.ang.bilitv 2 what:159,target:android.app.ActivityThread$H $ latencyTime:3,WallTime:313 $ allocWait:0,ionwait:0,dstate:0,sched:0,iowait:0 $ uii.ang.bilitv/com.bilibili.tv.ui.live.player.LivePlayerActivity
05-31 09:58:06.786  9812  9812 W Looper  : Slow delivery took 317ms main h=android.app.ActivityThread$H c=null m=159
05-31 09:58:06.787  9812  9854 P Quality : 09 03 info 1780192686786 procName:uii.ang.bilitv 1 what:159,target:android.app.ActivityThread$H callback:android.view.Choreographer$FrameDisplayEventReceiver,target:android.view.Choreographer$FrameHandler,maxWallTime:349 latencyTime:317,WallTime:0 $ $ $ uii.ang.bilitv/com.bilibili.tv.ui.live.player.LivePlayerActivity
05-31 09:58:06.869  9812  9812 W Looper  : Drained
05-31 09:58:22.278  9812  9812 W ViewRootImpl[MainActivity]: Cancelling event (no window focus):KeyEvent { action=ACTION_UP, keyCode=KEYCODE_BACK, scanCode=158, metaState=0, flags=0x28, repeatCount=0, eventTime=2853197, downTime=2853162, deviceId=5, source=0x301, displayId=-1 }
05-31 09:58:22.278  9812  9812 I chatty  : uid=10090(uii.ang.bilitv) identical 4 lines
05-31 09:58:22.278  9812  9812 W ViewRootImpl[MainActivity]: Cancelling event (no window focus):KeyEvent { action=ACTION_UP, keyCode=KEYCODE_BACK, scanCode=158, metaState=0, flags=0x28, repeatCount=0, eventTime=2853197, downTime=2853162, deviceId=5, source=0x301, displayId=-1 }
05-31 09:58:23.269  9812  9854 P Quality : 09 02 info processName|uii.ang.bilitv component_name|uii.ang.bilitv/com.bilibili.tv.ui.splash.SplashActivity at_handle_launch_time|2854060930983 activity_create_time|2854083111566 activity_resume_time_start_time|2854193533816 timestamp|1780192703269
05-31 09:58:24.157  9812  9854 P Quality : 09 02 info processName|uii.ang.bilitv component_name|uii.ang.bilitv/com.bilibili.tv.ui.main.MainActivity at_handle_launch_time|2855037108899 activity_create_time|2855048178566 activity_resume_time_start_time|2855080791399 timestamp|1780192704156
05-31 09:58:25.061  9812  9854 P Quality : 09 03 info 1780192705060 procName:uii.ang.bilitv 2 callback:android.view.Choreographer$FrameDisplayEventReceiver,target:android.view.Choreographer$FrameHandler $ latencyTime:15,WallTime:448 $ allocWait:0,ionwait:0,dstate:0,sched:0,iowait:0 viewTitle:uii.ang.bilitv/com.bilibili.tv.ui.main.MainActivity $
05-31 09:58:25.123  9812  9812 W Looper  : Slow delivery took 504ms main h=android.view.ViewRootImpl$ViewRootHandler c=android.view.View$SendViewScrolledAccessibilityEvent@a7a390 m=0
05-31 09:58:25.125  9812  9854 P Quality : 09 03 info 1780192705123 procName:uii.ang.bilitv 1 callback:bl.an$a$2,target:android.os.Handler callback:android.view.Choreographer$FrameDisplayEventReceiver,target:android.view.Choreographer$FrameHandler,maxWallTime:448 latencyTime:505,WallTime:0,normalLatencySlowTimes:10 $ $ $ $
05-31 09:58:25.125  9812  9854 P Quality : 09 03 info 1780192705125 procName:uii.ang.bilitv 1 callback:bl.an$a$2,target:android.os.Handler callback:android.view.Choreographer$FrameDisplayEventReceiver,target:android.view.Choreographer$FrameHandler,maxWallTime:448 latencyTime:492,WallTime:0,normalLatencySlowTimes:10 $ $ $ $
05-31 09:58:25.125  9812  9854 P Quality : 09 03 info 1780192705125 procName:uii.ang.bilitv 1 callback:bl.an$a$2,target:android.os.Handler callback:android.view.Choreographer$FrameDisplayEventReceiver,target:android.view.Choreographer$FrameHandler,maxWallTime:448 latencyTime:477,WallTime:0,normalLatencySlowTimes:10 $ $ $ $
05-31 09:58:25.126  9812  9854 P Quality : 09 03 info 1780192705125 procName:uii.ang.bilitv 1 callback:com.facebook.datasource.AbstractDataSource$2,target:android.os.Handler callback:android.view.Choreographer$FrameDisplayEventReceiver,target:android.view.Choreographer$FrameHandler,maxWallTime:448 latencyTime:462,WallTime:0,normalLatencySlowTimes:10 $ $ $ $
05-31 09:58:25.126  9812  9854 P Quality : 09 03 info 1780192705126 procName:uii.ang.bilitv 1 callback:bl.an$a$2,target:android.os.Handler callback:android.view.Choreographer$FrameDisplayEventReceiver,target:android.view.Choreographer$FrameHandler,maxWallTime:448 latencyTime:432,WallTime:0,normalLatencySlowTimes:10 $ $ $ $
05-31 09:58:25.127  9812  9854 P Quality : 09 03 info 1780192705126 procName:uii.ang.bilitv 1 callback:bl.an$a$2,target:android.os.Handler callback:android.view.Choreographer$FrameDisplayEventReceiver,target:android.view.Choreographer$FrameHandler,maxWallTime:448 latencyTime:419,WallTime:0,normalLatencySlowTimes:10 $ $ $ $
05-31 09:58:25.128  9812  9854 P Quality : 09 03 info 1780192705127 procName:uii.ang.bilitv 1 callback:bl.an$a$2,target:android.os.Handler callback:android.view.Choreographer$FrameDisplayEventReceiver,target:android.view.Choreographer$FrameHandler,maxWallTime:448 latencyTime:395,WallTime:0,normalLatencySlowTimes:10 $ $ $ $
05-31 09:58:25.128  9812  9854 P Quality : 09 03 info 1780192705127 procName:uii.ang.bilitv 1 callback:bl.an$a$2,target:android.os.Handler callback:android.view.Choreographer$FrameDisplayEventReceiver,target:android.view.Choreographer$FrameHandler,maxWallTime:448 latencyTime:380,WallTime:0,normalLatencySlowTimes:10 $ $ $ $
05-31 09:58:25.128  9812  9854 P Quality : 09 03 info 1780192705128 procName:uii.ang.bilitv 1 callback:com.facebook.datasource.AbstractDataSource$2,target:android.os.Handler callback:android.view.Choreographer$FrameDisplayEventReceiver,target:android.view.Choreographer$FrameHandler,maxWallTime:448 latencyTime:362,WallTime:0,normalLatencySlowTimes:10 $ $ $ $
05-31 09:58:25.128  9812  9854 P Quality : 09 03 info 1780192705128 procName:uii.ang.bilitv 1 callback:com.facebook.datasource.AbstractDataSource$2,target:android.os.Handler callback:android.view.Choreographer$FrameDisplayEventReceiver,target:android.view.Choreographer$FrameHandler,maxWallTime:448 latencyTime:348,WallTime:0,normalLatencySlowTimes:10 $ $ $ $
05-31 09:58:25.128  9812  9854 P Quality : 09 03 info 1780192705128 procName:uii.ang.bilitv 1 callback:com.facebook.datasource.AbstractDataSource$2,target:android.os.Handler callback:android.view.Choreographer$FrameDisplayEventReceiver,target:android.view.Choreographer$FrameHandler,maxWallTime:448 latencyTime:343,WallTime:0,normalLatencySlowTimes:10 $ $ $ $
05-31 09:58:25.132  9812  9854 P Quality : 09 03 info 1780192705128 procName:uii.ang.bilitv 1 callback:com.facebook.datasource.AbstractDataSource$2,target:android.os.Handler callback:android.view.Choreographer$FrameDisplayEventReceiver,target:android.view.Choreographer$FrameHandler,maxWallTime:448 latencyTime:336,WallTime:0,normalLatencySlowTimes:10 $ $ $ $
05-31 09:58:25.132  9812  9854 P Quality : 09 03 info 1780192705128 procName:uii.ang.bilitv 1 callback:com.facebook.datasource.AbstractDataSource$2,target:android.os.Handler callback:android.view.Choreographer$FrameDisplayEventReceiver,target:android.view.Choreographer$FrameHandler,maxWallTime:448 latencyTime:335,WallTime:0,normalLatencySlowTimes:10 $ $ $ $
05-31 09:58:25.132  9812  9854 P Quality : 09 03 info 1780192705129 procName:uii.ang.bilitv 1 callback:com.facebook.datasource.AbstractDataSource$2,target:android.os.Handler callback:android.view.Choreographer$FrameDisplayEventReceiver,target:android.view.Choreographer$FrameHandler,maxWallTime:448 latencyTime:331,WallTime:0,normalLatencySlowTimes:10 $ $ $ $
05-31 09:58:25.132  9812  9854 P Quality : 09 03 info 1780192705129 procName:uii.ang.bilitv 1 callback:bl.an$a$2,target:android.os.Handler callback:android.view.Choreographer$FrameDisplayEventReceiver,target:android.view.Choreographer$FrameHandler,maxWallTime:448 latencyTime:314,WallTime:0,normalLatencySlowTimes:10 $ $ $ $
05-31 09:58:25.132  9812  9854 P Quality : 09 03 info 1780192705130 procName:uii.ang.bilitv 1 callback:com.facebook.datasource.AbstractDataSource$2,target:android.os.Handler callback:android.view.Choreographer$FrameDisplayEventReceiver,target:android.view.Choreographer$FrameHandler,maxWallTime:448 latencyTime:311,WallTime:0,normalLatencySlowTimes:10 $ $ $ $
05-31 09:58:25.132  9812  9854 P Quality : 09 03 info 1780192705130 procName:uii.ang.bilitv 1 callback:com.facebook.datasource.AbstractDataSource$2,target:android.os.Handler callback:android.view.Choreographer$FrameDisplayEventReceiver,target:android.view.Choreographer$FrameHandler,maxWallTime:448 latencyTime:305,WallTime:0,normalLatencySlowTimes:10 $ $ $ $
05-31 09:58:25.141  9812  9812 W Looper  : Drained
05-31 09:58:28.806  9812  9854 P Quality : 09 02 info processName|uii.ang.bilitv component_name|uii.ang.bilitv/com.bilibili.tv.ui.live.player.LivePlayerActivity at_handle_launch_time|2859437640315 activity_create_time|2859444782232 activity_resume_time_start_time|2859730191565 timestamp|1780192708806
05-31 09:58:28.820  9812  9854 P Quality : 09 03 info 1780192708819 procName:uii.ang.bilitv 2 what:159,target:android.app.ActivityThread$H $ latencyTime:4,WallTime:306 $ allocWait:0,ionwait:0,dstate:0,sched:0,iowait:0 $ uii.ang.bilitv/com.bilibili.tv.ui.live.player.LivePlayerActivity
05-31 09:58:28.820  9812  9812 W Looper  : Slow delivery took 311ms main h=android.app.ActivityThread$H c=null m=159
05-31 09:58:28.820  9812  9854 P Quality : 09 03 info 1780192708820 procName:uii.ang.bilitv 1 what:159,target:android.app.ActivityThread$H callback:android.view.Choreographer$FrameDisplayEventReceiver,target:android.view.Choreographer$FrameHandler,maxWallTime:448 latencyTime:311,WallTime:0 $ $ $ uii.ang.bilitv/com.bilibili.tv.ui.live.player.LivePlayerActivity
05-31 09:58:28.821  9812  9812 W Looper  : Drained
05-31 09:58:39.413  9812  9854 P Quality : 09 02 info processName|uii.ang.bilitv component_name|uii.ang.bilitv/com.bilibili.tv.ui.setting.SettingActivity at_handle_launch_time|2870317077646 activity_create_time|2870322228979 activity_resume_time_start_time|2870337466312 timestamp|1780192719413
05-31 09:58:40.985  9812  9878 D ActivityThread: scheduleSwapoutMem: com.bilibili.tv.ui.main.MainActivity@32106e8
05-31 09:58:41.555  9812  9812 W Looper  : Slow delivery took 412ms main h=android.view.ViewRootImpl$ViewRootHandler c=android.view.ViewRootImpl$ConsumeBatchedInputImmediatelyRunnable@b2709a9 m=0
05-31 09:58:42.368  9812  9812 W Looper  : Slow dispatch took 506ms main h=android.view.ViewRootImpl$ViewRootHandler c=null m=31
05-31 09:58:42.377  9812  9812 W Looper  : Drained
05-31 09:59:29.365  9812  9854 P Quality : 09 02 info processName|uii.ang.bilitv component_name|uii.ang.bilitv/com.bilibili.tv.ui.history.HistorySideActivity at_handle_launch_time|2920255986884 activity_create_time|2920263621467 activity_resume_time_start_time|2920288878967 timestamp|1780192769365
05-31 09:59:32.126  9812  9854 P Quality : 09 02 info processName|uii.ang.bilitv component_name|uii.ang.bilitv/com.bilibili.tv.ui.live.player.LivePlayerActivity at_handle_launch_time|2922671429800 activity_create_time|2922677216967 activity_resume_time_start_time|2923049612967 timestamp|1780192772126
05-31 09:59:32.140  9812  9854 P Quality : 09 03 info 1780192772140 procName:uii.ang.bilitv 2 what:159,target:android.app.ActivityThread$H $ latencyTime:5,WallTime:392 $ allocWait:0,ionwait:0,dstate:0,sched:0,iowait:0 $ uii.ang.bilitv/com.bilibili.tv.ui.live.player.LivePlayerActivity
05-31 09:59:32.140  9812  9812 W Looper  : Slow delivery took 398ms main h=android.app.ActivityThread$H c=null m=159
05-31 09:59:32.140  9812  9854 P Quality : 09 03 info 1780192772140 procName:uii.ang.bilitv 1 what:159,target:android.app.ActivityThread$H callback:android.view.Choreographer$FrameDisplayEventReceiver,target:android.view.Choreographer$FrameHandler,maxWallTime:448 latencyTime:398,WallTime:0 $ $ $ uii.ang.bilitv/com.bilibili.tv.ui.live.player.LivePlayerActivity
05-31 09:59:32.141  9812  9854 P Quality : 09 03 info 1780192772140 procName:uii.ang.bilitv 1 callback:bl.an$a$2,target:android.os.Handler callback:android.view.Choreographer$FrameDisplayEventReceiver,target:android.view.Choreographer$FrameHandler,maxWallTime:448 latencyTime:374,WallTime:0,normalLatencySlowTimes:10 $ $ $ $
05-31 09:59:32.199  9812  9812 W Looper  : Drained
05-31 09:59:44.416  9812  9828 D ActivityThread: scheduleSwapoutMem: com.bilibili.tv.ui.main.MainActivity@32106e8
05-31 09:59:44.701  9812  9828 D ActivityThread: scheduleSwapoutMem: com.bilibili.tv.ui.history.HistorySideActivity@ba3107a
05-31 10:00:59.501  9812  9854 P Quality : 09 02 info processName|uii.ang.bilitv component_name|uii.ang.bilitv/com.bilibili.tv.ui.attention.AttentionDynamicSideActivity at_handle_launch_time|3010400707862 activity_create_time|3010407192279 activity_resume_time_start_time|3010425469029 timestamp|1780192859501
05-31 10:01:11.279  9812  9854 P Quality : 09 02 info processName|uii.ang.bilitv component_name|uii.ang.bilitv/com.bilibili.tv.ui.live.player.LivePlayerActivity at_handle_launch_time|3021797818110 activity_create_time|3021803498110 activity_resume_time_start_time|3022202794693 timestamp|1780192871279
05-31 10:01:11.293  9812  9854 P Quality : 09 03 info 1780192871293 procName:uii.ang.bilitv 2 what:159,target:android.app.ActivityThread$H $ latencyTime:5,WallTime:419 $ allocWait:0,ionwait:0,dstate:0,sched:0,iowait:0 $ uii.ang.bilitv/com.bilibili.tv.ui.live.player.LivePlayerActivity
05-31 10:01:11.293  9812  9812 W Looper  : Slow delivery took 425ms main h=android.app.ActivityThread$H c=null m=159
05-31 10:01:11.293  9812  9854 P Quality : 09 03 info 1780192871293 procName:uii.ang.bilitv 1 what:159,target:android.app.ActivityThread$H callback:android.view.Choreographer$FrameDisplayEventReceiver,target:android.view.Choreographer$FrameHandler,maxWallTime:448 latencyTime:425,WallTime:0 $ $ $ uii.ang.bilitv/com.bilibili.tv.ui.live.player.LivePlayerActivity
05-31 10:01:11.293  9812  9854 P Quality : 09 03 info 1780192871293 procName:uii.ang.bilitv 1 callback:bl.an$a$2,target:android.os.Handler callback:android.view.Choreographer$FrameDisplayEventReceiver,target:android.view.Choreographer$FrameHandler,maxWallTime:448 latencyTime:400,WallTime:0,normalLatencySlowTimes:10 $ $ $ $
05-31 10:01:11.363  9812  9812 W Looper  : Drained
05-31 10:01:42.056  9812  9854 P Quality : 09 02 info processName|uii.ang.bilitv component_name|uii.ang.bilitv/com.bilibili.tv.ui.history.HistorySideActivity at_handle_launch_time|3052952124686 activity_create_time|3052958066686 activity_resume_time_start_time|3052980090102 timestamp|1780192902056
05-31 10:03:25.345  9812  9854 P Quality : 09 02 info processName|uii.ang.bilitv component_name|uii.ang.bilitv/com.bilibili.tv.ui.history.HistorySideActivity at_handle_launch_time|3156239773161 activity_create_time|3156245695411 activity_resume_time_start_time|3156267372578 timestamp|1780193005345
05-31 10:03:33.021  9812  9828 D ActivityThread: scheduleSwapoutMem: com.bilibili.tv.ui.main.MainActivity@32106e8
05-31 10:03:34.939  9812 10898 D ActivityThread: scheduleSwapoutMem: com.bilibili.tv.ui.history.HistorySideActivity@3cd544
05-31 10:09:59.808 11722 11765 P Quality : 09 02 info processName|uii.ang.bilitv component_name|uii.ang.bilitv/com.bilibili.tv.ui.splash.SplashActivity at_handle_launch_time|3550597270067 activity_create_time|3550630823317 activity_resume_time_start_time|3550731220234 timestamp|1780193399808
05-31 10:09:59.910 11722 11771 I TclWifiFrameworkFactoryImpl: getInstance WifiManager
05-31 10:09:59.984 11722 11722 W Looper  : Slow delivery took 676ms main h=android.app.ActivityThread$H c=null m=159
05-31 10:09:59.988 11722 11722 W Looper  : Drained
05-31 10:10:00.014 11722 11765 P Quality : 09 03 info 1780193399984 procName:uii.ang.bilitv 1 what:159,target:android.app.ActivityThread$H what:0,target:android.view.Choreographer$FrameHandler,maxWallTime:135 latencyTime:676,WallTime:1 $ $ $ uii.ang.bilitv/com.bilibili.tv.ui.splash.SplashActivity
05-31 10:10:00.771 11722 11765 P Quality : 09 02 info processName|uii.ang.bilitv component_name|uii.ang.bilitv/com.bilibili.tv.ui.main.MainActivity at_handle_launch_time|3551604925650 activity_create_time|3551611673233 activity_resume_time_start_time|3551695381983 timestamp|1780193400771
05-31 10:10:01.077 11722 11722 W Looper  : Slow delivery took 402ms main h=android.app.ActivityThread$H c=null m=159
05-31 10:10:01.077 11722 11765 P Quality : 09 03 info 1780193401076 procName:uii.ang.bilitv 1 what:159,target:android.app.ActivityThread$H what:0,target:android.view.Choreographer$FrameHandler,maxWallTime:289 latencyTime:402,WallTime:0 $ $ $ uii.ang.bilitv/com.bilibili.tv.ui.main.MainActivity
05-31 10:10:01.149 11722 11722 W Looper  : Drained
05-31 10:10:01.541 11722 11722 W Looper  : Slow delivery took 371ms main h=android.view.AccessibilityInteractionController$PrivateHandler c=null m=2
05-31 10:10:01.542 11722 11765 P Quality : 09 03 info 1780193401539 procName:uii.ang.bilitv 2 callback:android.view.Choreographer$FrameDisplayEventReceiver,target:android.view.Choreographer$FrameHandler $ latencyTime:1,WallTime:374 $ allocWait:-1,ionwait:-1,dstate:-1,sched:0,iowait:0 viewTitle:uii.ang.bilitv/com.bilibili.tv.ui.main.MainActivity $
05-31 10:10:01.552 11722 11765 P Quality : 09 03 info 1780193399984 procName:uii.ang.bilitv 1 callback:android.app.-$$Lambda$LoadedApk$ReceiverDispatcher$Args$_BumDX2UKsnxLVrE6UJsJZkotuA,target:android.app.ActivityThread$H what:0,target:android.view.Choreographer$FrameHandler,maxWallTime:135 latencyTime:574,WallTime:0,normalLatencySlowTimes:10 $ $ $ $
05-31 10:10:01.552 11722 11765 P Quality : 09 03 info 1780193401541 procName:uii.ang.bilitv 1 callback:bl.an$a$2,target:android.os.Handler callback:android.view.Choreographer$FrameDisplayEventReceiver,target:android.view.Choreographer$FrameHandler,maxWallTime:374 latencyTime:364,WallTime:0,normalLatencySlowTimes:10 $ $ $ $
05-31 10:10:01.552 11722 11765 P Quality : 09 03 info 1780193401542 procName:uii.ang.bilitv 1 callback:bl.an$a$2,target:android.os.Handler callback:android.view.Choreographer$FrameDisplayEventReceiver,target:android.view.Choreographer$FrameHandler,maxWallTime:374 latencyTime:331,WallTime:0,normalLatencySlowTimes:10 $ $ $ $
05-31 10:10:01.771 11811 11854 I TclWifiFrameworkFactoryImpl: getInstance WifiManager
05-31 10:10:01.802 11722 11722 W Looper  : Drained
05-31 10:10:02.157 11722 11765 P Quality : 09 03 info 1780193402157 procName:uii.ang.bilitv 2 callback:android.view.Choreographer$FrameDisplayEventReceiver,target:android.view.Choreographer$FrameHandler $ latencyTime:3,WallTime:338 $ allocWait:0,ionwait:0,dstate:0,sched:0,iowait:0 viewTitle:uii.ang.bilitv/com.bilibili.tv.ui.main.MainActivity $
05-31 10:10:02.158 11722 11722 W Looper  : Slow delivery took 358ms main h=android.os.Handler c=com.facebook.datasource.AbstractDataSource$2@9eda017 m=0
05-31 10:10:02.163 11722 11765 P Quality : 09 03 info 1780193402162 procName:uii.ang.bilitv 1 callback:com.facebook.datasource.AbstractDataSource$2,target:android.os.Handler callback:android.view.Choreographer$FrameDisplayEventReceiver,target:android.view.Choreographer$FrameHandler,maxWallTime:374 latencyTime:361,WallTime:0,normalLatencySlowTimes:10 $ $ $ $
05-31 10:10:02.164 11722 11765 P Quality : 09 03 info 1780193402163 procName:uii.ang.bilitv 1 callback:com.facebook.datasource.AbstractDataSource$2,target:android.os.Handler callback:android.view.Choreographer$FrameDisplayEventReceiver,target:android.view.Choreographer$FrameHandler,maxWallTime:374 latencyTime:360,WallTime:0,normalLatencySlowTimes:10 $ $ $ $
05-31 10:10:02.168 11722 11765 P Quality : 09 03 info 1780193402164 procName:uii.ang.bilitv 1 callback:com.facebook.datasource.AbstractDataSource$2,target:android.os.Handler callback:android.view.Choreographer$FrameDisplayEventReceiver,target:android.view.Choreographer$FrameHandler,maxWallTime:374 latencyTime:358,WallTime:0,normalLatencySlowTimes:10 $ $ $ $
05-31 10:10:02.168 11722 11765 P Quality : 09 03 info 1780193402167 procName:uii.ang.bilitv 1 callback:com.facebook.datasource.AbstractDataSource$2,target:android.os.Handler callback:android.view.Choreographer$FrameDisplayEventReceiver,target:android.view.Choreographer$FrameHandler,maxWallTime:374 latencyTime:351,WallTime:0,normalLatencySlowTimes:10 $ $ $ $
05-31 10:10:02.170 11722 11765 P Quality : 09 03 info 1780193402168 procName:uii.ang.bilitv 1 callback:com.facebook.datasource.AbstractDataSource$2,target:android.os.Handler callback:android.view.Choreographer$FrameDisplayEventReceiver,target:android.view.Choreographer$FrameHandler,maxWallTime:374 latencyTime:342,WallTime:1,normalLatencySlowTimes:10 $ $ $ $
05-31 10:10:02.172 11722 11765 P Quality : 09 03 info 1780193402168 procName:uii.ang.bilitv 1 callback:com.facebook.datasource.AbstractDataSource$2,target:android.os.Handler callback:android.view.Choreographer$FrameDisplayEventReceiver,target:android.view.Choreographer$FrameHandler,maxWallTime:374 latencyTime:333,WallTime:0,normalLatencySlowTimes:10 $ $ $ $
05-31 10:10:02.173 11722 11765 P Quality : 09 03 info 1780193402172 procName:uii.ang.bilitv 1 callback:com.facebook.datasource.AbstractDataSource$2,target:android.os.Handler callback:android.view.Choreographer$FrameDisplayEventReceiver,target:android.view.Choreographer$FrameHandler,maxWallTime:374 latencyTime:326,WallTime:0,normalLatencySlowTimes:10 $ $ $ $
05-31 10:10:02.174 11722 11765 P Quality : 09 03 info 1780193402173 procName:uii.ang.bilitv 1 callback:bl.an$a$2,target:android.os.Handler callback:android.view.Choreographer$FrameDisplayEventReceiver,target:android.view.Choreographer$FrameHandler,maxWallTime:374 latencyTime:322,WallTime:0,normalLatencySlowTimes:10 $ $ $ $
05-31 10:10:02.176 11722 11765 P Quality : 09 03 info 1780193402174 procName:uii.ang.bilitv 1 callback:bl.an$a$2,target:android.os.Handler callback:android.view.Choreographer$FrameDisplayEventReceiver,target:android.view.Choreographer$FrameHandler,maxWallTime:374 latencyTime:314,WallTime:0,normalLatencySlowTimes:10 $ $ $ $
05-31 10:10:02.205 11722 11722 W Looper  : Drained
05-31 10:10:03.995 11722 11765 P Quality : 09 02 info processName|uii.ang.bilitv component_name|uii.ang.bilitv/com.bilibili.tv.ui.setting.SettingActivity at_handle_launch_time|3554894412733 activity_create_time|3554902091066 activity_resume_time_start_time|3554918876983 timestamp|1780193403995
05-31 10:10:14.441 11722 11765 P Quality : 09 02 info processName|uii.ang.bilitv component_name|uii.ang.bilitv/com.bilibili.tv.ui.history.HistorySideActivity at_handle_launch_time|3565334949563 activity_create_time|3565340931563 activity_resume_time_start_time|3565364782813 timestamp|1780193414441
05-31 10:10:18.794 11722 11765 P Quality : 09 02 info processName|uii.ang.bilitv component_name|uii.ang.bilitv/com.bilibili.tv.ui.live.player.LivePlayerActivity at_handle_launch_time|3569352219146 activity_create_time|3569359767979 activity_resume_time_start_time|3569718458646 timestamp|1780193418794
05-31 10:10:18.808 11722 11722 W Looper  : Slow delivery took 385ms main h=android.app.ActivityThread$H c=null m=159
05-31 10:10:18.809 11722 11765 P Quality : 09 03 info 1780193418808 procName:uii.ang.bilitv 2 what:159,target:android.app.ActivityThread$H $ latencyTime:4,WallTime:380 $ allocWait:0,ionwait:0,dstate:0,sched:2,iowait:0 $ uii.ang.bilitv/com.bilibili.tv.ui.live.player.LivePlayerActivity
05-31 10:10:18.809 11722 11765 P Quality : 09 03 info 1780193418808 procName:uii.ang.bilitv 1 what:159,target:android.app.ActivityThread$H what:159,target:android.app.ActivityThread$H,maxWallTime:380 latencyTime:385,WallTime:0 $ $ $ uii.ang.bilitv/com.bilibili.tv.ui.live.player.LivePlayerActivity
05-31 10:10:18.809 11722 11765 P Quality : 09 03 info 1780193418808 procName:uii.ang.bilitv 1 callback:bl.an$a$2,target:android.os.Handler what:159,target:android.app.ActivityThread$H,maxWallTime:380 latencyTime:356,WallTime:0,normalLatencySlowTimes:10 $ $ $ $
05-31 10:10:18.903 11722 11722 W Looper  : Drained
05-31 10:10:26.472 11722 11765 P Quality : 09 02 info processName|uii.ang.bilitv component_name|uii.ang.bilitv/com.bilibili.tv.ui.live.player.LivePlayerActivity at_handle_launch_time|3577114105727 activity_create_time|3577120921144 activity_resume_time_start_time|3577396236144 timestamp|1780193426472
05-31 10:10:26.488 11722 11722 W Looper  : Slow delivery took 303ms main h=android.app.ActivityThread$H c=null m=159
05-31 10:10:26.488 11722 11765 P Quality : 09 03 info 1780193426488 procName:uii.ang.bilitv 1 what:159,target:android.app.ActivityThread$H what:159,target:android.app.ActivityThread$H,maxWallTime:380 latencyTime:303,WallTime:0 $ $ $ uii.ang.bilitv/com.bilibili.tv.ui.live.player.LivePlayerActivity
05-31 10:10:26.560 11722 11722 W Looper  : Drained
05-31 10:10:33.794 11722 11765 P Quality : 09 02 info processName|uii.ang.bilitv component_name|uii.ang.bilitv/com.bilibili.tv.ui.setting.SettingActivity at_handle_launch_time|3584695238809 activity_create_time|3584701030725 activity_resume_time_start_time|3584717977809 timestamp|1780193433794
05-31 10:10:39.644 11722 11765 P Quality : 09 02 info processName|uii.ang.bilitv component_name|uii.ang.bilitv/com.bilibili.tv.ui.live.player.LivePlayerActivity at_handle_launch_time|3590264909058 activity_create_time|3590271029474 activity_resume_time_start_time|3590568387307 timestamp|1780193439644
05-31 10:10:39.656 11722 11765 P Quality : 09 03 info 1780193439655 procName:uii.ang.bilitv 2 what:159,target:android.app.ActivityThread$H $ latencyTime:5,WallTime:315 $ allocWait:0,ionwait:0,dstate:0,sched:0,iowait:0 $ uii.ang.bilitv/com.bilibili.tv.ui.live.player.LivePlayerActivity
05-31 10:10:39.656 11722 11722 W Looper  : Slow delivery took 320ms main h=android.app.ActivityThread$H c=null m=159
05-31 10:10:39.656 11722 11765 P Quality : 09 03 info 1780193439656 procName:uii.ang.bilitv 1 what:159,target:android.app.ActivityThread$H what:159,target:android.app.ActivityThread$H,maxWallTime:380 latencyTime:320,WallTime:0 $ $ $ uii.ang.bilitv/com.bilibili.tv.ui.live.player.LivePlayerActivity
05-31 10:10:39.725 11722 11722 W Looper  : Drained
05-31 10:10:44.717 11722 11765 P Quality : 09 02 info processName|uii.ang.bilitv component_name|uii.ang.bilitv/com.bilibili.tv.ui.live.player.LivePlayerActivity at_handle_launch_time|3595315097140 activity_create_time|3595325162473 activity_resume_time_start_time|3595636143806 timestamp|1780193444717
05-31 10:10:44.725 11722 11722 W Looper  : Slow delivery took 348ms main h=android.app.ActivityThread$H c=null m=159
05-31 10:10:44.736 11722 11765 P Quality : 09 03 info 1780193444725 procName:uii.ang.bilitv 2 what:159,target:android.app.ActivityThread$H $ latencyTime:13,WallTime:334 $ allocWait:0,ionwait:0,dstate:0,sched:1,iowait:0 $ uii.ang.bilitv/com.bilibili.tv.ui.live.player.LivePlayerActivity
05-31 10:10:44.736 11722 11765 P Quality : 09 03 info 1780193444725 procName:uii.ang.bilitv 1 what:159,target:android.app.ActivityThread$H what:159,target:android.app.ActivityThread$H,maxWallTime:380 latencyTime:348,WallTime:0 $ $ $ uii.ang.bilitv/com.bilibili.tv.ui.live.player.LivePlayerActivity
05-31 10:10:44.819 11722 11765 P Quality : 09 03 info 1780193444818 procName:uii.ang.bilitv 1 callback:android.view.ViewRootImpl$SendWindowContentChangedAccessibilityEvent,target:android.view.ViewRootImpl$ViewRootHandler callback:android.view.Choreographer$FrameDisplayEventReceiver,target:android.view.Choreographer$FrameHandler,maxWallTime:90 latencyTime:415,WallTime:0,normalLatencySlowTimes:10 $ $ $ $
05-31 10:10:44.826 11722 11722 W Looper  : Drained
05-31 10:10:52.909 11722 11765 P Quality : 09 02 info processName|uii.ang.bilitv component_name|uii.ang.bilitv/com.bilibili.tv.ui.live.player.LivePlayerActivity at_handle_launch_time|3603508307221 activity_create_time|3603514582471 activity_resume_time_start_time|3603833300471 timestamp|1780193452909
05-31 10:10:52.923 11722 11722 W Looper  : Slow delivery took 343ms main h=android.app.ActivityThread$H c=null m=159
05-31 10:10:52.923 11722 11722 W Looper  : Drained
05-31 10:10:52.924 11722 11765 P Quality : 09 03 info 1780193452922 procName:uii.ang.bilitv 2 what:159,target:android.app.ActivityThread$H $ latencyTime:4,WallTime:339 $ allocWait:0,ionwait:0,dstate:0,sched:1,iowait:0 $ uii.ang.bilitv/com.bilibili.tv.ui.live.player.LivePlayerActivity
05-31 10:10:52.924 11722 11765 P Quality : 09 03 info 1780193452923 procName:uii.ang.bilitv 1 what:159,target:android.app.ActivityThread$H what:159,target:android.app.ActivityThread$H,maxWallTime:339 latencyTime:343,WallTime:0 $ $ $ uii.ang.bilitv/com.bilibili.tv.ui.live.player.LivePlayerActivity
05-31 10:10:52.924 11722 11765 P Quality : 09 03 info 1780193444819 procName:uii.ang.bilitv 1 callback:bl.an$a$2,target:android.os.Handler callback:android.view.Choreographer$FrameDisplayEventReceiver,target:android.view.Choreographer$FrameHandler,maxWallTime:90 latencyTime:403,WallTime:0,normalLatencySlowTimes:10 $ $ $ $
05-31 10:11:04.464 11722 11765 P Quality : 09 02 info processName|uii.ang.bilitv component_name|uii.ang.bilitv/com.bilibili.tv.ui.live.player.LivePlayerActivity at_handle_launch_time|3615093909885 activity_create_time|3615101668135 activity_resume_time_start_time|3615386174218 timestamp|1780193464464
05-31 10:11:04.474 11722 11722 W Looper  : Slow delivery took 314ms main h=android.app.ActivityThread$H c=null m=159
05-31 10:11:04.474 11722 11765 P Quality : 09 03 info 1780193464474 procName:uii.ang.bilitv 2 what:159,target:android.app.ActivityThread$H $ latencyTime:9,WallTime:304 $ allocWait:0,ionwait:0,dstate:0,sched:0,iowait:0 $ uii.ang.bilitv/com.bilibili.tv.ui.live.player.LivePlayerActivity
05-31 10:11:04.474 11722 11765 P Quality : 09 03 info 1780193464474 procName:uii.ang.bilitv 1 what:159,target:android.app.ActivityThread$H what:159,target:android.app.ActivityThread$H,maxWallTime:339 latencyTime:314,WallTime:0 $ $ $ uii.ang.bilitv/com.bilibili.tv.ui.live.player.LivePlayerActivity
05-31 10:11:04.546 11722 11765 P Quality : 09 03 info 1780193464545 procName:uii.ang.bilitv 1 callback:bl.an$a$2,target:android.os.Handler what:159,target:android.app.ActivityThread$H,maxWallTime:339 latencyTime:353,WallTime:0,normalLatencySlowTimes:10 $ $ $ $
05-31 10:11:04.553 11722 11722 W Looper  : Drained
05-31 10:11:20.475 11722 11739 D ActivityThread: scheduleSwapoutMem: com.bilibili.tv.ui.main.MainActivity@14fb0b8
05-31 10:11:20.812 11722 11722 W Looper  : Slow delivery took 337ms main h=android.view.ViewRootImpl$ViewRootHandler c=null m=31
05-31 10:11:21.190 11722 11722 W Looper  : Drained
05-31 10:18:09.636 12883 12926 P Quality : 09 02 info processName|uii.ang.bilitv component_name|uii.ang.bilitv/com.bilibili.tv.ui.splash.SplashActivity at_handle_launch_time|4040419147950 activity_create_time|4040451983950 activity_resume_time_start_time|4040554805283 timestamp|1780193889636
05-31 10:18:09.795 12883 12883 W Looper  : Slow delivery took 706ms main h=android.app.ActivityThread$H c=null m=159
05-31 10:18:09.797 12883 12883 W Looper  : Drained
05-31 10:18:09.800 12883 12932 I TclWifiFrameworkFactoryImpl: getInstance WifiManager
05-31 10:18:09.806 12883 12926 P Quality : 09 03 info 1780193889794 procName:uii.ang.bilitv 1 what:159,target:android.app.ActivityThread$H what:0,target:android.view.Choreographer$FrameHandler,maxWallTime:116 latencyTime:706,WallTime:0 $ $ $ uii.ang.bilitv/com.bilibili.tv.ui.splash.SplashActivity
05-31 10:18:10.604 12883 12926 P Quality : 09 02 info processName|uii.ang.bilitv component_name|uii.ang.bilitv/com.bilibili.tv.ui.main.MainActivity at_handle_launch_time|4041432914033 activity_create_time|4041441777533 activity_resume_time_start_time|4041527407367 timestamp|1780193890604
05-31 10:18:10.918 12883 12883 W Looper  : Slow delivery took 416ms main h=android.app.ActivityThread$H c=null m=159
05-31 10:18:10.935 12883 12926 P Quality : 09 03 info 1780193890917 procName:uii.ang.bilitv 1 what:159,target:android.app.ActivityThread$H what:0,target:android.view.Choreographer$FrameHandler,maxWallTime:301 latencyTime:416,WallTime:0 $ $ $ uii.ang.bilitv/com.bilibili.tv.ui.main.MainActivity
05-31 10:18:10.955 12883 12883 W Looper  : Drained
05-31 10:18:11.859 12971 13016 I TclWifiFrameworkFactoryImpl: getInstance WifiManager
05-31 10:18:11.929 12883 12883 W Looper  : Slow delivery took 302ms main h=android.os.Handler c=com.facebook.datasource.AbstractDataSource$2@b840592 m=0
05-31 10:18:11.933 12883 12926 P Quality : 09 03 info 1780193889795 procName:uii.ang.bilitv 1 callback:android.app.-$$Lambda$LoadedApk$ReceiverDispatcher$Args$_BumDX2UKsnxLVrE6UJsJZkotuA,target:android.app.ActivityThread$H what:0,target:android.view.Choreographer$FrameHandler,maxWallTime:116 latencyTime:605,WallTime:0,normalLatencySlowTimes:10 $ $ $ $
05-31 10:18:11.936 12883 12883 W Looper  : Drained
05-31 10:18:13.754 12883 12926 P Quality : 09 02 info processName|uii.ang.bilitv component_name|uii.ang.bilitv/com.bilibili.tv.ui.setting.SettingActivity at_handle_launch_time|4044649928699 activity_create_time|4044656158949 activity_resume_time_start_time|4044678245782 timestamp|1780193893754
05-31 10:18:36.431 12883 12899 D ActivityThread: scheduleSwapoutMem: com.bilibili.tv.ui.main.MainActivity@14fb0b8
05-31 10:18:38.233 12883 12899 D ActivityThread: scheduleSwapoutMem: com.bilibili.tv.ui.setting.SettingActivity@6ea751a
05-31 10:23:41.415 13729 13774 P Quality : 09 02 info processName|uii.ang.bilitv component_name|uii.ang.bilitv/com.bilibili.tv.ui.splash.SplashActivity at_handle_launch_time|4372205916788 activity_create_time|4372238413288 activity_resume_time_start_time|4372338733371 timestamp|1780194221415
05-31 10:23:41.539 13729 13780 I TclWifiFrameworkFactoryImpl: getInstance WifiManager
05-31 10:23:41.592 13729 13729 W Looper  : Slow delivery took 683ms main h=android.app.ActivityThread$H c=null m=159
05-31 10:23:41.595 13729 13729 W Looper  : Drained
05-31 10:23:41.671 13729 13774 P Quality : 09 03 info 1780194221592 procName:uii.ang.bilitv 1 what:159,target:android.app.ActivityThread$H what:0,target:android.view.Choreographer$FrameHandler,maxWallTime:134 latencyTime:683,WallTime:0 $ $ $ uii.ang.bilitv/com.bilibili.tv.ui.splash.SplashActivity
05-31 10:23:42.382 13729 13774 P Quality : 09 02 info processName|uii.ang.bilitv component_name|uii.ang.bilitv/com.bilibili.tv.ui.main.MainActivity at_handle_launch_time|4373214301287 activity_create_time|4373222055954 activity_resume_time_start_time|4373305777537 timestamp|1780194222382
05-31 10:23:42.683 13729 13729 W Looper  : Slow delivery took 401ms main h=android.app.ActivityThread$H c=null m=159
05-31 10:23:42.684 13729 13774 P Quality : 09 03 info 1780194222683 procName:uii.ang.bilitv 1 what:159,target:android.app.ActivityThread$H what:0,target:android.view.Choreographer$FrameHandler,maxWallTime:287 latencyTime:401,WallTime:0 $ $ $ uii.ang.bilitv/com.bilibili.tv.ui.main.MainActivity
05-31 10:23:42.760 13729 13729 W Looper  : Drained
05-31 10:23:43.159 13729 13729 W Looper  : Slow delivery took 412ms main h=com.android.internal.view.IInputConnectionWrapper$MyHandler c=null m=65
05-31 10:23:43.160 13729 13774 P Quality : 09 03 info 1780194223158 procName:uii.ang.bilitv 2 callback:android.view.Choreographer$FrameDisplayEventReceiver,target:android.view.Choreographer$FrameHandler $ latencyTime:13,WallTime:386 $ allocWait:-1,ionwait:-1,dstate:-1,sched:-1,iowait:-1 viewTitle:uii.ang.bilitv/com.bilibili.tv.ui.main.MainActivity $
05-31 10:23:43.170 13729 13774 P Quality : 09 03 info 1780194221592 procName:uii.ang.bilitv 1 callback:android.app.-$$Lambda$LoadedApk$ReceiverDispatcher$Args$_BumDX2UKsnxLVrE6UJsJZkotuA,target:android.app.ActivityThread$H what:0,target:android.view.Choreographer$FrameHandler,maxWallTime:134 latencyTime:567,WallTime:0,normalLatencySlowTimes:10 $ $ $ $
05-31 10:23:43.170 13729 13774 P Quality : 09 03 info 1780194223161 procName:uii.ang.bilitv 1 what:119,target:android.app.ActivityThread$H callback:android.view.Choreographer$FrameDisplayEventReceiver,target:android.view.Choreographer$FrameHandler,maxWallTime:386 latencyTime:391,WallTime:0,normalLatencySlowTimes:10 $ $ $ $
05-31 10:23:43.170 13729 13774 P Quality : 09 03 info 1780194223163 procName:uii.ang.bilitv 1 callback:bl.an$a$2,target:android.os.Handler callback:android.view.Choreographer$FrameDisplayEventReceiver,target:android.view.Choreographer$FrameHandler,maxWallTime:386 latencyTime:338,WallTime:0,normalLatencySlowTimes:10 $ $ $ $
05-31 10:23:43.170 13729 13774 P Quality : 09 03 info 1780194223165 procName:uii.ang.bilitv 1 callback:bl.an$a$2,target:android.os.Handler callback:android.view.Choreographer$FrameDisplayEventReceiver,target:android.view.Choreographer$FrameHandler,maxWallTime:386 latencyTime:325,WallTime:0,normalLatencySlowTimes:10 $ $ $ $
05-31 10:23:43.410 13729 13729 W Looper  : Drained
05-31 10:23:43.610 13821 13864 I TclWifiFrameworkFactoryImpl: getInstance WifiManager
05-31 10:23:45.988 13729 13774 P Quality : 09 02 info processName|uii.ang.bilitv component_name|uii.ang.bilitv/com.bilibili.tv.ui.setting.SettingActivity at_handle_launch_time|4376889759703 activity_create_time|4376896506037 activity_resume_time_start_time|4376911927370 timestamp|1780194225988
05-31 10:24:05.530 13729 13729 W ViewRootImpl[SettingActivity]: Cancelling event (no window focus):KeyEvent { action=ACTION_UP, keyCode=4151, scanCode=701, metaState=0, flags=0x28, repeatCount=0, eventTime=4396451, downTime=4396419, deviceId=5, source=0x301, displayId=-1 }
05-31 10:24:05.530 13729 13729 I chatty  : uid=10090(uii.ang.bilitv) identical 4 lines
05-31 10:24:05.530 13729 13729 W ViewRootImpl[SettingActivity]: Cancelling event (no window focus):KeyEvent { action=ACTION_UP, keyCode=4151, scanCode=701, metaState=0, flags=0x28, repeatCount=0, eventTime=4396451, downTime=4396419, deviceId=5, source=0x301, displayId=-1 }
05-31 10:24:05.679 13729 13746 D ActivityThread: scheduleSwapoutMem: com.bilibili.tv.ui.main.MainActivity@14fb0b8
05-31 10:24:07.769 13729 13746 D ActivityThread: scheduleSwapoutMem: com.bilibili.tv.ui.setting.SettingActivity@a22887a
05-31 10:29:52.497 14420 14463 P Quality : 09 02 info processName|uii.ang.bilitv component_name|uii.ang.bilitv/com.bilibili.tv.ui.splash.SplashActivity at_handle_launch_time|4743288982783 activity_create_time|4743320529533 activity_resume_time_start_time|4743420640033 timestamp|1780194592496
05-31 10:29:52.585 14420 14469 I TclWifiFrameworkFactoryImpl: getInstance WifiManager
05-31 10:29:52.673 14420 14420 W Looper  : Slow delivery took 666ms main h=android.app.ActivityThread$H c=null m=159
05-31 10:29:52.678 14420 14420 W Looper  : Drained
05-31 10:29:52.754 14420 14463 P Quality : 09 03 info 1780194592673 procName:uii.ang.bilitv 1 what:159,target:android.app.ActivityThread$H what:0,target:android.view.Choreographer$FrameHandler,maxWallTime:128 latencyTime:666,WallTime:1 $ $ $ uii.ang.bilitv/com.bilibili.tv.ui.splash.SplashActivity
05-31 10:29:53.462 14420 14463 P Quality : 09 02 info processName|uii.ang.bilitv component_name|uii.ang.bilitv/com.bilibili.tv.ui.main.MainActivity at_handle_launch_time|4744293037699 activity_create_time|4744304802532 activity_resume_time_start_time|4744385822782 timestamp|1780194593462
05-31 10:29:53.784 14420 14420 W Looper  : Slow delivery took 422ms main h=android.app.ActivityThread$H c=null m=159
05-31 10:29:53.785 14420 14463 P Quality : 09 03 info 1780194593784 procName:uii.ang.bilitv 1 what:159,target:android.app.ActivityThread$H what:0,target:android.view.Choreographer$FrameHandler,maxWallTime:310 latencyTime:422,WallTime:0 $ $ $ uii.ang.bilitv/com.bilibili.tv.ui.main.MainActivity
05-31 10:29:53.796 14420 14463 P Quality : 09 03 info 1780194592673 procName:uii.ang.bilitv 1 callback:android.app.-$$Lambda$LoadedApk$ReceiverDispatcher$Args$_BumDX2UKsnxLVrE6UJsJZkotuA,target:android.app.ActivityThread$H what:0,target:android.view.Choreographer$FrameHandler,maxWallTime:128 latencyTime:558,WallTime:0,normalLatencySlowTimes:10 $ $ $ $
05-31 10:29:54.143 14420 14463 P Quality : 09 03 info 1780194594140 procName:uii.ang.bilitv 2 callback:android.view.Choreographer$FrameDisplayEventReceiver,target:android.view.Choreographer$FrameHandler $ latencyTime:14,WallTime:312 $ allocWait:-1,ionwait:-1,dstate:-1,sched:-1,iowait:-1 viewTitle:uii.ang.bilitv/com.bilibili.tv.ui.main.MainActivity $
05-31 10:29:54.184 14420 14463 P Quality : 09 03 info 1780194594181 procName:uii.ang.bilitv 1 what:159,target:android.app.ActivityThread$H callback:android.view.Choreographer$FrameDisplayEventReceiver,target:android.view.Choreographer$FrameHandler,maxWallTime:312 latencyTime:320,WallTime:33 $ $ $ $
05-31 10:29:54.196 14420 14463 P Quality : 09 03 info 1780194594142 procName:uii.ang.bilitv 1 callback:android.view.View$SendViewScrolledAccessibilityEvent,target:android.view.ViewRootImpl$ViewRootHandler callback:android.view.Choreographer$FrameDisplayEventReceiver,target:android.view.Choreographer$FrameHandler,maxWallTime:312 latencyTime:346,WallTime:0,normalLatencySlowTimes:10 $ $ $ $
05-31 10:29:54.196 14420 14463 P Quality : 09 03 info 1780194594186 procName:uii.ang.bilitv 1 callback:bl.an$a$2,target:android.os.Handler callback:android.view.Choreographer$FrameDisplayEventReceiver,target:android.view.Choreographer$FrameHandler,maxWallTime:4 latencyTime:340,WallTime:0,normalLatencySlowTimes:10 $ $ $ $
05-31 10:29:54.505 14420 14420 W Looper  : Drained
05-31 10:29:54.508 14420 14420 W Looper  : Slow delivery took 307ms main h=android.view.ViewRootImpl$ViewRootHandler c=android.view.View$SendViewScrolledAccessibilityEvent@349d4d5 m=0
05-31 10:29:54.510 14420 14463 P Quality : 09 03 info 1780194594504 procName:uii.ang.bilitv 2 callback:android.view.Choreographer$FrameDisplayEventReceiver,target:android.view.Choreographer$FrameHandler $ latencyTime:1,WallTime:306 $ allocWait:0,ionwait:0,dstate:0,sched:0,iowait:0 viewTitle:uii.ang.bilitv/com.bilibili.tv.ui.main.MainActivity $
05-31 10:29:54.548 14508 14551 I TclWifiFrameworkFactoryImpl: getInstance WifiManager
05-31 10:29:54.878 14420 14463 P Quality : 09 03 info 1780194594877 procName:uii.ang.bilitv 2 callback:android.view.Choreographer$FrameDisplayEventReceiver,target:android.view.Choreographer$FrameHandler $ latencyTime:28,WallTime:334 $ allocWait:0,ionwait:0,dstate:0,sched:0,iowait:0 viewTitle:uii.ang.bilitv/com.bilibili.tv.ui.main.MainActivity $
05-31 10:29:54.878 14420 14463 P Quality : 09 03 info 1780194594877 procName:uii.ang.bilitv 1 callback:com.facebook.datasource.AbstractDataSource$2,target:android.os.Handler callback:android.view.Choreographer$FrameDisplayEventReceiver,target:android.view.Choreographer$FrameHandler,maxWallTime:334 latencyTime:371,WallTime:0,normalLatencySlowTimes:10 $ $ $ $
05-31 10:29:54.878 14420 14463 P Quality : 09 03 info 1780194594877 procName:uii.ang.bilitv 1 callback:com.facebook.datasource.AbstractDataSource$2,target:android.os.Handler callback:android.view.Choreographer$FrameDisplayEventReceiver,target:android.view.Choreographer$FrameHandler,maxWallTime:334 latencyTime:363,WallTime:0,normalLatencySlowTimes:10 $ $ $ $
05-31 10:29:54.883 14420 14463 P Quality : 09 03 info 1780194594878 procName:uii.ang.bilitv 1 callback:com.facebook.datasource.AbstractDataSource$2,target:android.os.Handler callback:android.view.Choreographer$FrameDisplayEventReceiver,target:android.view.Choreographer$FrameHandler,maxWallTime:334 latencyTime:346,WallTime:0,normalLatencySlowTimes:10 $ $ $ $
05-31 10:29:54.883 14420 14463 P Quality : 09 03 info 1780194594878 procName:uii.ang.bilitv 1 callback:com.facebook.datasource.AbstractDataSource$2,target:android.os.Handler callback:android.view.Choreographer$FrameDisplayEventReceiver,target:android.view.Choreographer$FrameHandler,maxWallTime:334 latencyTime:328,WallTime:0,normalLatencySlowTimes:10 $ $ $ $
05-31 10:29:54.884 14420 14463 P Quality : 09 03 info 1780194594879 procName:uii.ang.bilitv 1 callback:com.facebook.datasource.AbstractDataSource$2,target:android.os.Handler callback:android.view.Choreographer$FrameDisplayEventReceiver,target:android.view.Choreographer$FrameHandler,maxWallTime:334 latencyTime:321,WallTime:0,normalLatencySlowTimes:10 $ $ $ $
05-31 10:29:54.885 14420 14463 P Quality : 09 03 info 1780194594882 procName:uii.ang.bilitv 1 callback:com.facebook.datasource.AbstractDataSource$2,target:android.os.Handler callback:android.view.Choreographer$FrameDisplayEventReceiver,target:android.view.Choreographer$FrameHandler,maxWallTime:334 latencyTime:312,WallTime:0,normalLatencySlowTimes:10 $ $ $ $
05-31 10:29:54.910 14420 14420 W Looper  : Drained
05-31 10:29:54.931 14420 14432 P Quality : 07 02 block_gc block_gc uii.ang.bilitv 14420 10010920 787
05-31 10:29:56.823 14420 14463 P Quality : 09 02 info processName|uii.ang.bilitv component_name|uii.ang.bilitv/com.bilibili.tv.ui.setting.SettingActivity at_handle_launch_time|4747725321948 activity_create_time|4747731060198 activity_resume_time_start_time|4747747569865 timestamp|1780194596823
05-31 10:30:08.689 14420 14674 D ActivityThread: scheduleSwapoutMem: com.bilibili.tv.ui.main.MainActivity@14fb0b8
05-31 10:30:09.288 14420 14420 W Looper  : Slow dispatch took 550ms main h=android.view.Choreographer$FrameHandler c=android.view.Choreographer$FrameDisplayEventReceiver@a895df4 m=0
05-31 10:30:09.293 14420 14420 W Looper  : Slow delivery took 614ms main h=android.app.ActivityThread$H c=null m=159
05-31 10:30:09.416 14420 14420 W Looper  : Drained
05-31 11:59:28.104 14420 14420 W Looper  : Slow delivery took 637ms main h=android.os.Handler c=com.bilibili.tv.ui.main.MainActivity$h@44718f9 m=0
05-31 11:59:37.990 17044 17087 P Quality : 09 02 info processName|uii.ang.bilitv component_name|uii.ang.bilitv/com.bilibili.tv.ui.splash.SplashActivity at_handle_launch_time|7713718209241 activity_create_time|7713747956658 activity_resume_time_start_time|7713850369241 timestamp|1780199977990
05-31 11:59:38.091 17044 17093 I TclWifiFrameworkFactoryImpl: getInstance WifiManager
05-31 11:59:38.170 17044 17044 W Looper  : Slow delivery took 670ms main h=android.app.ActivityThread$H c=null m=159
05-31 11:59:38.175 17044 17044 W Looper  : Drained
05-31 11:59:38.188 17044 17087 P Quality : 09 03 info 1780199978170 procName:uii.ang.bilitv 1 what:159,target:android.app.ActivityThread$H what:0,target:android.view.Choreographer$FrameHandler,maxWallTime:130 latencyTime:670,WallTime:1 $ $ $ uii.ang.bilitv/com.bilibili.tv.ui.splash.SplashActivity
05-31 11:59:38.971 17044 17087 P Quality : 09 02 info processName|uii.ang.bilitv component_name|uii.ang.bilitv/com.bilibili.tv.ui.main.MainActivity at_handle_launch_time|7714731980324 activity_create_time|7714741381824 activity_resume_time_start_time|7714830974407 timestamp|1780199978971
05-31 11:59:39.277 17044 17044 W Looper  : Slow delivery took 414ms main h=android.app.ActivityThread$H c=null m=159
05-31 11:59:39.284 17044 17087 P Quality : 09 03 info 1780199979277 procName:uii.ang.bilitv 1 what:159,target:android.app.ActivityThread$H what:0,target:android.view.Choreographer$FrameHandler,maxWallTime:293 latencyTime:414,WallTime:0 $ $ $ uii.ang.bilitv/com.bilibili.tv.ui.main.MainActivity
05-31 11:59:39.631 17044 17087 P Quality : 09 03 info 1780199978170 procName:uii.ang.bilitv 1 callback:android.app.-$$Lambda$LoadedApk$ReceiverDispatcher$Args$_BumDX2UKsnxLVrE6UJsJZkotuA,target:android.app.ActivityThread$H what:0,target:android.view.Choreographer$FrameHandler,maxWallTime:130 latencyTime:574,WallTime:0,normalLatencySlowTimes:10 $ $ $ $
05-31 11:59:39.678 17044 17087 P Quality : 09 03 info 1780199979676 procName:uii.ang.bilitv 1 what:159,target:android.app.ActivityThread$H callback:android.view.Choreographer$FrameDisplayEventReceiver,target:android.view.Choreographer$FrameHandler,maxWallTime:296 latencyTime:320,WallTime:42 $ $ $ $
05-31 11:59:39.698 17044 17087 P Quality : 09 03 info 1780199979689 procName:uii.ang.bilitv 1 callback:com.facebook.datasource.AbstractDataSource$1,target:android.os.Handler callback:android.view.Choreographer$FrameDisplayEventReceiver,target:android.view.Choreographer$FrameHandler,maxWallTime:296 latencyTime:354,WallTime:12,normalLatencySlowTimes:10 $ $ $ $
05-31 11:59:39.698 17044 17087 P Quality : 09 03 info 1780199979692 procName:uii.ang.bilitv 1 callback:bl.an$a$2,target:android.os.Handler callback:android.view.Choreographer$FrameDisplayEventReceiver,target:android.view.Choreographer$FrameHandler,maxWallTime:2 latencyTime:343,WallTime:0,normalLatencySlowTimes:10 $ $ $ $
05-31 11:59:40.058 17132 17176 I TclWifiFrameworkFactoryImpl: getInstance WifiManager
05-31 11:59:40.076 17044 17044 W Looper  : Drained
05-31 11:59:40.076 17044 17044 W Looper  : Slow delivery took 384ms main h=android.os.Handler c=com.facebook.datasource.AbstractDataSource$2@aac5e1 m=0
05-31 11:59:40.078 17044 17087 P Quality : 09 03 info 1780199980075 procName:uii.ang.bilitv 2 callback:android.view.Choreographer$FrameDisplayEventReceiver,target:android.view.Choreographer$FrameHandler $ latencyTime:5,WallTime:372 $ allocWait:-1,ionwait:-1,dstate:-1,sched:-1,iowait:-1 viewTitle:uii.ang.bilitv/com.bilibili.tv.ui.main.MainActivity $
05-31 11:59:40.080 17044 17087 P Quality : 09 03 info 1780199980076 procName:uii.ang.bilitv 1 callback:com.facebook.datasource.AbstractDataSource$2,target:android.os.Handler callback:android.view.Choreographer$FrameDisplayEventReceiver,target:android.view.Choreographer$FrameHandler,maxWallTime:372 latencyTime:384,WallTime:0,normalLatencySlowTimes:10 $ $ $ $
05-31 11:59:40.082 17044 17087 P Quality : 09 03 info 1780199980080 procName:uii.ang.bilitv 1 callback:bl.an$a$2,target:android.os.Handler callback:android.view.Choreographer$FrameDisplayEventReceiver,target:android.view.Choreographer$FrameHandler,maxWallTime:372 latencyTime:368,WallTime:0,normalLatencySlowTimes:10 $ $ $ $
05-31 11:59:40.086 17044 17087 P Quality : 09 03 info 1780199980082 procName:uii.ang.bilitv 1 callback:bl.an$a$2,target:android.os.Handler callback:android.view.Choreographer$FrameDisplayEventReceiver,target:android.view.Choreographer$FrameHandler,maxWallTime:372 latencyTime:350,WallTime:0,normalLatencySlowTimes:10 $ $ $ $
05-31 11:59:40.090 17044 17087 P Quality : 09 03 info 1780199980086 procName:uii.ang.bilitv 1 callback:bl.an$a$2,target:android.os.Handler callback:android.view.Choreographer$FrameDisplayEventReceiver,target:android.view.Choreographer$FrameHandler,maxWallTime:372 latencyTime:342,WallTime:0,normalLatencySlowTimes:10 $ $ $ $
05-31 11:59:40.459 17044 17087 P Quality : 09 03 info 1780199980457 procName:uii.ang.bilitv 2 callback:android.view.Choreographer$FrameDisplayEventReceiver,target:android.view.Choreographer$FrameHandler $ latencyTime:67,WallTime:301 $ allocWait:0,ionwait:0,dstate:0,sched:0,iowait:0 viewTitle:uii.ang.bilitv/com.bilibili.tv.ui.main.MainActivity $
05-31 11:59:40.465 17044 17087 P Quality : 09 03 info 1780199980458 procName:uii.ang.bilitv 1 callback:com.facebook.datasource.AbstractDataSource$2,target:android.os.Handler callback:android.view.Choreographer$FrameDisplayEventReceiver,target:android.view.Choreographer$FrameHandler,maxWallTime:372 latencyTime:386,WallTime:0,normalLatencySlowTimes:10 $ $ $ $
05-31 11:59:40.467 17044 17087 P Quality : 09 03 info 1780199980459 procName:uii.ang.bilitv 1 callback:com.facebook.datasource.AbstractDataSource$2,target:android.os.Handler callback:android.view.Choreographer$FrameDisplayEventReceiver,target:android.view.Choreographer$FrameHandler,maxWallTime:372 latencyTime:384,WallTime:0,normalLatencySlowTimes:10 $ $ $ $
05-31 11:59:40.467 17044 17087 P Quality : 09 03 info 1780199980465 procName:uii.ang.bilitv 1 callback:com.facebook.datasource.AbstractDataSource$2,target:android.os.Handler callback:android.view.Choreographer$FrameDisplayEventReceiver,target:android.view.Choreographer$FrameHandler,maxWallTime:372 latencyTime:379,WallTime:0,normalLatencySlowTimes:10 $ $ $ $
05-31 11:59:40.468 17044 17087 P Quality : 09 03 info 1780199980467 procName:uii.ang.bilitv 1 callback:com.facebook.datasource.AbstractDataSource$2,target:android.os.Handler callback:android.view.Choreographer$FrameDisplayEventReceiver,target:android.view.Choreographer$FrameHandler,maxWallTime:372 latencyTime:369,WallTime:0,normalLatencySlowTimes:10 $ $ $ $
05-31 11:59:40.468 17044 17087 P Quality : 09 03 info 1780199980467 procName:uii.ang.bilitv 1 callback:com.facebook.datasource.AbstractDataSource$2,target:android.os.Handler callback:android.view.Choreographer$FrameDisplayEventReceiver,target:android.view.Choreographer$FrameHandler,maxWallTime:372 latencyTime:345,WallTime:0,normalLatencySlowTimes:10 $ $ $ $
05-31 11:59:40.469 17044 17087 P Quality : 09 03 info 1780199980468 procName:uii.ang.bilitv 1 callback:com.facebook.datasource.AbstractDataSource$2,target:android.os.Handler callback:android.view.Choreographer$FrameDisplayEventReceiver,target:android.view.Choreographer$FrameHandler,maxWallTime:372 latencyTime:327,WallTime:0,normalLatencySlowTimes:10 $ $ $ $
05-31 11:59:40.470 17044 17087 P Quality : 09 03 info 1780199980469 procName:uii.ang.bilitv 1 callback:com.facebook.datasource.AbstractDataSource$2,target:android.os.Handler callback:android.view.Choreographer$FrameDisplayEventReceiver,target:android.view.Choreographer$FrameHandler,maxWallTime:372 latencyTime:326,WallTime:0,normalLatencySlowTimes:10 $ $ $ $
05-31 11:59:40.470 17044 17087 P Quality : 09 03 info 1780199980470 procName:uii.ang.bilitv 1 callback:com.facebook.datasource.AbstractDataSource$2,target:android.os.Handler callback:android.view.Choreographer$FrameDisplayEventReceiver,target:android.view.Choreographer$FrameHandler,maxWallTime:372 latencyTime:317,WallTime:0,normalLatencySlowTimes:10 $ $ $ $
05-31 11:59:40.487 17044 17044 W Looper  : Drained
05-31 11:59:40.495 17044 17056 P Quality : 07 02 block_gc block_gc uii.ang.bilitv 17044 10618720 861
05-31 11:59:46.072 17044 17087 P Quality : 09 02 info processName|uii.ang.bilitv component_name|uii.ang.bilitv/com.bilibili.tv.ui.history.HistorySideActivity at_handle_launch_time|7721903145656 activity_create_time|7721908635572 activity_resume_time_start_time|7721933132489 timestamp|1780199986072
05-31 11:59:46.559 17044 17044 W Looper  : Slow delivery took 371ms main h=android.view.ViewRootImpl$ViewRootHandler c=null m=6
05-31 11:59:46.612 17044 17044 W Looper  : Drained
05-31 11:59:58.145 17044 17087 P Quality : 09 02 info processName|uii.ang.bilitv component_name|uii.ang.bilitv/com.bilibili.tv.ui.history.HistorySideActivity at_handle_launch_time|7733974662820 activity_create_time|7733980324236 activity_resume_time_start_time|7734006439236 timestamp|1780199998145
05-31 11:59:59.664 17044 17087 P Quality : 09 02 info processName|uii.ang.bilitv component_name|uii.ang.bilitv/com.bilibili.tv.ui.video.VideoDetailActivity at_handle_launch_time|7735437050236 activity_create_time|7735460625653 activity_resume_time_start_time|7735525479069 timestamp|1780199999664
05-31 12:00:00.379 17044 17044 W Looper  : Slow delivery took 441ms main h=android.view.ViewRootImpl$ViewRootHandler c=null m=1
05-31 12:00:00.713 17044 17044 W Looper  : Drained
05-31 12:00:04.728 17044 17087 P Quality : 09 02 info processName|uii.ang.bilitv component_name|uii.ang.bilitv/com.bilibili.tv.ui.video.VideoDetailActivity at_handle_launch_time|7740538184401 activity_create_time|7740545307735 activity_resume_time_start_time|7740588966401 timestamp|1780200004728
05-31 12:00:05.355 17044 17044 W Looper  : Slow delivery took 358ms main h=android.view.ViewRootImpl$ViewRootHandler c=null m=1
05-31 12:00:05.577 17044 17044 W Looper  : Drained
05-31 12:00:20.867 17044 17087 P Quality : 09 02 info processName|uii.ang.bilitv component_name|uii.ang.bilitv/com.bilibili.tv.player.PlayerActivity at_handle_launch_time|7756653652731 activity_create_time|7756659361731 activity_resume_time_start_time|7756727943231 timestamp|1780200020867
05-31 12:01:15.583 17044 17087 P Quality : 09 02 info processName|uii.ang.bilitv component_name|uii.ang.bilitv/com.bilibili.tv.ui.video.VideoDetailActivity at_handle_launch_time|7811395080218 activity_create_time|7811400129718 activity_resume_time_start_time|7811443801384 timestamp|1780200075583
05-31 12:01:29.796 17044 17044 W ViewRootImpl[VideoDetailActivity]: Cancelling event (no window focus):KeyEvent { action=ACTION_UP, keyCode=4151, scanCode=701, metaState=0, flags=0x28, repeatCount=0, eventTime=7825655, downTime=7825624, deviceId=6, source=0x301, displayId=-1 }
05-31 12:01:29.797 17044 17044 I chatty  : uid=10090(uii.ang.bilitv) identical 4 lines
05-31 12:01:29.797 17044 17044 W ViewRootImpl[VideoDetailActivity]: Cancelling event (no window focus):KeyEvent { action=ACTION_UP, keyCode=4151, scanCode=701, metaState=0, flags=0x28, repeatCount=0, eventTime=7825655, downTime=7825624, deviceId=6, source=0x301, displayId=-1 }
05-31 12:01:29.921 17044 17458 D ActivityThread: scheduleSwapoutMem: com.bilibili.tv.ui.main.MainActivity@14fb0b8
05-31 12:01:30.027 17044 17458 D ActivityThread: scheduleSwapoutMem: com.bilibili.tv.ui.history.HistorySideActivity@8dcb8ed
05-31 12:01:30.032 17044 17458 D ActivityThread: scheduleSwapoutMem: com.bilibili.tv.ui.video.VideoDetailActivity@7ccb1c8
05-31 12:07:23.440 17044 17087 P Quality : 09 03 info 1780200443439 procName:uii.ang.bilitv 2 callback:android.view.Choreographer$FrameDisplayEventReceiver,target:android.view.Choreographer$FrameHandler $ latencyTime:16,WallTime:501 $ allocWait:0,ionwait:64,dstate:0,sched:2,iowait:0 viewTitle:uii.ang.bilitv/com.bilibili.tv.ui.video.VideoDetailActivity $
05-31 12:07:23.440 17044 17044 W Looper  : Slow dispatch took 501ms main h=android.view.Choreographer$FrameHandler c=android.view.Choreographer$FrameDisplayEventReceiver@c6bb508 m=0
05-31 12:07:23.441 17044 17044 W Looper  : Slow delivery took 525ms main h=android.view.ViewRootImpl$ViewRootHandler c=android.view.ViewRootImpl$ConsumeBatchedInputImmediatelyRunnable@734b4a1 m=0
05-31 12:07:23.450 17044 17087 P Quality : 09 03 info 1780200443441 procName:uii.ang.bilitv 1 callback:android.view.ViewRootImpl$ConsumeBatchedInputImmediatelyRunnable,target:android.view.ViewRootImpl$ViewRootHandler callback:android.view.Choreographer$FrameDisplayEventReceiver,target:android.view.Choreographer$FrameHandler,maxWallTime:501 latencyTime:525,WallTime:1,normalLatencySlowTimes:10 $ $ $ $
05-31 12:07:23.469 17044 17044 W Looper  : Drained
05-31 12:07:49.360 17044 17087 P Quality : 09 02 info processName|uii.ang.bilitv component_name|uii.ang.bilitv/com.bilibili.tv.ui.auth.AuthSpaceSideActivity at_handle_launch_time|8205188108624 activity_create_time|8205196313874 activity_resume_time_start_time|8205220698624 timestamp|1780200469359
05-31 12:08:08.793 17044 17087 P Quality : 09 02 info processName|uii.ang.bilitv component_name|uii.ang.bilitv/com.bilibili.tv.ui.video.VideoDetailActivity at_handle_launch_time|8224600434203 activity_create_time|8224606527536 activity_resume_time_start_time|8224654037869 timestamp|1780200488793
05-31 12:08:42.757 17044 17087 P Quality : 09 02 info processName|uii.ang.bilitv component_name|uii.ang.bilitv/com.bilibili.tv.ui.video.VideoDetailActivity at_handle_launch_time|8258557614778 activity_create_time|8258563829694 activity_resume_time_start_time|8258618448944 timestamp|1780200522757
05-31 12:16:09.152 17044 17087 P Quality : 09 02 info processName|uii.ang.bilitv component_name|uii.ang.bilitv/com.bilibili.tv.ui.history.HistorySideActivity at_handle_launch_time|8704986022088 activity_create_time|8704992889088 activity_resume_time_start_time|8705012818088 timestamp|1780200969152
05-31 12:16:20.272 17044 17087 P Quality : 09 02 info processName|uii.ang.bilitv component_name|uii.ang.bilitv/com.bilibili.tv.ui.history.HistorySideActivity at_handle_launch_time|8716108313085 activity_create_time|8716113676335 activity_resume_time_start_time|8716133393085 timestamp|1780200980272
05-31 12:16:23.499 17044 17087 P Quality : 09 02 info processName|uii.ang.bilitv component_name|uii.ang.bilitv/com.bilibili.tv.ui.video.VideoDetailActivity at_handle_launch_time|8719301149168 activity_create_time|8719306231168 activity_resume_time_start_time|8719359914585 timestamp|1780200983499
05-31 12:16:27.351 17044 17087 P Quality : 09 02 info processName|uii.ang.bilitv component_name|uii.ang.bilitv/com.bilibili.tv.ui.video.VideoDetailActivity at_handle_launch_time|8723169289667 activity_create_time|8723174528750 activity_resume_time_start_time|8723211737750 timestamp|1780200987351
05-31 12:16:28.041 17044 17044 W Looper  : Slow delivery took 333ms main h=android.view.ViewRootImpl$ViewRootHandler c=null m=1
05-31 12:16:28.223 17044 17044 W Looper  : Drained
05-31 12:16:30.528 17044 17087 P Quality : 09 02 info processName|uii.ang.bilitv component_name|uii.ang.bilitv/com.bilibili.tv.player.PlayerActivity at_handle_launch_time|8726338060000 activity_create_time|8726345726333 activity_resume_time_start_time|8726388671416 timestamp|1780200990528
--------- beginning of main
05-31 12:20:27.218 17044 18142 I chatty  : uid=10090(uii.ang.bilitv) expire 20 lines
05-31 12:20:27.998 17044 17044 I chatty  : uid=10090(uii.ang.bilitv) expire 6794 lines
05-31 12:20:37.418 17044 18142 I chatty  : uid=10090(uii.ang.bilitv) expire 20 lines
05-31 12:20:38.499 17044 17044 I chatty  : uid=10090(uii.ang.bilitv) expire 6416 lines
05-31 12:20:47.667 17044 18142 I chatty  : uid=10090(uii.ang.bilitv) expire 20 lines
05-31 12:20:48.649 17044 17044 I chatty  : uid=10090(uii.ang.bilitv) expire 6394 lines
05-31 12:20:58.019 17044 18142 I chatty  : uid=10090(uii.ang.bilitv) expire 20 lines
05-31 12:20:58.663 17044 18137 I chatty  : uid=10090(uii.ang.bilitv) expire 3 lines
05-31 12:20:58.665 17044 17044 I chatty  : uid=10090(uii.ang.bilitv) expire 6782 lines
05-31 12:21:08.249 17044 18142 I chatty  : uid=10090(uii.ang.bilitv) expire 10 lines
05-31 12:21:09.399 17044 17044 I chatty  : uid=10090(uii.ang.bilitv) expire 1935 lines
05-31 12:21:12.415 17044 18143 I chatty  : uid=10090(uii.ang.bilitv) expire 2 lines
05-31 12:21:12.423 17044 18277 I chatty  : uid=10090(uii.ang.bilitv) expire 2 lines
05-31 12:21:12.432 17044 18143 I ACodec  : event =0, data1 = 1, data2 = 0
05-31 12:21:12.432 17044 18143 I ACodec  : event =0, data1 = 1, data2 = 1
05-31 12:21:12.432 17044 18143 I ACodec  : [OMX.MS.AVC.Decoder] Now Executing
05-31 12:21:12.432 17044 18143 I ACodec  : Recived kWhatResume in ExecutingState In
05-31 12:21:12.434 17044 18137 W MediaCodec: ===MediaCodec::flush===
05-31 12:21:12.434 17044 18152 W MediaCodec: ===MediaCodec::onMessageReceived kWhatFlush===, mState:6
05-31 12:21:12.434 17044 18152 I ACodec  : [OMX.google.aac.decoder] ExecutingState flushing now (codec owns 4/4 input, 0/4 output).
05-31 12:21:12.434 17044 18143 I ACodec  : Recived kWhatResume in ExecutingState Out
05-31 12:21:12.434 17044 18152 I ACodec  : Recived kWhatFlush in ExecutingState Out
05-31 12:21:12.435 17044 18152 I ACodec  : event =0, data1 = 1, data2 = 0
05-31 12:21:12.438 17044 18152 I ACodec  : event =0, data1 = 1, data2 = 1
05-31 12:21:12.438 17044 18152 I ACodec  : [OMX.google.aac.decoder] Now Executing
05-31 12:21:12.438 17044 18152 I ACodec  : event =0, data1 = 1, data2 = -1
05-31 12:21:12.438 17044 18152 I ACodec  : Recived kWhatResume in ExecutingState In
05-31 12:21:12.441 17044 17044 I SkipInfo: [SKIP_DEBUG] ========== checkSkip START ==========
05-31 12:21:12.441 17044 17044 I SkipInfo: [SKIP_DEBUG] current position t=2735553ms (2735s)
05-31 12:21:12.441 17044 17044 I SkipInfo: [SKIP_DEBUG] skips count=2
05-31 12:21:12.441 17044 17044 I SkipInfo: [SKIP_DEBUG] introSkipped=true, outroPromptShown=true, userSeekedToIntro=false
05-31 12:21:12.441 17044 17044 I SkipInfo: [SKIP_DEBUG] segment[0]: type=片头, start=0ms (0s), end=175000ms (175s), source=pgc_clip
05-31 12:21:12.441 17044 17044 I SkipInfo: [SKIP_DEBUG] INTRO not triggered: introSkipped=true, userSeekedToIntro=false, tInRange=false
05-31 12:21:12.441 17044 17044 I SkipInfo: [SKIP_DEBUG] segment[1]: type=片尾, start=2525000ms (2525s), end=2704000ms (2704s), source=pgc_clip
05-31 12:21:12.441 17044 17044 I SkipInfo: [SKIP_DEBUG] OUTRO check: t=2735553ms >= start=2525000ms ? true, t < end=2704000ms ? false, outroPromptShown=true
05-31 12:21:12.441 17044 17044 I SkipInfo: [SKIP_DEBUG] checkSkip END, no action taken
05-31 12:21:12.442 17044 18152 I ACodec  : Recived kWhatResume in ExecutingState Out
05-31 12:21:12.452 17044 17044 I ExoPlayerImpl: [LOADING] onLoadingChanged=true
05-31 12:21:12.452 17044 17044 I ExoPlayerImpl: [LOADING] isLoading=true, position=2704372ms
05-31 12:21:12.452 17044 18279 I PlaySpeed: [PGC_RESOLVE_START] qh.resolveMediaResource(), cid=197718674, avid=328492664
05-31 12:21:12.453 17044 17044 I SkipInfo: [SKIP_DEBUG] ========== checkSkip START ==========
05-31 12:21:12.453 17044 17044 I SkipInfo: [SKIP_DEBUG] current position t=2735575ms (2735s)
05-31 12:21:12.453 17044 17044 I SkipInfo: [SKIP_DEBUG] skips count=2
05-31 12:21:12.453 17044 17044 I SkipInfo: [SKIP_DEBUG] introSkipped=true, outroPromptShown=true, userSeekedToIntro=false
05-31 12:21:12.453 17044 17044 I SkipInfo: [SKIP_DEBUG] segment[0]: type=片头, start=0ms (0s), end=175000ms (175s), source=pgc_clip
05-31 12:21:12.453 17044 17044 I SkipInfo: [SKIP_DEBUG] INTRO not triggered: introSkipped=true, userSeekedToIntro=false, tInRange=false
05-31 12:21:12.453 17044 17044 I SkipInfo: [SKIP_DEBUG] segment[1]: type=片尾, start=2525000ms (2525s), end=2704000ms (2704s), source=pgc_clip
05-31 12:21:12.453 17044 17044 I SkipInfo: [SKIP_DEBUG] OUTRO check: t=2735575ms >= start=2525000ms ? true, t < end=2704000ms ? false, outroPromptShown=true
05-31 12:21:12.453 17044 17044 I SkipInfo: [SKIP_DEBUG] checkSkip END, no action taken
05-31 12:21:12.458 17044 18279 I PgcPlayUrl: ========== PGC PlayUrl Request (Web API + WBI) ==========
05-31 12:21:12.458 17044 18279 I PgcPlayUrl: cid=197718674, avid=328492664, epId=327631, qn=80
05-31 12:21:12.458 17044 18279 I PlaySpeed: [PGC_API_REQUEST_START] cid=197718674, avid=328492664, epId=327631, qn=80
05-31 12:21:12.465 17044 18279 I PgcPlayUrl: Cookie: exists(723chars)
05-31 12:21:12.466 17044 17044 I SkipInfo: [SKIP_DEBUG] ========== checkSkip START ==========
05-31 12:21:12.466 17044 17044 I SkipInfo: [SKIP_DEBUG] current position t=2735595ms (2735s)
05-31 12:21:12.466 17044 17044 I SkipInfo: [SKIP_DEBUG] skips count=2
05-31 12:21:12.466 17044 17044 I SkipInfo: [SKIP_DEBUG] introSkipped=true, outroPromptShown=true, userSeekedToIntro=false
05-31 12:21:12.466 17044 17044 I SkipInfo: [SKIP_DEBUG] segment[0]: type=片头, start=0ms (0s), end=175000ms (175s), source=pgc_clip
05-31 12:21:12.466 17044 17044 I SkipInfo: [SKIP_DEBUG] INTRO not triggered: introSkipped=true, userSeekedToIntro=false, tInRange=false
05-31 12:21:12.466 17044 17044 I SkipInfo: [SKIP_DEBUG] segment[1]: type=片尾, start=2525000ms (2525s), end=2704000ms (2704s), source=pgc_clip
05-31 12:21:12.466 17044 17044 I SkipInfo: [SKIP_DEBUG] OUTRO check: t=2735595ms >= start=2525000ms ? true, t < end=2704000ms ? false, outroPromptShown=true
05-31 12:21:12.466 17044 17044 I SkipInfo: [SKIP_DEBUG] checkSkip END, no action taken
05-31 12:21:12.467 17044 18279 I PgcPlayUrl: Activating buvid for mid=37694830
05-31 12:21:12.468 17044 18279 I PgcPlayUrl: URL (no WBI): https://api.bilibili.com/pgc/player/web/playurl?avid=328492664&cid=197718674&drm_tech_type=2&ep_id=327631&fnval=2000&fnver=0&fourk=1&from_client=BROWSER&qn=80
05-31 12:21:12.468 17044 18279 I PgcPlayUrl: Added Cookie header
05-31 12:21:12.469 17044 18279 I PlaySpeed: [PGC_API_REQUEST_END] API request done, elapsed=12ms
05-31 12:21:12.469 17044 18279 I PgcPlayUrl: Response URL: https://api.bilibili.com/pgc/player/web/playurl?avid=328492664&cid=197718674&drm_tech_type=2&ep_id=327631&fnval=2000&fnver=0&fourk=1&from_client=BROWSER&qn=80
05-31 12:21:12.487 17044 17044 I SkipInfo: [SKIP_DEBUG] ========== checkSkip START ==========
05-31 12:21:12.488 17044 17044 I SkipInfo: [SKIP_DEBUG] current position t=2735610ms (2735s)
05-31 12:21:12.488 17044 17044 I SkipInfo: [SKIP_DEBUG] skips count=2
05-31 12:21:12.488 17044 17044 I SkipInfo: [SKIP_DEBUG] introSkipped=true, outroPromptShown=true, userSeekedToIntro=false
05-31 12:21:12.488 17044 17044 I SkipInfo: [SKIP_DEBUG] segment[0]: type=片头, start=0ms (0s), end=175000ms (175s), source=pgc_clip
05-31 12:21:12.488 17044 17044 I SkipInfo: [SKIP_DEBUG] INTRO not triggered: introSkipped=true, userSeekedToIntro=false, tInRange=false
05-31 12:21:12.488 17044 17044 I SkipInfo: [SKIP_DEBUG] segment[1]: type=片尾, start=2525000ms (2525s), end=2704000ms (2704s), source=pgc_clip
05-31 12:21:12.488 17044 17044 I SkipInfo: [SKIP_DEBUG] OUTRO check: t=2735610ms >= start=2525000ms ? true, t < end=2704000ms ? false, outroPromptShown=true
05-31 12:21:12.488 17044 17044 I SkipInfo: [SKIP_DEBUG] checkSkip END, no action taken
05-31 12:21:12.499 17044 17044 I SkipInfo: [SKIP_DEBUG] ========== checkSkip START ==========
05-31 12:21:12.499 17044 17044 I SkipInfo: [SKIP_DEBUG] current position t=2735624ms (2735s)
05-31 12:21:12.499 17044 17044 I SkipInfo: [SKIP_DEBUG] skips count=2
05-31 12:21:12.499 17044 17044 I SkipInfo: [SKIP_DEBUG] introSkipped=true, outroPromptShown=true, userSeekedToIntro=false
05-31 12:21:12.499 17044 17044 I SkipInfo: [SKIP_DEBUG] segment[0]: type=片头, start=0ms (0s), end=175000ms (175s), source=pgc_clip
05-31 12:21:12.499 17044 17044 I SkipInfo: [SKIP_DEBUG] INTRO not triggered: introSkipped=true, userSeekedToIntro=false, tInRange=false
05-31 12:21:12.499 17044 17044 I SkipInfo: [SKIP_DEBUG] segment[1]: type=片尾, start=2525000ms (2525s), end=2704000ms (2704s), source=pgc_clip
05-31 12:21:12.499 17044 17044 I SkipInfo: [SKIP_DEBUG] OUTRO check: t=2735624ms >= start=2525000ms ? true, t < end=2704000ms ? false, outroPromptShown=true
05-31 12:21:12.499 17044 17044 I SkipInfo: [SKIP_DEBUG] checkSkip END, no action taken
05-31 12:21:12.515 17044 17044 I SkipInfo: [SKIP_DEBUG] ========== checkSkip START ==========
05-31 12:21:12.515 17044 17044 I SkipInfo: [SKIP_DEBUG] current position t=2735635ms (2735s)
05-31 12:21:12.515 17044 17044 I SkipInfo: [SKIP_DEBUG] skips count=2
05-31 12:21:12.515 17044 17044 I SkipInfo: [SKIP_DEBUG] introSkipped=true, outroPromptShown=true, userSeekedToIntro=false
05-31 12:21:12.515 17044 17044 I SkipInfo: [SKIP_DEBUG] segment[0]: type=片头, start=0ms (0s), end=175000ms (175s), source=pgc_clip
05-31 12:21:12.515 17044 17044 I SkipInfo: [SKIP_DEBUG] INTRO not triggered: introSkipped=true, userSeekedToIntro=false, tInRange=false
05-31 12:21:12.515 17044 17044 I SkipInfo: [SKIP_DEBUG] segment[1]: type=片尾, start=2525000ms (2525s), end=2704000ms (2704s), source=pgc_clip
05-31 12:21:12.515 17044 17044 I SkipInfo: [SKIP_DEBUG] OUTRO check: t=2735635ms >= start=2525000ms ? true, t < end=2704000ms ? false, outroPromptShown=true
05-31 12:21:12.516 17044 17044 I SkipInfo: [SKIP_DEBUG] checkSkip END, no action taken
05-31 12:21:12.532 17044 17044 I SkipInfo: [SKIP_DEBUG] ========== checkSkip START ==========
05-31 12:21:12.532 17044 17044 I SkipInfo: [SKIP_DEBUG] current position t=2735659ms (2735s)
05-31 12:21:12.532 17044 17044 I SkipInfo: [SKIP_DEBUG] skips count=2
05-31 12:21:12.532 17044 17044 I SkipInfo: [SKIP_DEBUG] introSkipped=true, outroPromptShown=true, userSeekedToIntro=false
05-31 12:21:12.532 17044 17044 I SkipInfo: [SKIP_DEBUG] segment[0]: type=片头, start=0ms (0s), end=175000ms (175s), source=pgc_clip
05-31 12:21:12.532 17044 17044 I SkipInfo: [SKIP_DEBUG] INTRO not triggered: introSkipped=true, userSeekedToIntro=false, tInRange=false
05-31 12:21:12.532 17044 17044 I SkipInfo: [SKIP_DEBUG] segment[1]: type=片尾, start=2525000ms (2525s), end=2704000ms (2704s), source=pgc_clip
05-31 12:21:12.532 17044 17044 I SkipInfo: [SKIP_DEBUG] OUTRO check: t=2735659ms >= start=2525000ms ? true, t < end=2704000ms ? false, outroPromptShown=true
05-31 12:21:12.532 17044 17044 I SkipInfo: [SKIP_DEBUG] checkSkip END, no action taken
05-31 12:21:12.545 17044 17056 I uii.ang.bilitv: WaitForGcToComplete blocked Background on ProfileSaver for 8.224ms
05-31 12:21:12.549 17044 17044 I SkipInfo: [SKIP_DEBUG] ========== checkSkip START ==========
05-31 12:21:12.549 17044 17044 I SkipInfo: [SKIP_DEBUG] current position t=2735672ms (2735s)
05-31 12:21:12.549 17044 17044 I SkipInfo: [SKIP_DEBUG] skips count=2
05-31 12:21:12.549 17044 17044 I SkipInfo: [SKIP_DEBUG] introSkipped=true, outroPromptShown=true, userSeekedToIntro=false
05-31 12:21:12.549 17044 17044 I SkipInfo: [SKIP_DEBUG] segment[0]: type=片头, start=0ms (0s), end=175000ms (175s), source=pgc_clip
05-31 12:21:12.549 17044 17044 I SkipInfo: [SKIP_DEBUG] INTRO not triggered: introSkipped=true, userSeekedToIntro=false, tInRange=false
05-31 12:21:12.549 17044 17044 I SkipInfo: [SKIP_DEBUG] segment[1]: type=片尾, start=2525000ms (2525s), end=2704000ms (2704s), source=pgc_clip
05-31 12:21:12.549 17044 17044 I SkipInfo: [SKIP_DEBUG] OUTRO check: t=2735672ms >= start=2525000ms ? true, t < end=2704000ms ? false, outroPromptShown=true
05-31 12:21:12.549 17044 17044 I SkipInfo: [SKIP_DEBUG] checkSkip END, no action taken
05-31 12:21:12.565 17044 17044 I SkipInfo: [SKIP_DEBUG] ========== checkSkip START ==========
05-31 12:21:12.565 17044 17044 I SkipInfo: [SKIP_DEBUG] current position t=2735684ms (2735s)
05-31 12:21:12.565 17044 17044 I SkipInfo: [SKIP_DEBUG] skips count=2
05-31 12:21:12.565 17044 17044 I SkipInfo: [SKIP_DEBUG] introSkipped=true, outroPromptShown=true, userSeekedToIntro=false
05-31 12:21:12.567 17044 17044 I SkipInfo: [SKIP_DEBUG] segment[0]: type=片头, start=0ms (0s), end=175000ms (175s), source=pgc_clip
05-31 12:21:12.568 17044 17044 I SkipInfo: [SKIP_DEBUG] INTRO not triggered: introSkipped=true, userSeekedToIntro=false, tInRange=false
05-31 12:21:12.568 17044 17044 I SkipInfo: [SKIP_DEBUG] segment[1]: type=片尾, start=2525000ms (2525s), end=2704000ms (2704s), source=pgc_clip
05-31 12:21:12.568 17044 17044 I SkipInfo: [SKIP_DEBUG] OUTRO check: t=2735684ms >= start=2525000ms ? true, t < end=2704000ms ? false, outroPromptShown=true
05-31 12:21:12.568 17044 17044 I SkipInfo: [SKIP_DEBUG] checkSkip END, no action taken
05-31 12:21:12.582 17044 17044 I SkipInfo: [SKIP_DEBUG] ========== checkSkip START ==========
05-31 12:21:12.582 17044 17044 I SkipInfo: [SKIP_DEBUG] current position t=2735706ms (2735s)
05-31 12:21:12.582 17044 17044 I SkipInfo: [SKIP_DEBUG] skips count=2
05-31 12:21:12.582 17044 17044 I SkipInfo: [SKIP_DEBUG] introSkipped=true, outroPromptShown=true, userSeekedToIntro=false
05-31 12:21:12.582 17044 17044 I SkipInfo: [SKIP_DEBUG] segment[0]: type=片头, start=0ms (0s), end=175000ms (175s), source=pgc_clip
05-31 12:21:12.582 17044 17044 I SkipInfo: [SKIP_DEBUG] INTRO not triggered: introSkipped=true, userSeekedToIntro=false, tInRange=false
05-31 12:21:12.583 17044 17044 I SkipInfo: [SKIP_DEBUG] segment[1]: type=片尾, start=2525000ms (2525s), end=2704000ms (2704s), source=pgc_clip
05-31 12:21:12.583 17044 17044 I SkipInfo: [SKIP_DEBUG] OUTRO check: t=2735706ms >= start=2525000ms ? true, t < end=2704000ms ? false, outroPromptShown=true
05-31 12:21:12.583 17044 17044 I SkipInfo: [SKIP_DEBUG] checkSkip END, no action taken
05-31 12:21:12.599 17044 17044 I SkipInfo: [SKIP_DEBUG] ========== checkSkip START ==========
05-31 12:21:12.599 17044 17044 I SkipInfo: [SKIP_DEBUG] current position t=2735718ms (2735s)
05-31 12:21:12.599 17044 17044 I SkipInfo: [SKIP_DEBUG] skips count=2
05-31 12:21:12.599 17044 17044 I SkipInfo: [SKIP_DEBUG] introSkipped=true, outroPromptShown=true, userSeekedToIntro=false
05-31 12:21:12.599 17044 17044 I SkipInfo: [SKIP_DEBUG] segment[0]: type=片头, start=0ms (0s), end=175000ms (175s), source=pgc_clip
05-31 12:21:12.599 17044 17044 I SkipInfo: [SKIP_DEBUG] INTRO not triggered: introSkipped=true, userSeekedToIntro=false, tInRange=false
05-31 12:21:12.599 17044 17044 I SkipInfo: [SKIP_DEBUG] segment[1]: type=片尾, start=2525000ms (2525s), end=2704000ms (2704s), source=pgc_clip
05-31 12:21:12.599 17044 17044 I SkipInfo: [SKIP_DEBUG] OUTRO check: t=2735718ms >= start=2525000ms ? true, t < end=2704000ms ? false, outroPromptShown=true
05-31 12:21:12.599 17044 17044 I SkipInfo: [SKIP_DEBUG] checkSkip END, no action taken
05-31 12:21:12.616 17044 17044 I SkipInfo: [SKIP_DEBUG] ========== checkSkip START ==========
05-31 12:21:12.616 17044 17044 I SkipInfo: [SKIP_DEBUG] current position t=2735733ms (2735s)
05-31 12:21:12.616 17044 17044 I SkipInfo: [SKIP_DEBUG] skips count=2
05-31 12:21:12.616 17044 17044 I SkipInfo: [SKIP_DEBUG] introSkipped=true, outroPromptShown=true, userSeekedToIntro=false
05-31 12:21:12.616 17044 17044 I SkipInfo: [SKIP_DEBUG] segment[0]: type=片头, start=0ms (0s), end=175000ms (175s), source=pgc_clip
05-31 12:21:12.616 17044 17044 I SkipInfo: [SKIP_DEBUG] INTRO not triggered: introSkipped=true, userSeekedToIntro=false, tInRange=false
05-31 12:21:12.616 17044 17044 I SkipInfo: [SKIP_DEBUG] segment[1]: type=片尾, start=2525000ms (2525s), end=2704000ms (2704s), source=pgc_clip
05-31 12:21:12.616 17044 17044 I SkipInfo: [SKIP_DEBUG] OUTRO check: t=2735733ms >= start=2525000ms ? true, t < end=2704000ms ? false, outroPromptShown=true
05-31 12:21:12.616 17044 17044 I SkipInfo: [SKIP_DEBUG] checkSkip END, no action taken
05-31 12:21:12.632 17044 17044 I SkipInfo: [SKIP_DEBUG] ========== checkSkip START ==========
05-31 12:21:12.632 17044 17044 I SkipInfo: [SKIP_DEBUG] current position t=2735751ms (2735s)
05-31 12:21:12.632 17044 17044 I SkipInfo: [SKIP_DEBUG] skips count=2
05-31 12:21:12.632 17044 17044 I SkipInfo: [SKIP_DEBUG] introSkipped=true, outroPromptShown=true, userSeekedToIntro=false
05-31 12:21:12.632 17044 17044 I SkipInfo: [SKIP_DEBUG] segment[0]: type=片头, start=0ms (0s), end=175000ms (175s), source=pgc_clip
05-31 12:21:12.633 17044 17044 I SkipInfo: [SKIP_DEBUG] INTRO not triggered: introSkipped=true, userSeekedToIntro=false, tInRange=false
05-31 12:21:12.633 17044 17044 I SkipInfo: [SKIP_DEBUG] segment[1]: type=片尾, start=2525000ms (2525s), end=2704000ms (2704s), source=pgc_clip
05-31 12:21:12.633 17044 17044 I SkipInfo: [SKIP_DEBUG] OUTRO check: t=2735751ms >= start=2525000ms ? true, t < end=2704000ms ? false, outroPromptShown=true
05-31 12:21:12.633 17044 17044 I SkipInfo: [SKIP_DEBUG] checkSkip END, no action taken
05-31 12:21:12.649 17044 17044 I SkipInfo: [SKIP_DEBUG] ========== checkSkip START ==========
05-31 12:21:12.649 17044 17044 I SkipInfo: [SKIP_DEBUG] current position t=2735764ms (2735s)
05-31 12:21:12.649 17044 17044 I SkipInfo: [SKIP_DEBUG] skips count=2
05-31 12:21:12.650 17044 17044 I SkipInfo: [SKIP_DEBUG] introSkipped=true, outroPromptShown=true, userSeekedToIntro=false
05-31 12:21:12.650 17044 17044 I SkipInfo: [SKIP_DEBUG] segment[0]: type=片头, start=0ms (0s), end=175000ms (175s), source=pgc_clip
05-31 12:21:12.650 17044 17044 I SkipInfo: [SKIP_DEBUG] INTRO not triggered: introSkipped=true, userSeekedToIntro=false, tInRange=false
05-31 12:21:12.650 17044 17044 I SkipInfo: [SKIP_DEBUG] segment[1]: type=片尾, start=2525000ms (2525s), end=2704000ms (2704s), source=pgc_clip
05-31 12:21:12.650 17044 17044 I SkipInfo: [SKIP_DEBUG] OUTRO check: t=2735764ms >= start=2525000ms ? true, t < end=2704000ms ? false, outroPromptShown=true
05-31 12:21:12.650 17044 17044 I SkipInfo: [SKIP_DEBUG] checkSkip END, no action taken
05-31 12:21:12.665 17044 17044 I SkipInfo: [SKIP_DEBUG] ========== checkSkip START ==========
05-31 12:21:12.665 17044 17044 I SkipInfo: [SKIP_DEBUG] current position t=2735781ms (2735s)
05-31 12:21:12.665 17044 17044 I SkipInfo: [SKIP_DEBUG] skips count=2
05-31 12:21:12.665 17044 17044 I SkipInfo: [SKIP_DEBUG] introSkipped=true, outroPromptShown=true, userSeekedToIntro=false
05-31 12:21:12.665 17044 17044 I SkipInfo: [SKIP_DEBUG] segment[0]: type=片头, start=0ms (0s), end=175000ms (175s), source=pgc_clip
05-31 12:21:12.665 17044 17044 I SkipInfo: [SKIP_DEBUG] INTRO not triggered: introSkipped=true, userSeekedToIntro=false, tInRange=false
05-31 12:21:12.665 17044 17044 I SkipInfo: [SKIP_DEBUG] segment[1]: type=片尾, start=2525000ms (2525s), end=2704000ms (2704s), source=pgc_clip
05-31 12:21:12.665 17044 17044 I SkipInfo: [SKIP_DEBUG] OUTRO check: t=2735781ms >= start=2525000ms ? true, t < end=2704000ms ? false, outroPromptShown=true
05-31 12:21:12.666 17044 17044 I SkipInfo: [SKIP_DEBUG] checkSkip END, no action taken
05-31 12:21:12.681 17044 17056 I uii.ang.bilitv: Background young concurrent copying GC freed 114842(7818KB) AllocSpace objects, 0(0B) LOS objects, 8% free, 72MB/78MB, paused 344us total 134.206ms
05-31 12:21:12.682 17044 17044 I SkipInfo: [SKIP_DEBUG] ========== checkSkip START ==========
05-31 12:21:12.682 17044 17044 I SkipInfo: [SKIP_DEBUG] current position t=2735797ms (2735s)
05-31 12:21:12.682 17044 17044 I SkipInfo: [SKIP_DEBUG] skips count=2
05-31 12:21:12.682 17044 17044 I SkipInfo: [SKIP_DEBUG] introSkipped=true, outroPromptShown=true, userSeekedToIntro=false
05-31 12:21:12.682 17044 17044 I SkipInfo: [SKIP_DEBUG] segment[0]: type=片头, start=0ms (0s), end=175000ms (175s), source=pgc_clip
05-31 12:21:12.683 17044 17044 I SkipInfo: [SKIP_DEBUG] INTRO not triggered: introSkipped=true, userSeekedToIntro=false, tInRange=false
05-31 12:21:12.683 17044 17044 I SkipInfo: [SKIP_DEBUG] segment[1]: type=片尾, start=2525000ms (2525s), end=2704000ms (2704s), source=pgc_clip
05-31 12:21:12.683 17044 17044 I SkipInfo: [SKIP_DEBUG] OUTRO check: t=2735797ms >= start=2525000ms ? true, t < end=2704000ms ? false, outroPromptShown=true
05-31 12:21:12.683 17044 17044 I SkipInfo: [SKIP_DEBUG] checkSkip END, no action taken
05-31 12:21:12.692 17044 18137 I MediaCodec: Q in first video ,PTS = 1002700000000, size = 81639
05-31 12:21:12.692 17044 18142 I MediaCodec: [0xb3bc9c00][QIB]V, QIB:26/s, QIB num:9482
05-31 12:21:12.699 17044 17044 I SkipInfo: [SKIP_DEBUG] ========== checkSkip START ==========
05-31 12:21:12.699 17044 17044 I SkipInfo: [SKIP_DEBUG] current position t=2735813ms (2735s)
05-31 12:21:12.699 17044 17044 I SkipInfo: [SKIP_DEBUG] skips count=2
05-31 12:21:12.699 17044 17044 I SkipInfo: [SKIP_DEBUG] introSkipped=true, outroPromptShown=true, userSeekedToIntro=false
05-31 12:21:12.699 17044 17044 I SkipInfo: [SKIP_DEBUG] segment[0]: type=片头, start=0ms (0s), end=175000ms (175s), source=pgc_clip
05-31 12:21:12.699 17044 17044 I SkipInfo: [SKIP_DEBUG] INTRO not triggered: introSkipped=true, userSeekedToIntro=false, tInRange=false
05-31 12:21:12.699 17044 17044 I SkipInfo: [SKIP_DEBUG] segment[1]: type=片尾, start=2525000ms (2525s), end=2704000ms (2704s), source=pgc_clip
05-31 12:21:12.699 17044 17044 I SkipInfo: [SKIP_DEBUG] OUTRO check: t=2735813ms >= start=2525000ms ? true, t < end=2704000ms ? false, outroPromptShown=true
05-31 12:21:12.699 17044 17044 I SkipInfo: [SKIP_DEBUG] checkSkip END, no action taken
05-31 12:21:12.717 17044 17044 I SkipInfo: [SKIP_DEBUG] ========== checkSkip START ==========
05-31 12:21:12.718 17044 17044 I SkipInfo: [SKIP_DEBUG] current position t=2735828ms (2735s)
05-31 12:21:12.718 17044 17044 I SkipInfo: [SKIP_DEBUG] skips count=2
05-31 12:21:12.718 17044 17044 I SkipInfo: [SKIP_DEBUG] introSkipped=true, outroPromptShown=true, userSeekedToIntro=false
05-31 12:21:12.718 17044 17044 I SkipInfo: [SKIP_DEBUG] segment[0]: type=片头, start=0ms (0s), end=175000ms (175s), source=pgc_clip
05-31 12:21:12.718 17044 17044 I SkipInfo: [SKIP_DEBUG] INTRO not triggered: introSkipped=true, userSeekedToIntro=false, tInRange=false
05-31 12:21:12.718 17044 17044 I SkipInfo: [SKIP_DEBUG] segment[1]: type=片尾, start=2525000ms (2525s), end=2704000ms (2704s), source=pgc_clip
05-31 12:21:12.718 17044 17044 I SkipInfo: [SKIP_DEBUG] OUTRO check: t=2735828ms >= start=2525000ms ? true, t < end=2704000ms ? false, outroPromptShown=true
05-31 12:21:12.718 17044 17044 I SkipInfo: [SKIP_DEBUG] checkSkip END, no action taken
05-31 12:21:12.728 17044 18137 I MediaCodec: Q in first audio ,PTS = 1002704383500, size = 853
05-31 12:21:12.732 17044 17044 I SkipInfo: [SKIP_DEBUG] ========== checkSkip START ==========
05-31 12:21:12.733 17044 17044 I SkipInfo: [SKIP_DEBUG] current position t=2735834ms (2735s)
05-31 12:21:12.733 17044 17044 I SkipInfo: [SKIP_DEBUG] skips count=2
05-31 12:21:12.733 17044 17044 I SkipInfo: [SKIP_DEBUG] introSkipped=true, outroPromptShown=true, userSeekedToIntro=false
05-31 12:21:12.733 17044 17044 I SkipInfo: [SKIP_DEBUG] segment[0]: type=片头, start=0ms (0s), end=175000ms (175s), source=pgc_clip
05-31 12:21:12.733 17044 17044 I SkipInfo: [SKIP_DEBUG] INTRO not triggered: introSkipped=true, userSeekedToIntro=false, tInRange=false
05-31 12:21:12.733 17044 17044 I SkipInfo: [SKIP_DEBUG] segment[1]: type=片尾, start=2525000ms (2525s), end=2704000ms (2704s), source=pgc_clip
05-31 12:21:12.733 17044 17044 I SkipInfo: [SKIP_DEBUG] OUTRO check: t=2735834ms >= start=2525000ms ? true, t < end=2704000ms ? false, outroPromptShown=true
05-31 12:21:12.733 17044 17044 I SkipInfo: [SKIP_DEBUG] checkSkip END, no action taken
05-31 12:21:12.736 17044 18142 I MediaCodec: [0xb3bc9c00][ROB]V id:0,mt:1002700000000,r:0,drop frame
05-31 12:21:12.749 17044 17044 I SkipInfo: [SKIP_DEBUG] ========== checkSkip START ==========
05-31 12:21:12.749 17044 17044 I SkipInfo: [SKIP_DEBUG] current position t=2735858ms (2735s)
05-31 12:21:12.749 17044 17044 I SkipInfo: [SKIP_DEBUG] skips count=2
05-31 12:21:12.749 17044 17044 I SkipInfo: [SKIP_DEBUG] introSkipped=true, outroPromptShown=true, userSeekedToIntro=false
05-31 12:21:12.749 17044 17044 I SkipInfo: [SKIP_DEBUG] segment[0]: type=片头, start=0ms (0s), end=175000ms (175s), source=pgc_clip
05-31 12:21:12.750 17044 17044 I SkipInfo: [SKIP_DEBUG] INTRO not triggered: introSkipped=true, userSeekedToIntro=false, tInRange=false
05-31 12:21:12.750 17044 17044 I SkipInfo: [SKIP_DEBUG] segment[1]: type=片尾, start=2525000ms (2525s), end=2704000ms (2704s), source=pgc_clip
05-31 12:21:12.750 17044 17044 I SkipInfo: [SKIP_DEBUG] OUTRO check: t=2735858ms >= start=2525000ms ? true, t < end=2704000ms ? false, outroPromptShown=true
05-31 12:21:12.750 17044 17044 I SkipInfo: [SKIP_DEBUG] checkSkip END, no action taken
05-31 12:21:12.758 17044 18279 I PgcPlayUrl: Response code=200, message=[B@ec95530
05-31 12:21:12.758 17044 18279 I PgcPlayUrl: qiVar.a()=true (isSuccess)
05-31 12:21:12.758 17044 18279 I PlaySpeed: [QI_PARSE_START] qi.a() start, cid=197718674
05-31 12:21:12.765 17044 17044 I SkipInfo: [SKIP_DEBUG] ========== checkSkip START ==========
05-31 12:21:12.765 17044 17044 I SkipInfo: [SKIP_DEBUG] current position t=2735862ms (2735s)
05-31 12:21:12.765 17044 17044 I SkipInfo: [SKIP_DEBUG] skips count=2
05-31 12:21:12.765 17044 17044 I SkipInfo: [SKIP_DEBUG] introSkipped=true, outroPromptShown=true, userSeekedToIntro=false
05-31 12:21:12.765 17044 17044 I SkipInfo: [SKIP_DEBUG] segment[0]: type=片头, start=0ms (0s), end=175000ms (175s), source=pgc_clip
05-31 12:21:12.765 17044 17044 I SkipInfo: [SKIP_DEBUG] INTRO not triggered: introSkipped=true, userSeekedToIntro=false, tInRange=false
05-31 12:21:12.766 17044 17044 I SkipInfo: [SKIP_DEBUG] segment[1]: type=片尾, start=2525000ms (2525s), end=2704000ms (2704s), source=pgc_clip
05-31 12:21:12.766 17044 17044 I SkipInfo: [SKIP_DEBUG] OUTRO check: t=2735862ms >= start=2525000ms ? true, t < end=2704000ms ? false, outroPromptShown=true
05-31 12:21:12.766 17044 17044 I SkipInfo: [SKIP_DEBUG] checkSkip END, no action taken
05-31 12:21:12.770 17044 18279 I PgcPlayUrl: ========== PGC PlayUrl Response ==========
05-31 12:21:12.770 17044 18279 I PgcPlayUrl: Response length: 61096
05-31 12:21:12.773 17044 18279 I PgcPlayUrl: Found 'result' object
05-31 12:21:12.773 17044 18279 I PgcPlayUrl: code=0, message=Success
05-31 12:21:12.773 17044 18279 I PgcPlayUrl: format=flv, quality=80
05-31 12:21:12.773 17044 18279 I PgcPlayUrl: accept_quality=[120,80,64,32,16]
05-31 12:21:12.773 17044 18279 I PgcPlayUrl: accept_format raw=hdflv2,flv,flv720,flv480,mp4
05-31 12:21:12.773 17044 18279 I PgcPlayUrl: accept_format parsed=[hdflv2, flv, flv720, flv480, mp4]
05-31 12:21:12.773 17044 18279 I PgcPlayUrl: dash object=exists
05-31 12:21:12.774 17044 18279 I PgcPlayUrl: dash.video=10 items
05-31 12:21:12.774 17044 18279 I PlaySpeed: [QI_PARSE] dash=YES, parseResponse elapsed=16ms
05-31 12:21:12.775 17044 18279 I PgcPlayUrl: Found clip_info_list, count=2
05-31 12:21:12.775 17044 18279 I PlaySpeed: [QI_PARSE_DASH] DASH MediaResource built, elapsed=17ms
05-31 12:21:12.776 17044 18279 I PgcPlayUrl: MediaResource resolved successfully
05-31 12:21:12.776 17044 18279 I PlaySpeed: [PGC_RESOLVE_END] qh.resolveMediaResource() done, elapsed=324ms, hasDash=true
05-31 12:21:12.782 17044 17044 I SkipInfo: [SKIP_DEBUG] ========== checkSkip START ==========
05-31 12:21:12.782 17044 17044 I SkipInfo: [SKIP_DEBUG] current position t=2735889ms (2735s)
05-31 12:21:12.782 17044 17044 I SkipInfo: [SKIP_DEBUG] skips count=2
05-31 12:21:12.782 17044 17044 I SkipInfo: [SKIP_DEBUG] introSkipped=true, outroPromptShown=true, userSeekedToIntro=false
05-31 12:21:12.782 17044 17044 I SkipInfo: [SKIP_DEBUG] segment[0]: type=片头, start=0ms (0s), end=175000ms (175s), source=pgc_clip
05-31 12:21:12.782 17044 17044 I SkipInfo: [SKIP_DEBUG] INTRO not triggered: introSkipped=true, userSeekedToIntro=false, tInRange=false
05-31 12:21:12.782 17044 17044 I SkipInfo: [SKIP_DEBUG] segment[1]: type=片尾, start=2525000ms (2525s), end=2704000ms (2704s), source=pgc_clip
05-31 12:21:12.782 17044 17044 I SkipInfo: [SKIP_DEBUG] OUTRO check: t=2735889ms >= start=2525000ms ? true, t < end=2704000ms ? false, outroPromptShown=true
05-31 12:21:12.782 17044 17044 I SkipInfo: [SKIP_DEBUG] checkSkip END, no action taken
05-31 12:21:12.795 17044 18277 I PlaySpeed: [ZE_RESOLVE_END] ze.a() done, elapsed=370ms, hasDash=true, isVaild=true
05-31 12:21:12.795 17044 18277 I PlaySpeed: [CLIP_INFO] Set clip_info_list to ResolveResourceParams, count=2
05-31 12:21:12.795 17044 18277 I SkipInfo: [UPDATE_DEBUG] ========== updateSkipInfoFromClipInfoList START ==========
05-31 12:21:12.795 17044 18277 I SkipInfo: [UPDATE_DEBUG] clip_info_list count=2
05-31 12:21:12.795 17044 18277 I SkipInfo: [UPDATE_DEBUG] this.skips before update: null
05-31 12:21:12.795 17044 18277 I SkipInfo: [CLIP_DEBUG] ========== extractSkipInfoFromClipInfoList START ==========
05-31 12:21:12.795 17044 18277 I SkipInfo: [CLIP_DEBUG] clip_info_list count=2
05-31 12:21:12.795 17044 18277 I SkipInfo: [CLIP_DEBUG] clip_info_list raw: [{"materialNo":0,"start":0,"end":175,"toastText":"即将跳过片头","clipType":"CLIP_TYPE_OP"},{"materialNo":0,"start":2527,"end":2706,"toastText":"即将跳过片尾","clipType":"CLIP_TYPE_ED"}]
05-31 12:21:12.796 17044 18277 I SkipInfo: [CLIP_DEBUG] skip_categories: [sponsor, intro, outro]
05-31 12:21:12.796 17044 18277 I SkipInfo: [CLIP_DEBUG] clip[0] raw: {"materialNo":0,"start":0,"end":175,"toastText":"即将跳过片头","clipType":"CLIP_TYPE_OP"}
05-31 12:21:12.796 17044 18277 I SkipInfo: [CLIP_DEBUG] clip[0] clipType=CLIP_TYPE_OP
05-31 12:21:12.796 17044 18277 I SkipInfo: [CLIP_DEBUG] clip[0] 片头 startRaw=0.0, endRaw=175.0
05-31 12:21:12.796 17044 18142 I MediaCodec: [0xb3bc9c00][ROB]V id:1,mt:1002700040000,r:0,drop frame
05-31 12:21:12.796 17044 18142 I MediaCodec: [0xb3bc9c00][ROB]V id:3,mt:1002700080000,r:0,drop frame
05-31 12:21:12.796 17044 18277 I SkipInfo: [CLIP_DEBUG] normalizeClipTimeToMs: input=0.0, unit=s->ms, result=0ms
05-31 12:21:12.797 17044 18142 I MediaCodec: [0xb3bc9c00][ROB]V id:5,mt:1002700120000,r:0,drop frame
05-31 12:21:12.797 17044 18277 I SkipInfo: [CLIP_DEBUG] normalizeClipTimeToMs: input=175.0, unit=s->ms, result=175000ms
05-31 12:21:12.800 17044 17044 I SkipInfo: [SKIP_DEBUG] ========== checkSkip START ==========
05-31 12:21:12.800 17044 17044 I SkipInfo: [SKIP_DEBUG] current position t=2735905ms (2735s)
05-31 12:21:12.800 17044 17044 I SkipInfo: [SKIP_DEBUG] skips count=2
05-31 12:21:12.800 17044 17044 I SkipInfo: [SKIP_DEBUG] introSkipped=true, outroPromptShown=true, userSeekedToIntro=false
05-31 12:21:12.800 17044 17044 I SkipInfo: [SKIP_DEBUG] segment[0]: type=片头, start=0ms (0s), end=175000ms (175s), source=pgc_clip
05-31 12:21:12.800 17044 17044 I SkipInfo: [SKIP_DEBUG] INTRO not triggered: introSkipped=true, userSeekedToIntro=false, tInRange=false
05-31 12:21:12.800 17044 17044 I SkipInfo: [SKIP_DEBUG] segment[1]: type=片尾, start=2525000ms (2525s), end=2704000ms (2704s), source=pgc_clip
05-31 12:21:12.801 17044 17044 I SkipInfo: [SKIP_DEBUG] OUTRO check: t=2735905ms >= start=2525000ms ? true, t < end=2704000ms ? false, outroPromptShown=true
05-31 12:21:12.801 17044 17044 I SkipInfo: [SKIP_DEBUG] checkSkip END, no action taken
05-31 12:21:12.802 17044 18142 I MediaCodec: [0xb3bc9c00][ROB]V id:6,mt:1002700160000,r:0,drop frame
05-31 12:21:12.802 17044 18277 I SkipInfo: [CLIP_DEBUG] clip[0] 片头 startMs=0ms (0s), endMs=175000ms (175s)
05-31 12:21:12.802 17044 18277 I SkipInfo: [CLIP_DEBUG] Added clip segment: 片头 0-175000ms (0-175s)
05-31 12:21:12.803 17044 18277 I SkipInfo: [CLIP_DEBUG] clip[1] raw: {"materialNo":0,"start":2527,"end":2706,"toastText":"即将跳过片尾","clipType":"CLIP_TYPE_ED"}
05-31 12:21:12.803 17044 18142 I MediaCodec: [0xb3bc9c00][ROB]V id:7,mt:1002700200000,r:0,drop frame
05-31 12:21:12.803 17044 18277 I SkipInfo: [CLIP_DEBUG] clip[1] clipType=CLIP_TYPE_ED
05-31 12:21:12.803 17044 18277 I SkipInfo: [CLIP_DEBUG] clip[1] 片尾 startRaw=2527.0, endRaw=2706.0
05-31 12:21:12.803 17044 18277 I SkipInfo: [CLIP_DEBUG] normalizeClipTimeToMs: input=2527.0, unit=s->ms, result=2527000ms
05-31 12:21:12.803 17044 18277 I SkipInfo: [CLIP_DEBUG] normalizeClipTimeToMs: input=2706.0, unit=s->ms, result=2706000ms
05-31 12:21:12.803 17044 18277 I SkipInfo: [CLIP_DEBUG] clip[1] 片尾 startMs=2527000ms (2527s), endMs=2706000ms (2706s)
05-31 12:21:12.803 17044 18277 I SkipInfo: [CLIP_DEBUG] Added clip segment: 片尾 2527000-2706000ms (2527-2706s)
05-31 12:21:12.803 17044 18277 I SkipInfo: [CLIP_DEBUG] extractSkipInfoFromClipInfoList END, result count=2
05-31 12:21:12.804 17044 18277 I SkipInfo: [UPDATE_DEBUG] clipSegments extracted: [{"type":"片头","start":0,"end":175000,"source":"pgc_clip"},{"type":"片尾","start":2527000,"end":2706000,"source":"pgc_clip"}]
05-31 12:21:12.804 17044 18277 I SkipInfo: [UPDATE_DEBUG] result after clip only: [{"type":"片头","start":0,"end":175000,"source":"pgc_clip"},{"type":"片尾","start":2527000,"end":2706000,"source":"pgc_clip"}]
05-31 12:21:12.804 17044 18277 I SkipInfo: [UPDATE_DEBUG] this.skips after update: [{"type":"片头","start":0,"end":175000,"source":"pgc_clip"},{"type":"片尾","start":2527000,"end":2706000,"source":"pgc_clip"}]
05-31 12:21:12.804 17044 18277 I SkipInfo: [UPDATE_DEBUG] updateSkipInfoFromClipInfoList END, total=2
05-31 12:21:12.808 17044 18142 I MediaCodec: [0xb3bc9c00][ROB]V id:8,mt:1002700240000,r:0,drop frame
05-31 12:21:12.816 17044 17044 I SkipInfo: [SKIP_DEBUG] ========== checkSkip START ==========
05-31 12:21:12.816 17044 17044 I SkipInfo: [SKIP_DEBUG] current position t=2735918ms (2735s)
05-31 12:21:12.816 17044 17044 I SkipInfo: [SKIP_DEBUG] skips count=2
05-31 12:21:12.817 17044 17044 I SkipInfo: [SKIP_DEBUG] introSkipped=true, outroPromptShown=true, userSeekedToIntro=false
05-31 12:21:12.817 17044 17044 I SkipInfo: [SKIP_DEBUG] segment[0]: type=片头, start=0ms (0s), end=175000ms (175s), source=pgc_clip
05-31 12:21:12.817 17044 17044 I SkipInfo: [SKIP_DEBUG] INTRO not triggered: introSkipped=true, userSeekedToIntro=false, tInRange=false
05-31 12:21:12.817 17044 17044 I SkipInfo: [SKIP_DEBUG] segment[1]: type=片尾, start=2525000ms (2525s), end=2704000ms (2704s), source=pgc_clip
05-31 12:21:12.817 17044 17044 I SkipInfo: [SKIP_DEBUG] OUTRO check: t=2735918ms >= start=2525000ms ? true, t < end=2704000ms ? false, outroPromptShown=true
05-31 12:21:12.817 17044 17044 I SkipInfo: [SKIP_DEBUG] checkSkip END, no action taken
05-31 12:21:12.828 17044 17044 I ExoPlayerImpl: [LOADING] onLoadingChanged=false
05-31 12:21:12.829 17044 17044 I ExoPlayerImpl: [LOADING] isLoading=false, position=2704372ms
05-31 12:21:12.829 17044 18142 I MediaCodec: [0xb3bc9c00][ROB]V id:0,mt:1002700280000,r:0,drop frame
05-31 12:21:12.829 17044 18142 I MediaCodec: [0xb3bc9c00][ROB]V id:1,mt:1002700320000,r:0,drop frame
05-31 12:21:12.834 17044 18142 I MediaCodec: [0xb3bc9c00][ROB]V id:3,mt:1002700360000,r:0,drop frame
05-31 12:21:12.834 17044 17044 I SkipInfo: [SKIP_DEBUG] ========== checkSkip START ==========
05-31 12:21:12.834 17044 17044 I SkipInfo: [SKIP_DEBUG] current position t=2735935ms (2735s)
05-31 12:21:12.834 17044 17044 I SkipInfo: [SKIP_DEBUG] skips count=2
05-31 12:21:12.834 17044 17044 I SkipInfo: [SKIP_DEBUG] introSkipped=true, outroPromptShown=true, userSeekedToIntro=false
05-31 12:21:12.834 17044 17044 I SkipInfo: [SKIP_DEBUG] segment[0]: type=片头, start=0ms (0s), end=175000ms (175s), source=pgc_clip
05-31 12:21:12.834 17044 17044 I SkipInfo: [SKIP_DEBUG] INTRO not triggered: introSkipped=true, userSeekedToIntro=false, tInRange=false
05-31 12:21:12.834 17044 17044 I SkipInfo: [SKIP_DEBUG] segment[1]: type=片尾, start=2525000ms (2525s), end=2704000ms (2704s), source=pgc_clip
05-31 12:21:12.834 17044 17044 I SkipInfo: [SKIP_DEBUG] OUTRO check: t=2735935ms >= start=2525000ms ? true, t < end=2704000ms ? false, outroPromptShown=true
05-31 12:21:12.834 17044 17044 I SkipInfo: [SKIP_DEBUG] checkSkip END, no action taken
05-31 12:21:12.835 17044 18142 I MediaCodec: [0xb3bc9c00][ROB]V id:5,mt:1002700400000,r:0,drop frame
05-31 12:21:12.838 17044 18142 I MediaCodec: [0xb3bc9c00][ROB]V id:6,mt:1002700440000,r:0,drop frame
05-31 12:21:12.850 17044 17044 I SkipInfo: [SKIP_DEBUG] ========== checkSkip START ==========
05-31 12:21:12.850 17044 17044 I SkipInfo: [SKIP_DEBUG] current position t=2735949ms (2735s)
05-31 12:21:12.850 17044 17044 I SkipInfo: [SKIP_DEBUG] skips count=2
05-31 12:21:12.850 17044 17044 I SkipInfo: [SKIP_DEBUG] introSkipped=true, outroPromptShown=true, userSeekedToIntro=false
05-31 12:21:12.850 17044 17044 I SkipInfo: [SKIP_DEBUG] segment[0]: type=片头, start=0ms (0s), end=175000ms (175s), source=pgc_clip
05-31 12:21:12.850 17044 17044 I SkipInfo: [SKIP_DEBUG] INTRO not triggered: introSkipped=true, userSeekedToIntro=false, tInRange=false
05-31 12:21:12.850 17044 17044 I SkipInfo: [SKIP_DEBUG] segment[1]: type=片尾, start=2525000ms (2525s), end=2704000ms (2704s), source=pgc_clip
05-31 12:21:12.850 17044 17044 I SkipInfo: [SKIP_DEBUG] OUTRO check: t=2735949ms >= start=2525000ms ? true, t < end=2704000ms ? false, outroPromptShown=true
05-31 12:21:12.850 17044 17044 I SkipInfo: [SKIP_DEBUG] checkSkip END, no action taken
05-31 12:21:12.857 17044 18142 I MediaCodec: [0xb3bc9c00][ROB]V id:7,mt:1002700480000,r:0,drop frame
05-31 12:21:12.858 17044 18142 I MediaCodec: [0xb3bc9c00][ROB]V id:8,mt:1002700520000,r:0,drop frame
05-31 12:21:12.864 17044 18142 I MediaCodec: [0xb3bc9c00][ROB]V id:0,mt:1002700560000,r:0,drop frame
05-31 12:21:12.866 17044 17044 I SkipInfo: [SKIP_DEBUG] ========== checkSkip START ==========
05-31 12:21:12.866 17044 17044 I SkipInfo: [SKIP_DEBUG] current position t=2735965ms (2735s)
05-31 12:21:12.866 17044 17044 I SkipInfo: [SKIP_DEBUG] skips count=2
05-31 12:21:12.866 17044 17044 I SkipInfo: [SKIP_DEBUG] introSkipped=true, outroPromptShown=true, userSeekedToIntro=false
05-31 12:21:12.866 17044 17044 I SkipInfo: [SKIP_DEBUG] segment[0]: type=片头, start=0ms (0s), end=175000ms (175s), source=pgc_clip
05-31 12:21:12.867 17044 17044 I SkipInfo: [SKIP_DEBUG] INTRO not triggered: introSkipped=true, userSeekedToIntro=false, tInRange=false
05-31 12:21:12.867 17044 17044 I SkipInfo: [SKIP_DEBUG] segment[1]: type=片尾, start=2525000ms (2525s), end=2704000ms (2704s), source=pgc_clip
05-31 12:21:12.867 17044 17044 I SkipInfo: [SKIP_DEBUG] OUTRO check: t=2735965ms >= start=2525000ms ? true, t < end=2704000ms ? false, outroPromptShown=true
05-31 12:21:12.867 17044 17044 I SkipInfo: [SKIP_DEBUG] checkSkip END, no action taken
05-31 12:21:12.877 17044 18142 I MediaCodec: [0xb3bc9c00][ROB]V id:1,mt:1002700600000,r:0,drop frame
05-31 12:21:12.878 17044 18142 I MediaCodec: [0xb3bc9c00][ROB]V id:3,mt:1002700640000,r:0,drop frame
05-31 12:21:12.879 17044 18142 I MediaCodec: [0xb3bc9c00][ROB]V id:5,mt:1002700680000,r:0,drop frame
05-31 12:21:12.880 17044 18142 I MediaCodec: [0xb3bc9c00][ROB]V id:6,mt:1002700720000,r:0,drop frame
05-31 12:21:12.880 17044 18142 I MediaCodec: [0xb3bc9c00][ROB]V id:7,mt:1002700760000,r:0,drop frame
05-31 12:21:12.883 17044 17044 I SkipInfo: [SKIP_DEBUG] ========== checkSkip START ==========
05-31 12:21:12.883 17044 17044 I SkipInfo: [SKIP_DEBUG] current position t=2735974ms (2735s)
05-31 12:21:12.883 17044 17044 I SkipInfo: [SKIP_DEBUG] skips count=2
05-31 12:21:12.883 17044 17044 I SkipInfo: [SKIP_DEBUG] introSkipped=true, outroPromptShown=true, userSeekedToIntro=false
05-31 12:21:12.883 17044 17044 I SkipInfo: [SKIP_DEBUG] segment[0]: type=片头, start=0ms (0s), end=175000ms (175s), source=pgc_clip
05-31 12:21:12.883 17044 17044 I SkipInfo: [SKIP_DEBUG] INTRO not triggered: introSkipped=true, userSeekedToIntro=false, tInRange=false
05-31 12:21:12.883 17044 17044 I SkipInfo: [SKIP_DEBUG] segment[1]: type=片尾, start=2525000ms (2525s), end=2704000ms (2704s), source=pgc_clip
05-31 12:21:12.883 17044 17044 I SkipInfo: [SKIP_DEBUG] OUTRO check: t=2735974ms >= start=2525000ms ? true, t < end=2704000ms ? false, outroPromptShown=true
05-31 12:21:12.883 17044 17044 I SkipInfo: [SKIP_DEBUG] checkSkip END, no action taken
05-31 12:21:12.897 17044 18142 I MediaCodec: [0xb3bc9c00][ROB]V id:8,mt:1002700800000,r:0,drop frame
05-31 12:21:12.898 17044 18142 I MediaCodec: [0xb3bc9c00][ROB]V id:0,mt:1002700840000,r:0,drop frame
05-31 12:21:12.898 17044 17044 I SkipInfo: [SKIP_DEBUG] ========== checkSkip START ==========
05-31 12:21:12.898 17044 17044 I SkipInfo: [SKIP_DEBUG] current position t=2735994ms (2735s)
05-31 12:21:12.898 17044 17044 I SkipInfo: [SKIP_DEBUG] skips count=2
05-31 12:21:12.899 17044 17044 I SkipInfo: [SKIP_DEBUG] introSkipped=true, outroPromptShown=true, userSeekedToIntro=false
05-31 12:21:12.899 17044 17044 I SkipInfo: [SKIP_DEBUG] segment[0]: type=片头, start=0ms (0s), end=175000ms (175s), source=pgc_clip
05-31 12:21:12.899 17044 17044 I SkipInfo: [SKIP_DEBUG] INTRO not triggered: introSkipped=true, userSeekedToIntro=false, tInRange=false
05-31 12:21:12.899 17044 17044 I SkipInfo: [SKIP_DEBUG] segment[1]: type=片尾, start=2525000ms (2525s), end=2704000ms (2704s), source=pgc_clip
05-31 12:21:12.899 17044 17044 I SkipInfo: [SKIP_DEBUG] OUTRO check: t=2735994ms >= start=2525000ms ? true, t < end=2704000ms ? false, outroPromptShown=true
05-31 12:21:12.899 17044 17044 I SkipInfo: [SKIP_DEBUG] checkSkip END, no action taken
05-31 12:21:12.904 17044 18277 I PlaySpeed: [YT_RESOLVE_DONE] sending 10201, total elapsed=481ms
05-31 12:21:12.905 17044 17044 I PlaySpeed: [XI_10201] RESOLVE_PREPARED received, calling c(message)
05-31 12:21:12.905 17044 17044 I BufferingOverlayCtrl: [BUFFERING_START] Buffering started
05-31 12:21:12.905 17044 17044 I BufferingOverlayCtrl: [UPDATE] bufferingStartedAt=11423337, remainingDelay=508ms
05-31 12:21:12.905 17044 17044 I BufferingOverlayCtrl: [HIDE] Hiding buffering overlay
05-31 12:21:12.906 17044 17044 I ExoPlayerImpl: stop
05-31 12:21:12.907 17044 17044 I ExoPlayerImpl: [PLAYER_STATE] playWhenReady=true, state=IDLE
05-31 12:21:12.908 17044 18137 W MediaCodec: ===MediaCodec::flush===
05-31 12:21:12.909 17044 18142 W MediaCodec: ===MediaCodec::onMessageReceived kWhatFlush===, mState:6
05-31 12:21:12.911 17044 18143 I ACodec  : [OMX.MS.AVC.Decoder] ExecutingState flushing now (codec owns 5/5 input, 7/9 output).
05-31 12:21:12.911 17044 18143 I ACodec  : Recived kWhatFlush in ExecutingState Out
05-31 12:21:12.921 17044 18143 I ACodec  : event =0, data1 = 1, data2 = 0
05-31 12:21:12.921 17044 18143 I ACodec  : event =0, data1 = 1, data2 = 1
05-31 12:21:12.921 17044 18143 I ACodec  : [OMX.MS.AVC.Decoder] Now Executing
05-31 12:21:12.921 17044 18143 I ACodec  : Recived kWhatResume in ExecutingState In
05-31 12:21:12.924 17044 18137 W MediaCodec: ===MediaCodec::flush===
05-31 12:21:12.924 17044 18152 W MediaCodec: ===MediaCodec::onMessageReceived kWhatFlush===, mState:6
05-31 12:21:12.924 17044 18143 I ACodec  : Recived kWhatResume in ExecutingState Out
05-31 12:21:12.924 17044 18152 I ACodec  : [OMX.google.aac.decoder] ExecutingState flushing now (codec owns 0/4 input, 0/4 output).
05-31 12:21:12.924 17044 18152 I ACodec  : Recived kWhatFlush in ExecutingState Out
05-31 12:21:12.925 17044 18152 I ACodec  : event =0, data1 = 1, data2 = 0
05-31 12:21:12.925 17044 18152 I ACodec  : event =0, data1 = 1, data2 = 1
05-31 12:21:12.925 17044 18152 I ACodec  : [OMX.google.aac.decoder] Now Executing
05-31 12:21:12.925 17044 18152 I ACodec  : event =0, data1 = 1, data2 = -1
05-31 12:21:12.925 17044 18152 I ACodec  : Recived kWhatResume in ExecutingState In
05-31 12:21:12.925 17044 18137 W MediaCodec: ===MediaCodec::releaseAsync===
05-31 12:21:12.925 17044 18142 W MediaCodec: ===MediaCodec::onMessageReceived 0x72656c65===, mState:6
05-31 12:21:12.925 17044 18142 I MediaCodec: mState = 6, mReleasedByResourceManager = 0
05-31 12:21:12.925 17044 18142 W MediaCodec: reclaimed = 0
05-31 12:21:12.926 17044 18152 I ACodec  : Recived kWhatResume in ExecutingState Out
05-31 12:21:12.926 17044 18142 I MediaCodec: [OMX.MS.AVC.Decoder] setting surface generation to 17453063
05-31 12:21:12.928 17044 18142 I MediaCodec: call initiateShutdown, mState = 10
05-31 12:21:12.928 17044 18142 I ACodec  : ACodec send mesg kWhatShutdown, keepComponentAllocated is 0
05-31 12:21:12.928 17044 18143 I ACodec  : Recived kWhatShutdown in ExecutingState In
05-31 12:21:12.928 17044 18143 I ACodec  : OMXNode sendCommand, err = 0
05-31 12:21:12.929 17044 18143 I ACodec  : [OMX.MS.AVC.Decoder] Now Executing->Idle
05-31 12:21:12.929 17044 18143 I ACodec  : changeState from Executing to Idle
05-31 12:21:12.929 17044 18143 I ACodec  : Recived kWhatShutdown in ExecutingState, Out
05-31 12:21:12.929 17044 18137 W MediaCodec: ===MediaCodec::releaseAsync===
05-31 12:21:12.929 17044 18152 W MediaCodec: ===MediaCodec::onMessageReceived 0x72656c65===, mState:6
05-31 12:21:12.929 17044 18152 I MediaCodec: mState = 6, mReleasedByResourceManager = 0
05-31 12:21:12.929 17044 18152 W MediaCodec: reclaimed = 0
05-31 12:21:12.929 17044 18152 I MediaCodec: call initiateShutdown, mState = 10
05-31 12:21:12.929 17044 18152 I ACodec  : ACodec send mesg kWhatShutdown, keepComponentAllocated is 0
05-31 12:21:12.930 17044 18152 I ACodec  : Recived kWhatShutdown in ExecutingState In
05-31 12:21:12.930 17044 18152 I ACodec  : OMXNode sendCommand, err = 0
05-31 12:21:12.930 17044 18152 I ACodec  : [OMX.google.aac.decoder] Now Executing->Idle
05-31 12:21:12.930 17044 18152 I ACodec  : changeState from Executing to Idle
05-31 12:21:12.930 17044 18152 I ACodec  : Recived kWhatShutdown in ExecutingState, Out
05-31 12:21:12.930 17044 18152 I ACodec  : event =0, data1 = 0, data2 = 2
05-31 12:21:12.930 17044 18152 I ACodec  : ExecutingToIdleState onOMXEvent, event =0, data1 = 0, data2 = 2
05-31 12:21:12.931 17044 18152 I ACodec  : freeBuffersOnPort in changeStateIfWeOwnAllBuffers start 
05-31 12:21:12.933 17044 18152 I ACodec  : freeBuffersOnPort in changeStateIfWeOwnAllBuffers end, err = 0, err2 = 0
05-31 12:21:12.933 17044 18152 I ACodec  : [OMX.google.aac.decoder] Now Idle->Loaded
05-31 12:21:12.933 17044 18152 I ACodec  : event =0, data1 = 0, data2 = 1
05-31 12:21:12.933 17044 18152 I ACodec  : [OMX.google.aac.decoder] Now Loaded In
05-31 12:21:12.933 17044 18152 I ACodec  : received onShutdown in LoadedState, keepComponentAllocated = 0
05-31 12:21:12.934 17044 18152 I ACodec  : Now uninitialized
05-31 12:21:12.934 17044 18152 I ACodec  : LoadedState mExplicitShutdown is 1
05-31 12:21:12.935 17044 18152 I ACodec  : Callback onReleaseCompleted in LoadedState
05-31 12:21:12.935 17044 18152 I ACodec  : [] Now Loaded Out
05-31 12:21:12.935 17044 18152 I ACodec  : changeState from Idle to Loaded
05-31 12:21:12.936 17044 18152 W MediaCodec: no metrics handle found
05-31 12:21:12.940 17044 18143 I ACodec  : event =0, data1 = 0, data2 = 2
05-31 12:21:12.940 17044 18143 I ACodec  : ExecutingToIdleState onOMXEvent, event =0, data1 = 0, data2 = 2
05-31 12:21:12.940 17044 18143 I ACodec  : freeBuffersOnPort in changeStateIfWeOwnAllBuffers start 
05-31 12:21:12.944 17044 17044 I yb      : [RESOLVE_SUCCESS] delay report until first play, reset hasFirstPlayed=false
05-31 12:21:12.944 17044 17044 I PlayerUrlRefresh: [RESOLVE_SUCCESS] Trying to schedule auto refresh after MediaResource loaded
05-31 12:21:12.944 17044 17044 I PlayerUrlRefresh: [RESOLVE_SUCCESS] Step 1: Checking if activity is PlayerActivity
05-31 12:21:12.944 17044 17044 I PlayerUrlRefresh: [RESOLVE_SUCCESS] Step 1: activity=com.bilibili.tv.player.PlayerActivity
05-31 12:21:12.944 17044 17044 I PlayerUrlRefresh: [RESOLVE_SUCCESS] Step 2: Activity is PlayerActivity, casting...
05-31 12:21:12.944 17044 17044 I PlayerUrlRefresh: [RESOLVE_SUCCESS] Step 3: Getting urlRefreshHelper field via reflection...
05-31 12:21:12.944 17044 17044 I PlayerUrlRefresh: [RESOLVE_SUCCESS] Step 3: Field obtained: urlRefreshHelper
05-31 12:21:12.944 17044 17044 I PlayerUrlRefresh: [RESOLVE_SUCCESS] Step 4: Getting field value...
05-31 12:21:12.944 17044 17044 I PlayerUrlRefresh: [RESOLVE_SUCCESS] Step 4: Field value: com.bilibili.tv.player.PlayerActivityUrlRefreshHelper
05-31 12:21:12.944 17044 17044 I PlayerUrlRefresh: [RESOLVE_SUCCESS] Step 5: Helper is correct type, calling tryScheduleAutoRefresh()...
05-31 12:21:12.944 17044 17044 I PlayerUrlRefresh: tryScheduleAutoRefresh() called
05-31 12:21:12.944 17044 17044 I PlayerUrlRefresh: scheduleAutoRefresh() called
05-31 12:21:12.944 17044 17044 I PlayerUrlRefresh: Video info: bvid=null, cid=197718674, avid=328492664
05-31 12:21:12.944 17044 17044 I PlayerUrlRefresh: Processing video array, size=10
05-31 12:21:12.944 17044 17044 I PlayerUrlRefresh: Added video URL: https://upos-sz-mirrorzos.bilivideo.com/upgcxcode/...
05-31 12:21:12.944 17044 17044 I PlayerUrlRefresh: Added video URL: https://upos-sz-mirrorcos.bilivideo.com/upgcxcode/...
05-31 12:21:12.944 17044 17044 I PlayerUrlRefresh: Added video URL: https://upos-sz-mirrorcos.bilivideo.com/upgcxcode/...
05-31 12:21:12.944 17044 17044 I PlayerUrlRefresh: Added video URL: https://upos-sz-mirror08c.bilivideo.com/upgcxcode/...
05-31 12:21:12.944 17044 17044 I PlayerUrlRefresh: Added video URL: https://upos-sz-mirror08c.bilivideo.com/upgcxcode/...
05-31 12:21:12.944 17044 17044 I PlayerUrlRefresh: Added video URL: https://upos-sz-mirror08h.bilivideo.com/upgcxcode/...
05-31 12:21:12.944 17044 17044 I PlayerUrlRefresh: Added video URL: https://upos-sz-estgoss.bilivideo.com/upgcxcode/74...
05-31 12:21:12.944 17044 17044 I PlayerUrlRefresh: Added video URL: https://upos-sz-mirrorcoso1.bilivideo.com/upgcxcod...
05-31 12:21:12.944 17044 17044 I PlayerUrlRefresh: Added video URL: https://upos-sz-mirrorcos.bilivideo.com/upgcxcode/...
05-31 12:21:12.944 17044 17044 I PlayerUrlRefresh: Added video URL: https://upos-sz-mirrorcoso1.bilivideo.com/upgcxcod...
05-31 12:21:12.945 17044 17044 I PlayerUrlRefresh: Processing audio array, size=3
05-31 12:21:12.945 17044 17044 I PlayerUrlRefresh: Added audio URL: https://upos-sz-mirrorcos.bilivideo.com/upgcxcode/...
05-31 12:21:12.945 17044 17044 I PlayerUrlRefresh: Added audio URL: https://upos-sz-mirrorcos.bilivideo.com/upgcxcode/...
05-31 12:21:12.945 17044 17044 I PlayerUrlRefresh: Added audio URL: https://upos-sz-mirror08c.bilivideo.com/upgcxcode/...
05-31 12:21:12.945 17044 17044 I PlayerUrlRefresh: Extracted URLs: video=30, audio=9
05-31 12:21:12.945 17044 17044 I PlayerUrlRefresh: Video duration: 2707000ms
05-31 12:21:12.945 17044 17044 I UrlAutoRefreshScheduler: Auto refresh cancelled
05-31 12:21:12.946 17044 17044 I UrlAutoRefreshManager: calculateRefreshDelay: deadline=1780208472, refreshIn=7019054ms, lead=180000ms
05-31 12:21:12.946 17044 17044 I UrlAutoRefreshScheduler: Schedule auto refresh: delay=7019054ms, token=0, deadline=1780208472, bvid=null, cid=0
05-31 12:21:12.946 17044 17044 I UrlAutoRefreshScheduler: Auto refresh scheduled successfully
05-31 12:21:12.946 17044 17044 I PlayerUrlRefresh: Auto refresh scheduled successfully
05-31 12:21:12.946 17044 17044 I PlayerUrlRefresh: [RESOLVE_SUCCESS] Step 5: tryScheduleAutoRefresh() called successfully
05-31 12:21:12.957 17044 17044 I SkipInfo: [SKIP_DEBUG] ========== checkSkip START ==========
05-31 12:21:12.957 17044 17044 I SkipInfo: [SKIP_DEBUG] current position t=2736012ms (2736s)
05-31 12:21:12.957 17044 17044 I SkipInfo: [SKIP_DEBUG] skips count=2
05-31 12:21:12.957 17044 17044 I SkipInfo: [SKIP_DEBUG] introSkipped=true, outroPromptShown=true, userSeekedToIntro=false
05-31 12:21:12.957 17044 17044 I SkipInfo: [SKIP_DEBUG] segment[0]: type=片头, start=0ms (0s), end=175000ms (175s), source=pgc_clip
05-31 12:21:12.957 17044 17044 I SkipInfo: [SKIP_DEBUG] INTRO not triggered: introSkipped=true, userSeekedToIntro=false, tInRange=false
05-31 12:21:12.957 17044 17044 I SkipInfo: [SKIP_DEBUG] segment[1]: type=片尾, start=2525000ms (2525s), end=2704000ms (2704s), source=pgc_clip
05-31 12:21:12.957 17044 17044 I SkipInfo: [SKIP_DEBUG] OUTRO check: t=2736012ms >= start=2525000ms ? true, t < end=2704000ms ? false, outroPromptShown=true
05-31 12:21:12.958 17044 17044 I SkipInfo: [SKIP_DEBUG] checkSkip END, no action taken
05-31 12:21:12.968 17044 17044 I ExoPlayerImpl: [TIMELINE] reason=1, windowCount=1
05-31 12:21:12.970 17044 17044 I ExoPlayerImpl: release
05-31 12:21:12.970 17044 17044 I ExoPlayerImpl: Release 4313393 [ExoPlayerLib/2.19.1] [tcl_mt5879_cn, tcl_mt5879_cn, unknown, 30] [goog.exo.core, goog.exo.exoplayer, goog.exo.decoder, goog.exo.datasource, goog.exo.extractor]
05-31 12:21:12.970 17044 17044 I ExoMediaPlayerAdapter: Create ExoPlayer
05-31 12:21:12.972 17044 17044 I ExoPlayerImpl: setDisplay: holder=android.view.SurfaceView$2@526483a
05-31 12:21:12.972 17044 17044 I ExoCommander: [OPEN_VIDEO] preparing video -> ijkdash
05-31 12:21:12.972 17044 17044 I ExoCommander: [OPEN_VIDEO] hasDash=true
05-31 12:21:12.972 17044 17044 I ExoCommander: [DATASOURCE] Creating DefaultHttpDataSource factory
05-31 12:21:12.973 17044 17044 I ExoCommander: [DATASOURCE] Added Cookie header, length=723
05-31 12:21:12.973 17044 17044 I ExoCommander: [DATASOURCE] DefaultHttpDataSource factory created with PC User-Agent, Referer and Cookie headers
05-31 12:21:12.973 17044 17044 I ExoCommander: [DASH_BILI] Bilibili DASH JSON format detected
05-31 12:21:12.973 17044 17044 I ExoCommander: [DASH_BILI] video_count=10, quality=80
05-31 12:21:12.973 17044 17044 I ExoCommander: [DASH_BILI] Selected video: id=80, url=https://upos-sz-mirrorcos.bilivideo.com/upgcxcode/74/86/197718674/197718674_da8-1-100113.m4s?e=ig8euxZM2rNcNbdlhoNvNC8BqJIzNbfqXBvEqxTEto8BTrNvN0GvT90W5JZMkX_YN0MvXg8gNEV4NC8xNEV4N03eN0B5tZlqNxTEto8BTrNvNeZVuJ10Kj_g2UB02J0mN0B5tZlqNCNEto8BTrNvNC7MTX502C8f2jmMQJ6mqF2fka1mqx6gqj0eN0B599M=&og=cos&deadline=1780208472&uipk=5&platform=pc&oi=1875245908&gen=playurlv3&os=cosbv&nbs=1&trid=3c6cd625712143f8871bc4fe2126c24p&mid=37694830&upsig=bc6b5bac835d48d3fa74be88e3721587&uparams=e,og,deadline,uipk,platform,oi,gen,os,nbs,trid,mid&bvc=vod&nettype=0&bw=988984&lrs=0&allo_id=&qn_dyeid=&agrr=0&buvid=D2DB4E4E-04FA-1B07-8B94-A55E23CAB8E861496infoc&build=0&dl=0&f=p_0_0&orderid=0,3
05-31 12:21:12.973 17044 17044 I UrlExpirationChecker: [video] URL valid for 120 minutes (deadline=1780208472)
05-31 12:21:12.973 17044 17044 I ExoCommander: [DASH_BACKUP] Found 2 backup URLs
05-31 12:21:12.973 17044 17044 I ExoCommander: [DASH_BACKUP] Added backup URL: https://upos-sz-mirrorcos.bilivideo.com/upgcxcode/74/86/197718674/197718674_da8-...
05-31 12:21:12.973 17044 17044 I ExoCommander: [DASH_BACKUP] Added backup URL: https://upos-sz-mirrorcosb.bilivideo.com/upgcxcode/74/86/197718674/197718674_da8...
05-31 12:21:12.973 17044 17044 I ExoCommander: [DASH_CDN] Video URL candidates: 3
05-31 12:21:12.973 17044 17044 I ExoCommander: [DASH_CDN] Using CdnFailoverDataSource for video with 3 candidates
05-31 12:21:12.974 17044 17044 I ExoCommander: [DASH_BILI] Selected audio: id=30280, url=https://upos-sz-mirrorcos.bilivideo.com/upgcxcode/74/86/197718674/197718674_da8-1-30280.m4s?e=ig8euxZM2rNcNbdlhoNvNC8BqJIzNbfqXBvEqxTEto8BTrNvN0GvT90W5JZMkX_YN0MvXg8gNEV4NC8xNEV4N03eN0B5tZlqNxTEto8BTrNvNeZVuJ10Kj_g2UB02J0mN0B5tZlqNCNEto8BTrNvNC7MTX502C8f2jmMQJ6mqF2fka1mqx6gqj0eN0B599M=&uipk=5&oi=1875245908&deadline=1780208472&gen=playurlv3&os=cosbv&og=cos&nbs=1&platform=pc&trid=3c6cd625712143f8871bc4fe2126c24p&mid=37694830&upsig=b609d5a42f6075f50afda66f594ee486&uparams=e,uipk,oi,deadline,gen,os,og,nbs,platform,trid,mid&bvc=vod&nettype=0&bw=323269&lrs=0&dl=0&f=p_0_0&allo_id=&qn_dyeid=&agrr=0&buvid=D2DB4E4E-04FA-1B07-8B94-A55E23CAB8E861496infoc&build=0&orderid=0,3
05-31 12:21:12.974 17044 17044 I UrlExpirationChecker: [audio] URL valid for 120 minutes (deadline=1780208472)
05-31 12:21:12.974 17044 17044 I ExoCommander: [DASH_BACKUP] Found 2 backup URLs
05-31 12:21:12.974 17044 17044 I ExoCommander: [DASH_BACKUP] Added backup URL: https://upos-sz-mirrorcos.bilivideo.com/upgcxcode/74/86/197718674/197718674_da8-...
05-31 12:21:12.974 17044 17044 I ExoCommander: [DASH_BACKUP] Added backup URL: https://upos-sz-mirrorcosb.bilivideo.com/upgcxcode/74/86/197718674/197718674_da8...
05-31 12:21:12.974 17044 17044 I ExoCommander: [DASH_CDN] Audio URL candidates: 3
05-31 12:21:12.974 17044 17044 I ExoCommander: [DASH_CDN] Using CdnFailoverDataSource for audio with 3 candidates
05-31 12:21:12.974 17044 17044 I ExoCommander: [DASH_BILI] Merging video and audio sources
05-31 12:21:12.974 17044 17044 I ExoCommander: [DASH_BILI] Using MergingMediaSource for Bilibili DASH
05-31 12:21:12.974 17044 17044 I ExoPlayerImpl: setDataSource(MediaSource)
05-31 12:21:12.974 17044 17044 I ExoPlayerImpl: setDataSource: isLiveStream=false
05-31 12:21:12.974 17044 17044 I ExoPlayerImpl: ensurePlayer: creating new ExoPlayer instance
05-31 12:21:12.975 17044 17044 I ExoPlayerImpl: ensurePlayer: LoadControl configured with doubled buffer sizes for live streaming
05-31 12:21:12.975 17044 17044 I ExoPlayerImpl: ensurePlayer: LivePlaybackSpeedControl configured for live streaming (aggressive catch-up)
05-31 12:21:12.975 17044 17044 I ExoPlayerImpl: Init 22a9ceb [ExoPlayerLib/2.19.1] [tcl_mt5879_cn, tcl_mt5879_cn, unknown, 30]
05-31 12:21:12.984 17044 17044 I VolumeBalanceAP: Level: HIGH_DYNAMIC
05-31 12:21:12.984 17044 17044 I ExoPlayerImpl: Audio balance: HIGH_DYNAMIC
05-31 12:21:12.984 17044 17044 I ExoPlayerImpl: ensurePlayer: setting pendingSurfaceHolder=android.view.SurfaceView$2@526483a
05-31 12:21:12.986 17044 17044 I ExoPlayerImpl: [TIMELINE] reason=0, windowCount=1
05-31 12:21:12.986 17044 17044 I ExoPlayerImpl: [MEDIA_ITEM] transition, reason=3
05-31 12:21:12.986 17044 17044 I ExoPlayerImpl: [MEDIA_ITEM] URI: https://upos-sz-mirrorcos.bilivideo.com/upgcxcode/74/86/197718674/197718674_da8-1-100113.m4s?e=ig8euxZM2rNcNbdlhoNvNC8BqJIzNbfqXBvEqxTEto8BTrNvN0GvT90W5JZMkX_YN0MvXg8gNEV4NC8xNEV4N03eN0B5tZlqNxTEto8BTrNvNeZVuJ10Kj_g2UB02J0mN0B5tZlqNCNEto8BTrNvNC7MTX502C8f2jmMQJ6mqF2fka1mqx6gqj0eN0B599M=&og=cos&deadline=1780208472&uipk=5&platform=pc&oi=1875245908&gen=playurlv3&os=cosbv&nbs=1&trid=3c6cd625712143f8871bc4fe2126c24p&mid=37694830&upsig=bc6b5bac835d48d3fa74be88e3721587&uparams=e,og,deadline,uipk,platform,oi,gen,os,nbs,trid,mid&bvc=vod&nettype=0&bw=988984&lrs=0&allo_id=&qn_dyeid=&agrr=0&buvid=D2DB4E4E-04FA-1B07-8B94-A55E23CAB8E861496infoc&build=0&dl=0&f=p_0_0&orderid=0,3
05-31 12:21:12.986 17044 17044 I ExoPlayerImpl: setSpeed: 1.0
05-31 12:21:12.987 17044 17044 I ExoPlayerImpl: prepareAsync
05-31 12:21:12.987 17044 17044 I ExoPlayerImpl: [PLAYER_STATE] playWhenReady=true, state=BUFFERING
05-31 12:21:12.988 17044 17044 W ExoPlayerImpl: [STATE] BUFFERING START - position=0ms, buffered=0%
05-31 12:21:12.988 17044 17044 W ExoPlayerImpl: [STATE] BUFFERING - lastState=IDLE, isPlaying=false
05-31 12:21:12.988 17044 17044 W ExoPlayerImpl: [STATE] BUFFERING - networkErrorRetryCount=0, nalErrorRetryCount=0
05-31 12:21:12.988 17044 17044 I ExoPlayerImpl: [STATE] Sending BUFFERING_START to listener
05-31 12:21:12.988 17044 17044 I BufferingOverlayCtrl: [BUFFERING_START] Buffering started
05-31 12:21:12.988 17044 17044 I BufferingOverlayCtrl: [UPDATE] bufferingStartedAt=11423337, remainingDelay=425ms
05-31 12:21:13.013 17044 17044 I ExoPlayerImpl: [LOADING] onLoadingChanged=true
05-31 12:21:13.013 17044 17044 I ExoPlayerImpl: [LOADING] isLoading=true, position=0ms
05-31 12:21:13.014 17044 17044 I ExoPlayerImpl: [TIMELINE] reason=1, windowCount=1
05-31 12:21:13.029 17044 18143 I ACodec  : freeBuffersOnPort in changeStateIfWeOwnAllBuffers end, err = 0, err2 = 0
05-31 12:21:13.036 17044 18143 E ion     : ioctl c0044901 failed with code -1: Inappropriate ioctl for device
05-31 12:21:13.037 17044 18143 I ACodec  : [OMX.MS.AVC.Decoder] Now Idle->Loaded
05-31 12:21:13.037 17044 18143 I ACodec  : event =0, data1 = 0, data2 = 1
05-31 12:21:13.037 17044 18143 I ACodec  : [OMX.MS.AVC.Decoder] Now Loaded In
05-31 12:21:13.037 17044 18143 I ACodec  : received onShutdown in LoadedState, keepComponentAllocated = 0
05-31 12:21:13.037 17044 18143 I ACodec  : Now uninitialized
05-31 12:21:13.038 17044 18143 I ACodec  : LoadedState mExplicitShutdown is 1
05-31 12:21:13.038 17044 18143 I ACodec  : Callback onReleaseCompleted in LoadedState
05-31 12:21:13.038 17044 18143 I ACodec  : [] Now Loaded Out
05-31 12:21:13.038 17044 18143 I ACodec  : changeState from Idle to Loaded
05-31 12:21:13.040 17044 18142 W MediaCodec: no metrics handle found
05-31 12:21:13.219 17044 17044 I ExoPlayerImpl: [TIMELINE] reason=1, windowCount=1
05-31 12:21:13.229 17044 18292 W MediaCodecUtil: Unknown HEVC profile string: 0
05-31 12:21:13.229 17044 18292 W MediaCodecUtil: Unknown HEVC profile string: 0
05-31 12:21:13.229 17044 17044 I ExoPlayerImpl: [TIMELINE] reason=1, windowCount=1
05-31 12:21:13.230 17044 18292 W MediaCodecUtil: Unknown HEVC profile string: 0
05-31 12:21:13.230 17044 18292 W MediaCodecUtil: Unknown HEVC profile string: 0
05-31 12:21:13.233 17044 17044 I ExoPlayerImpl: [TRACKS] changed
05-31 12:21:13.236 17044 17044 W ExoPlayer:Playb: type=1400 audit(0.0:257975): avc: denied { search } for name="/" dev="mmcblk0p34" ino=2 scontext=u:r:untrusted_app_27:s0:c512,c768 tcontext=u:object_r:userdata_file:s0 tclass=dir permissive=0 app=uii.ang.bilitv
05-31 12:21:13.238 17044 18292 W MediaCodecUtil: Unknown HEVC profile string: 0
05-31 12:21:13.238 17044 18292 W MediaCodecUtil: Unknown HEVC profile string: 0
05-31 12:21:13.240 17044 17044 W ExoPlayer:Playb: type=1400 audit(0.0:257978): avc: denied { search } for name="/" dev="mmcblk0p34" ino=2 scontext=u:r:untrusted_app_27:s0:c512,c768 tcontext=u:object_r:userdata_file:s0 tclass=dir permissive=0 app=uii.ang.bilitv
05-31 12:21:13.242 17044 18292 I MediaCodec: ===MediaCodec::init===
05-31 12:21:13.242 17044 18292 I ACodec  : Now uninitialized
05-31 12:21:13.242 17044 18292 I MediaCodec: [0xb402a200]mIsVideo:1,mLogVidEnable:1,mLogAudEnable:0,mPrintTimes:10
05-31 12:21:13.248 17044 17044 W MediaCodec_loop: type=1400 audit(0.0:257979): avc: denied { search } for name="/" dev="mmcblk0p34" ino=2 scontext=u:r:untrusted_app_27:s0:c512,c768 tcontext=u:object_r:userdata_file:s0 tclass=dir permissive=0 app=uii.ang.bilitv
05-31 12:21:13.250 17044 18298 I OMXClient: IOmx service obtained
05-31 12:21:13.253 17044 18298 I ACodec  : [OMX.MS.HEVC.Decoder] Now Loaded In
05-31 12:21:13.253 17044 18298 I ACodec  : [OMX.MS.HEVC.Decoder] Now Loaded Out
05-31 12:21:13.256 17044 18292 I MediaCodec: ===MediaCodec::init end===
05-31 12:21:13.260 17044 18292 W MediaCodec: ===MediaCodec::configure===
05-31 12:21:13.260 17044 18292 I MediaCodec: [configure----1951] format= AMessage(what = 0x00000000) = {
05-31 12:21:13.260 17044 18292 I MediaCodec:   int32_t max-height = 1080
05-31 12:21:13.260 17044 18292 I MediaCodec:   int32_t max-width = 1444
05-31 12:21:13.260 17044 18292 I MediaCodec:   string mime = "video/hevc"
05-31 12:21:13.260 17044 18292 I MediaCodec:   int32_t width = 1444
05-31 12:21:13.260 17044 18292 I MediaCodec:   int32_t priority = 0
05-31 12:21:13.260 17044 18292 I MediaCodec:   int32_t rotation-degrees = 0
05-31 12:21:13.260 17044 18292 I MediaCodec:   int32_t max-input-size = 2097152
05-31 12:21:13.260 17044 18292 I MediaCodec:   int32_t height = 1080
05-31 12:21:13.260 17044 18292 I MediaCodec:   Buffer *csd-0 = 0xb4f59e98
05-31 12:21:13.260 17044 18292 I MediaCodec: }
05-31 12:21:13.263 17044 18297 I MediaCodec: [OMX.MS.HEVC.Decoder] setting surface generation to 17453064
05-31 12:21:13.266 17044 18298 E ACodec  : [OMX.MS.HEVC.Decoder] setPortMode on output to DynamicANWBuffer failed w/ err -1010
05-31 12:21:13.268 17044 18298 I ACodec  : codec does not support config priority (err -2147483648)
05-31 12:21:13.276 17044 18292 W MediaCodec: ===MediaCodec::start===,[LastMessageReceived:63436f6e, isEnd:1]
05-31 12:21:13.276 17044 18297 W MediaCodec: ===MediaCodec::onMessageReceived kWhatStart===, mState:4
05-31 12:21:13.276 17044 18297 W MediaCodec: MediaCodec::onMessageReceived kWhatStart tid = 18297
05-31 12:21:13.279 17044 18297 W MediaCodec: Added ndk_media_codec_id to ux.
05-31 12:21:13.283 17044 18298 I ACodec  : [OMX.MS.HEVC.Decoder] Now Loaded->Idle In
05-31 12:21:13.292 17044 18298 I ACodec  : configureOutputBuffersFromNativeWindow 2,2,1
05-31 12:21:13.317 17044 18298 I ACodec  : allocate 6 output buffers from native window [32m EECOST 24427[dequeue:14364 use:9600][0m
05-31 12:21:13.319 17044 18298 I ACodec  : [OMX.MS.HEVC.Decoder] allocateBuffers OK [32m EECOST-ACodec 76708[0m
05-31 12:21:13.320 17044 18298 I ACodec  : event =0, data1 = 0, data2 = 2
05-31 12:21:13.320 17044 18298 I ACodec  : [OMX.MS.HEVC.Decoder] Now Idle->Executing
05-31 12:21:13.320 17044 18292 W MediaCodec: ===MediaCodec::start end===, err:0
05-31 12:21:13.321 17044 18298 I ACodec  : event =0, data1 = 0, data2 = 3
05-31 12:21:13.321 17044 18298 I ACodec  : [OMX.MS.HEVC.Decoder] Now Executing
05-31 12:21:13.321 17044 18298 I ACodec  : [OMX.MS.HEVC.Decoder] To OMX 1 [32m EECOST-ACodec 78982[0m
05-31 12:21:13.323 17044 18292 W MediaCodecUtil: Unknown HEVC profile string: 0
05-31 12:21:13.326 17044 18292 I MediaCodec: Q in first video ,PTS = 1000000000000, size = 17850
05-31 12:21:13.352 17044 18292 I MediaCodec: ===MediaCodec::init===
05-31 12:21:13.353 17044 18292 I ACodec  : Now uninitialized
05-31 12:21:13.353 17044 18292 I MediaCodec: [0xb3bc8e00]mIsVideo:0,mLogVidEnable:1,mLogAudEnable:0,mPrintTimes:10
05-31 12:21:13.354 17044 18307 I OMXClient: IOmx service obtained
05-31 12:21:13.357 17044 18307 I ACodec  : [OMX.google.aac.decoder] Now Loaded In
05-31 12:21:13.358 17044 18307 I ACodec  : [OMX.google.aac.decoder] Now Loaded Out
05-31 12:21:13.358 17044 18292 I MediaCodec: ===MediaCodec::init end===
05-31 12:21:13.361 17044 18292 W MediaCodec: ===MediaCodec::configure===
05-31 12:21:13.362 17044 18292 I MediaCodec: [configure----1951] format= AMessage(what = 0x00000000) = {
05-31 12:21:13.362 17044 18292 I MediaCodec:   float operating-rate = 48000.000000
05-31 12:21:13.362 17044 18292 I MediaCodec:   int32_t sample-rate = 48000
05-31 12:21:13.362 17044 18292 I MediaCodec:   string mime = "audio/mp4a-latm"
05-31 12:21:13.362 17044 18292 I MediaCodec:   int32_t channel-count = 2
05-31 12:21:13.362 17044 18292 I MediaCodec:   int32_t priority = 0
05-31 12:21:13.362 17044 18292 I MediaCodec:   Buffer csd-0 = {
05-31 12:21:13.362 17044 18292 I MediaCodec:     00000000:  11 90                                             ..
05-31 12:21:13.362 17044 18292 I MediaCodec:   }
05-31 12:21:13.362 17044 18292 I MediaCodec: }
05-31 12:21:13.364 17044 18307 I ACodec  : codec does not support config priority (err -2147483648)
05-31 12:21:13.365 17044 18292 W MediaCodec: ===MediaCodec::start===,[LastMessageReceived:63436f6e, isEnd:1]
05-31 12:21:13.365 17044 18307 W MediaCodec: ===MediaCodec::onMessageReceived kWhatStart===, mState:4
05-31 12:21:13.365 17044 18307 W MediaCodec: MediaCodec::onMessageReceived kWhatStart tid = 18307
05-31 12:21:13.366 17044 18307 W MediaCodec: Added ndk_media_codec_id to ux.
05-31 12:21:13.367 17044 18307 I ACodec  : [OMX.google.aac.decoder] Now Loaded->Idle In
05-31 12:21:13.377 17044 18307 I ACodec  : [OMX.google.aac.decoder] allocateBuffers OK [32m EECOST-ACodec 23931[0m
05-31 12:21:13.377 17044 18292 W MediaCodec: ===MediaCodec::start end===, err:0
05-31 12:21:13.377 17044 18307 I ACodec  : event =0, data1 = 0, data2 = 2
05-31 12:21:13.377 17044 18307 I ACodec  : [OMX.google.aac.decoder] Now Idle->Executing
05-31 12:21:13.379 17044 18307 I ACodec  : event =0, data1 = 0, data2 = 3
05-31 12:21:13.381 17044 18307 I ACodec  : [OMX.google.aac.decoder] Now Executing
05-31 12:21:13.381 17044 18307 I ACodec  : [OMX.google.aac.decoder] To OMX 1 [32m EECOST-ACodec 28194[0m
05-31 12:21:13.383 17044 18292 I MediaCodec: Q in first audio ,PTS = 1000000000000, size = 853
05-31 12:21:13.386 17044 18307 I ACodec  : event =3, data1 = 1, data2 = 0
05-31 12:21:13.387 17044 18307 I ACodec  : [OMX.google.aac.decoder] Now handling output port settings change[32m EECOST-ACodec 34637[0m
05-31 12:21:13.387 17044 18298 I ACodec  : event =3, data1 = 1, data2 = 33554433
05-31 12:21:13.389 17044 18307 I ACodec  : event =0, data1 = 2, data2 = 1
05-31 12:21:13.394 17044 18298 I ACodec  : [OMX.MS.HEVC.Decoder] Now handling output port settings change[32m EECOST-ACodec 151567[0m
05-31 12:21:13.395 17044 18307 I ACodec  : event =0, data1 = 3, data2 = 1
05-31 12:21:13.396 17044 18307 I ACodec  : [OMX.google.aac.decoder] Now Executing
05-31 12:21:13.397 17044 18298 I ACodec  : event =0, data1 = 2, data2 = 1
05-31 12:21:13.400 17044 18307 I MediaCodec: Smooth_Play kFlagOutputBuffersChanged
05-31 12:21:13.402 17044 18307 I MediaCodec: [OMX.google.aac.decoder], mFlags=2049, and output format changed to: AMessage(what = 0x00000000) = {
05-31 12:21:13.402 17044 18307 I MediaCodec:       string mime = "audio/raw"
05-31 12:21:13.402 17044 18307 I MediaCodec:       int32_t channel-count = 2
05-31 12:21:13.402 17044 18307 I MediaCodec:       int32_t sample-rate = 48000
05-31 12:21:13.402 17044 18307 I MediaCodec:       int32_t pcm-encoding = 2
05-31 12:21:13.402 17044 18307 I MediaCodec:     }
05-31 12:21:13.405 17044 18298 I ACodec  : configureOutputBuffersFromNativeWindow 7,7,1
05-31 12:21:13.406 17044 18298 W ACodec  : [OMX.MS.HEVC.Decoder] setting nBufferCountActual to 11 failed: -22
05-31 12:21:13.406 17044 18298 W ACodec  : [OMX.MS.HEVC.Decoder] setting nBufferCountActual to 10 failed: -22
05-31 12:21:13.410 17044 18307 I MediaCodec: Smooth_Play kFlagOutputFormatChanged
05-31 12:21:13.411 17044 18292 I VolumeBalanceAP: New Video [4] 48000Hz 2ch
05-31 12:21:13.413 17044 17044 I BufferingOverlayCtrl: [UPDATE] bufferingStartedAt=11423337, remainingDelay=0ms
05-31 12:21:13.413 17044 17044 I BufferingOverlayCtrl: [SHOW] Showing buffering overlay
05-31 12:21:13.428 17044 18298 I ACodec  : allocate 9 output buffers from native window [32m EECOST 21946[dequeue:17466 use:4230][0m
05-31 12:21:13.430 17044 18298 I ACodec  : event =0, data1 = 3, data2 = 1
05-31 12:21:13.434 17044 18298 I ACodec  : [OMX.MS.HEVC.Decoder] Now Executing
05-31 12:21:13.438 17044 18297 I MediaCodec: [OMX.MS.HEVC.Decoder], mFlags=2052, and output format changed to: AMessage(what = 0x00000000) = {
05-31 12:21:13.438 17044 18297 I MediaCodec:       int32_t color-range = 2
05-31 12:21:13.438 17044 18297 I MediaCodec:       int32_t color-standard = 1
05-31 12:21:13.438 17044 18297 I MediaCodec:       int32_t color-transfer = 3
05-31 12:21:13.438 17044 18297 I MediaCodec:       string mime = "video/raw"
05-31 12:21:13.438 17044 18297 I MediaCodec:       int32_t stride = 1444
05-31 12:21:13.438 17044 18297 I MediaCodec:       int32_t slice-height = 1080
05-31 12:21:13.438 17044 18297 I MediaCodec:       int32_t color-format = 21
05-31 12:21:13.438 17044 18297 I MediaCodec:       Rect crop(0, 0, 1443, 1079)
05-31 12:21:13.438 17044 18297 I MediaCodec:       int32_t android._dataspace = 260
05-31 12:21:13.438 17044 18297 I MediaCodec:       Buffer hdr-static-info = {
05-31 12:21:13.438 17044 18297 I MediaCodec:         00000000:  00 00 00 00 00 00 00 00  00 00 00 00 00 00 00 00  ................
05-31 12:21:13.438 17044 18297 I MediaCodec:         00000010:  00 00 00 00 00 00 00 00  00                       .........
05-31 12:21:13.438 17044 18297 I MediaCodec:       }
05-31 12:21:13.438 17044 18297 I MediaCodec:       int32_t width = 1444
05-31 12:21:13.438 17044 18297 I MediaCodec:       int32_t height = 1080
05-31 12:21:13.438 17044 18297 I MediaCodec:       int32_t Framerate = 1638400
05-31 12:21:13.438 17044 18297 I MediaCodec:       int32_t vendor.vdecomx.aspect-width = 361
05-31 12:21:13.438 17044 18297 I MediaCodec:       int32_t vendor.vdecomx.aspect-height = 270
05-31 12:21:13.438 17044 18297 I MediaCodec:       int32_t vendor.vdecomx.scan-type = 0
05-31 12:21:13.438 17044 18297 I MediaCodec:       int32_t vendor.vdecomx.bitdepth = 8
05-31 12:21:13.438 17044 18297 I MediaCodec:       int32_t vendor.vdecomx.hdr-type = 0
05-31 12:21:13.438 17044 18297 I MediaCodec:       string vendor.START.get-chipID = "MT5879"
05-31 12:21:13.438 17044 18297 I MediaCodec:       int32_t vendor.vdecomx.sar-width = 1
05-31 12:21:13.438 17044 18297 I MediaCodec:       int32_t vendor
05-31 12:21:13.461 17044 18297 I MediaCodec: Smooth_Play kFlagOutputBuffersChanged
05-31 12:21:13.461 17044 18297 I MediaCodec: Smooth_Play kFlagOutputFormatChanged
05-31 12:21:13.465 17044 18297 I MediaCodec: frameRate = -1.000000
05-31 12:21:13.465 17044 18298 I ACodec  : Recived kWhatSetParameters in ExecutingState In
05-31 12:21:13.465 17044 18298 I ACodec  : Recived kWhatSetParameters in ExecutingState Out
05-31 12:21:13.465 17044 18292 I MediaCodec: [0xb402a200] Smooth_Play first render after flush 0 timestampNs = 9009326393849
05-31 12:21:13.465 17044 18297 I MediaCodec: RO first video ,PTS = 1000000000000
05-31 12:21:13.466 17044 18297 I MediaCodec: [0xb402a200][ROB]V, ROB:1/s, ROB num:8555
05-31 12:21:13.466 17044 18298 I ACodec  : [OMX.MS.HEVC.Decoder] To NativeWindow 1 [32m EECOST-ACodec 223507[0m
05-31 12:21:13.491 17044 17044 I ExoPlayerImpl: [PLAYER_STATE] playWhenReady=true, state=READY
05-31 12:21:13.491 17044 17044 I ExoPlayerImpl: [STATE] Transition from BUFFERING to READY, sending BUFFERING_END
05-31 12:21:13.492 17044 17044 I xj      : [BUFFERING_END] first play detected, start history report timer (30s)
05-31 12:21:13.492 17044 17044 I yb      : [BUFFERING_END] first play detected, trigger delayed report
05-31 12:21:13.526 17044 17044 I BLOG-EVENT: on play av=328492664 cid=197718674 via network 1
05-31 12:21:13.530 17044 17044 I BufferingOverlayCtrl: [BUFFERING_END] Buffering ended
05-31 12:21:13.530 17044 17044 I BufferingOverlayCtrl: [RESET] Resetting buffering overlay state
05-31 12:21:13.530 17044 17044 I BufferingOverlayCtrl: [HIDE] Hiding buffering overlay
05-31 12:21:13.530 17044 17044 I ExoPlayerImpl: [STATE] First READY, calling onPrepared
05-31 12:21:13.531 17044 17044 I PlaySpeed: [PREPARED_SUMMARY] cdnMode=BILIVIDEO, cdn=null, bufferTime=-1ms, selectedBestCdn=null
05-31 12:21:13.531 17044 17044 I PlaySpeed: [XI_ON_PREPARED] onPrepared() called, video ready to play
05-31 12:21:13.531 17044 17044 I ExoPlayerImpl: start
05-31 12:21:13.534 17044 17044 I ExoPlayerImpl: Error listener set: not null
05-31 12:21:13.534 17044 17044 I xi      : [ERROR_LISTENER] Error listener setup successfully in onPrepared
05-31 12:21:13.534 17044 17044 I VideoShot: ========== ResolveParams Details ==========
05-31 12:21:13.535 17044 17044 I VideoShot: mAvid=328492664
05-31 12:21:13.535 17044 17044 I VideoShot: mCid=197718674
05-31 12:21:13.535 17044 17044 I VideoShot: mBvid=null
05-31 12:21:13.535 17044 17044 I VideoShot: mEpisodeId=327631
05-31 12:21:13.535 17044 17044 I VideoShot: mSeasonId=33626
05-31 12:21:13.535 17044 17044 I VideoShot: mType=null
05-31 12:21:13.535 17044 17044 I VideoShot: mFrom=bangumi
05-31 12:21:13.535 17044 17044 I VideoShot: mVid=null
05-31 12:21:13.535 17044 17044 I VideoShot: mPage=27
05-31 12:21:13.535 17044 17044 I VideoShot: ========== End ResolveParams ==========
05-31 12:21:13.536 17044 17044 I VideoShot: loadVideoShot: aid=328492664, cid=197718674, bvid=null
05-31 12:21:13.541 17044 18314 I VideoShot: loadVideoShot: start loading
05-31 12:21:13.543 17044 18314 I VideoShot: loadVideoShot: using aid=328492664, cid=197718674, index=1
05-31 12:21:13.550 17044 17044 I SkipInfo: [INIT_DEBUG] ========== initSubtitle START ==========
05-31 12:21:13.550 17044 17044 I SkipInfo: [INIT_DEBUG] mAvid=328492664, mCid=197718674, mEpisodeId=327631
05-31 12:21:13.550 17044 17044 I SkipInfo: [INIT_DEBUG] mListKey=season_33626, mDuration=2707
05-31 12:21:13.550 17044 17044 I SkipInfo: [INIT_DEBUG] clip_info_list=[{"materialNo":0,"start":0,"end":175,"toastText":"即将跳过片头","clipType":"CLIP_TYPE_OP"},{"materialNo":0,"start":2527,"end":2706,"toastText":"即将跳过片尾","clipType":"CLIP_TYPE_ED"}]
05-31 12:21:13.550 17044 17044 I SkipInfo: [INIT_DEBUG] _xj found, will set skips in async thread
05-31 12:21:13.555 17044 17044 I BufferingOverlayCtrl: [BUFFERING_END] Buffering ended
05-31 12:21:13.555 17044 17044 I BufferingOverlayCtrl: [RESET] Resetting buffering overlay state
05-31 12:21:13.555 17044 17044 I xj      : [onPrepared] prepared but delay timer start, wait for first BUFFERING_END
05-31 12:21:13.556 17044 17044 I yb      : [onPrepared] prepared but skip report, wait for first BUFFERING_END
05-31 12:21:13.558 17044 17044 I SkipInfo: [SKIP_DEBUG] ========== checkSkip START ==========
05-31 12:21:13.559 17044 17044 I SkipInfo: [SKIP_DEBUG] current position t=0ms (0s)
05-31 12:21:13.559 17044 17044 I SkipInfo: [SKIP_DEBUG] skips count=2
05-31 12:21:13.559 17044 17044 I SkipInfo: [SKIP_DEBUG] introSkipped=true, outroPromptShown=true, userSeekedToIntro=false
05-31 12:21:13.559 17044 17044 I SkipInfo: [SKIP_DEBUG] segment[0]: type=片头, start=0ms (0s), end=175000ms (175s), source=pgc_clip
05-31 12:21:13.559 17044 17044 I SkipInfo: [SKIP_DEBUG] INTRO not triggered: introSkipped=true, userSeekedToIntro=false, tInRange=true
05-31 12:21:13.559 17044 17044 I SkipInfo: [SKIP_DEBUG] segment[1]: type=片尾, start=2525000ms (2525s), end=2704000ms (2704s), source=pgc_clip
05-31 12:21:13.559 17044 17044 I SkipInfo: [SKIP_DEBUG] OUTRO check: t=0ms >= start=2525000ms ? false, t < end=2704000ms ? true, outroPromptShown=true
05-31 12:21:13.559 17044 17044 I SkipInfo: [SKIP_DEBUG] checkSkip END, no action taken
05-31 12:21:13.560 17044 18316 I SkipInfo: [INIT_DEBUG] Thread start: calling initPlayInfo
05-31 12:21:13.561 17044 18316 I SkipInfo: [CLIP_DEBUG] ========== extractSkipInfoFromClipInfoList START ==========
05-31 12:21:13.561 17044 18316 I SkipInfo: [CLIP_DEBUG] clip_info_list count=2
05-31 12:21:13.561 17044 18316 I SkipInfo: [CLIP_DEBUG] clip_info_list raw: [{"materialNo":0,"start":0,"end":175,"toastText":"即将跳过片头","clipType":"CLIP_TYPE_OP"},{"materialNo":0,"start":2527,"end":2706,"toastText":"即将跳过片尾","clipType":"CLIP_TYPE_ED"}]
05-31 12:21:13.561 17044 18316 I SkipInfo: [CLIP_DEBUG] skip_categories: [sponsor, intro, outro]
05-31 12:21:13.561 17044 18316 I SkipInfo: [CLIP_DEBUG] clip[0] raw: {"materialNo":0,"start":0,"end":175,"toastText":"即将跳过片头","clipType":"CLIP_TYPE_OP"}
05-31 12:21:13.561 17044 18316 I SkipInfo: [CLIP_DEBUG] clip[0] clipType=CLIP_TYPE_OP
05-31 12:21:13.561 17044 18316 I SkipInfo: [CLIP_DEBUG] clip[0] 片头 startRaw=0.0, endRaw=175.0
05-31 12:21:13.561 17044 18316 I SkipInfo: [CLIP_DEBUG] normalizeClipTimeToMs: input=0.0, unit=s->ms, result=0ms
05-31 12:21:13.561 17044 18316 I SkipInfo: [CLIP_DEBUG] normalizeClipTimeToMs: input=175.0, unit=s->ms, result=175000ms
05-31 12:21:13.561 17044 18316 I SkipInfo: [CLIP_DEBUG] clip[0] 片头 startMs=0ms (0s), endMs=175000ms (175s)
05-31 12:21:13.562 17044 18316 I SkipInfo: [CLIP_DEBUG] Added clip segment: 片头 0-175000ms (0-175s)
05-31 12:21:13.562 17044 18316 I SkipInfo: [CLIP_DEBUG] clip[1] raw: {"materialNo":0,"start":2527,"end":2706,"toastText":"即将跳过片尾","clipType":"CLIP_TYPE_ED"}
05-31 12:21:13.562 17044 18316 I SkipInfo: [CLIP_DEBUG] clip[1] clipType=CLIP_TYPE_ED
05-31 12:21:13.562 17044 18316 I SkipInfo: [CLIP_DEBUG] clip[1] 片尾 startRaw=2527.0, endRaw=2706.0
05-31 12:21:13.562 17044 18316 I SkipInfo: [CLIP_DEBUG] normalizeClipTimeToMs: input=2527.0, unit=s->ms, result=2527000ms
05-31 12:21:13.562 17044 18316 I SkipInfo: [CLIP_DEBUG] normalizeClipTimeToMs: input=2706.0, unit=s->ms, result=2706000ms
05-31 12:21:13.562 17044 18316 I SkipInfo: [CLIP_DEBUG] clip[1] 片尾 startMs=2527000ms (2527s), endMs=2706000ms (2706s)
05-31 12:21:13.563 17044 18316 I SkipInfo: [CLIP_DEBUG] Added clip segment: 片尾 2527000-2706000ms (2527-2706s)
05-31 12:21:13.563 17044 18316 I SkipInfo: [CLIP_DEBUG] extractSkipInfoFromClipInfoList END, result count=2
05-31 12:21:13.568 17044 17044 I aan_java: a(long) called with j=0
05-31 12:21:13.569 17044 17044 I aan_java: a(long) result=00:00
05-31 12:21:13.569 17044 17044 I aan_java: a(long) called with j=2706800
05-31 12:21:13.569 17044 17044 I aan_java: a(long) result=45:06
05-31 12:21:13.569 17044 17044 I PlayerSeekBar_java: onProgressChanged: progress=0, fromUser=false
05-31 12:21:13.569 17044 17044 I aan_java: a(long) called with j=0
05-31 12:21:13.569 17044 17044 I aan_java: a(long) result=00:00
05-31 12:21:13.569 17044 17044 I PlayerSeekBar_java: bottomSeekBar time: progress=0ms, timeText=00:00
05-31 12:21:13.569 17044 17044 I PlayerSeekBar_java: setProgress called with progress=0
05-31 12:21:13.570 17044 17044 I PlayerSeekBar_java: setSecondaryProgress called with secondaryProgress=0
05-31 12:21:13.779 17044 18297 I MediaCodec: [0xb402a200][QIB]V, QIB:62/s, QIB num:9544
05-31 12:21:13.916 17044 17056 I uii.ang.bilitv: Background concurrent copying GC freed 67776(3589KB) AllocSpace objects, 803(52MB) LOS objects, 40% free, 35MB/59MB, paused 321us total 445.481ms
05-31 12:21:13.952 17044 18314 I VideoShot: loadVideoShot: jsonResponse={"code":0,"data":{"image":["//bimp.hdslb.com/videoshotpvsdboss/197718674_656cab-0001.jpg","//bimp.hdslb.com/videoshotpvsdboss/197718674_656cab-0002.jpg","//bimp.hdslb.com/videoshotpvsdboss/197718674_656cab-0003.jpg","//bimp.hdslb.com/videoshotpvsdboss/197718674_656cab-0004.jpg"],"img_x_len":10,"img_x_size":0,"img_y_len":10,"img_y_size":0,"index":[0,0,6,12,18,24,30,36,43,52,64,72,81,91,99,109,119,129,137,147,157,167,175,185,194,201,207,220,225,235,244,251,261,270,280,290,298,308,314,327,337,347,359,369,379,389,397,407,417,424,434,441,450,460,468,476,485,494,502,517,529,539,547,560,569,575,580,588,598,608,618,633,642,650,664,671,678,691,701,711,721,731,737,745,751,758,766,779,789,799,805,812,822,834,844,851,861,874,880,886,896,906,914,926,931,942,956,964,974,987,993,1001,1008,1015,1028,1039,1054,1064,1069,1074,1079,1092,1098,1103,1115,1125,1134,1141,1146,1151,1161,1170,1177,1183,1189,1196,1204,1215,1221,1230,1237,1247,1257,1264,1270,1279,1289,1295,1304,1313,1323,1333,1341,1351,1363,1370,1381,1391,1399,1411,1422,1431,1437,1448,1458,1472,1481,1487,1497,1507,1514,1528,1539,1547,1556,1565,1573,1579,1586,1596,1606,1620,1634,1640,1649,1659,1674,1680,1687,1694,1700,1714,1721,1729,1737,1745,1753,1761,1770,1778,1786,1792,1799,1811,1819,1826,1840,1850,1860,1870,1879,1889,1894,1904,1913,1923,1929,1940,1949,1960,1970,1980,1985,1991,2000,2007,2014,2021,2029,2036,2044,2052,2067,2079,2085,2093,2101,2111,2121,2130,2141,2147,2157,2165,2175,2185,2195,2200,2210,2219,2225,2231,2241,2246,2258,2265,2272,2280,2290,2300,2310,2320,2330,2338,2344,2351,2364,2374,2384,2394,2403,2411,2419,2429,2436,2446,2455,2465,2471,2481,2491,2505,2511,2521,2531,2541,2551,2561,2571,2581,2591,2601,2611,2621,2631,2641,2651,2661,2671,2681,2691,2701],"indexs":{},"pvdata":"//boss.hdslb.com/videoshotpvsdboss/197718674_656cab.bin","video_shots":{}},"message":"OK","ttl":1}
05-31 12:21:13.952 17044 18314 I VideoShot_JSON: ========== Full JSON Response ==========
05-31 12:21:13.952 17044 18314 I VideoShot_JSON: ========== Start (1851 chars, 1 chunks) ==========
05-31 12:21:13.952 17044 18314 I VideoShot_JSON: {"code":0,"data":{"image":["//bimp.hdslb.com/videoshotpvsdboss/197718674_656cab-0001.jpg","//bimp.hdslb.com/videoshotpvsdboss/197718674_656cab-0002.jpg","//bimp.hdslb.com/videoshotpvsdboss/197718674_656cab-0003.jpg","//bimp.hdslb.com/videoshotpvsdboss/197718674_656cab-0004.jpg"],"img_x_len":10,"img_x_size":0,"img_y_len":10,"img_y_size":0,"index":[0,0,6,12,18,24,30,36,43,52,64,72,81,91,99,109,119,129,137,147,157,167,175,185,194,201,207,220,225,235,244,251,261,270,280,290,298,308,314,327,337,347,359,369,379,389,397,407,417,424,434,441,450,460,468,476,485,494,502,517,529,539,547,560,569,575,580,588,598,608,618,633,642,650,664,671,678,691,701,711,721,731,737,745,751,758,766,779,789,799,805,812,822,834,844,851,861,874,880,886,896,906,914,926,931,942,956,964,974,987,993,1001,1008,1015,1028,1039,1054,1064,1069,1074,1079,1092,1098,1103,1115,1125,1134,1141,1146,1151,1161,1170,1177,1183,1189,1196,1204,1215,1221,1230,1237,1247,1257,1264,1270,1279,1289,1295,1304,1313,1323,1333,1341,1351,1363,1370,1381,1391,1399,1411,1422,1431,1437,1448,1458,1472,1481,1487,1497,1507,1514,1528,1539,1547,1556,1565,1573,1579,1586,1596,1606,1620,1634,1640,1649,1659,1674,1680,1687,1694,1700,1714,1721,1729,1737,1745,1753,1761,1770,1778,1786,1792,1799,1811,1819,1826,1840,1850,1860,1870,1879,1889,1894,1904,1913,1923,1929,1940,1949,1960,1970,1980,1985,1991,2000,2007,2014,2021,2029,2036,2044,2052,2067,2079,2085,2093,2101,2111,2121,2130,2141,2147,2157,2165,2175,2185,2195,2200,2210,2219,2225,2231,2241,2246,2258,2265,2272,2280,2290,2300,2310,2320,2330,2338,2344,2351,2364,2374,2384,2394,2403,2411,2419,2429,2436,2446,2455,2465,2471,2481,2491,2505,2511,2521,2531,2541,2551,2561,2571,2581,2591,2601,2611,2621,2631,2641,2651,2661,2671,2681,2691,2701],"indexs":{},"pvdata":"//boss.hdslb.com/videoshotpvsdboss/197718674_656cab.bin","video_shots":{}},"message":"OK","ttl":1}
05-31 12:21:13.952 17044 18314 I VideoShot_JSON: ========== End ==========
05-31 12:21:13.952 17044 18314 I VideoShot_JSON: ========== End JSON Response ==========
05-31 12:21:13.952 17044 18314 I VideoShot: loadVideoShot: code=0
05-31 12:21:13.952 17044 18314 I VideoShot_DATA: ========== Data Object ==========
05-31 12:21:13.955 17044 18314 I VideoShot_DATA: ========== Start (1810 chars, 1 chunks) ==========
05-31 12:21:13.955 17044 18314 I VideoShot_DATA: {"image":["//bimp.hdslb.com/videoshotpvsdboss/197718674_656cab-0001.jpg","//bimp.hdslb.com/videoshotpvsdboss/197718674_656cab-0002.jpg","//bimp.hdslb.com/videoshotpvsdboss/197718674_656cab-0003.jpg","//bimp.hdslb.com/videoshotpvsdboss/197718674_656cab-0004.jpg"],"img_x_len":10,"img_x_size":0,"img_y_len":10,"img_y_size":0,"index":[0,0,6,12,18,24,30,36,43,52,64,72,81,91,99,109,119,129,137,147,157,167,175,185,194,201,207,220,225,235,244,251,261,270,280,290,298,308,314,327,337,347,359,369,379,389,397,407,417,424,434,441,450,460,468,476,485,494,502,517,529,539,547,560,569,575,580,588,598,608,618,633,642,650,664,671,678,691,701,711,721,731,737,745,751,758,766,779,789,799,805,812,822,834,844,851,861,874,880,886,896,906,914,926,931,942,956,964,974,987,993,1001,1008,1015,1028,1039,1054,1064,1069,1074,1079,1092,1098,1103,1115,1125,1134,1141,1146,1151,1161,1170,1177,1183,1189,1196,1204,1215,1221,1230,1237,1247,1257,1264,1270,1279,1289,1295,1304,1313,1323,1333,1341,1351,1363,1370,1381,1391,1399,1411,1422,1431,1437,1448,1458,1472,1481,1487,1497,1507,1514,1528,1539,1547,1556,1565,1573,1579,1586,1596,1606,1620,1634,1640,1649,1659,1674,1680,1687,1694,1700,1714,1721,1729,1737,1745,1753,1761,1770,1778,1786,1792,1799,1811,1819,1826,1840,1850,1860,1870,1879,1889,1894,1904,1913,1923,1929,1940,1949,1960,1970,1980,1985,1991,2000,2007,2014,2021,2029,2036,2044,2052,2067,2079,2085,2093,2101,2111,2121,2130,2141,2147,2157,2165,2175,2185,2195,2200,2210,2219,2225,2231,2241,2246,2258,2265,2272,2280,2290,2300,2310,2320,2330,2338,2344,2351,2364,2374,2384,2394,2403,2411,2419,2429,2436,2446,2455,2465,2471,2481,2491,2505,2511,2521,2531,2541,2551,2561,2571,2581,2591,2601,2611,2621,2631,2641,2651,2661,2671,2681,2691,2701],"indexs":{},"pvdata":"//boss.hdslb.com/videoshotpvsdboss/197718674_656cab.bin","video_shots":{}}
05-31 12:21:13.955 17044 18314 I VideoShot_DATA: ========== End ==========
05-31 12:21:13.955 17044 18314 I VideoShot_DATA: ========== End Data Object ==========
05-31 12:21:13.957 17044 18314 I VideoShot: loadVideoShot: shot=com.bilibili.tv.api.video.VideoShot@7257f4e, image=[//bimp.hdslb.com/videoshotpvsdboss/197718674_656cab-0001.jpg, //bimp.hdslb.com/videoshotpvsdboss/197718674_656cab-0002.jpg, //bimp.hdslb.com/videoshotpvsdboss/197718674_656cab-0003.jpg, //bimp.hdslb.com/videoshotpvsdboss/197718674_656cab-0004.jpg], index=[0, 0, 6, 12, 18, 24, 30, 36, 43, 52, 64, 72, 81, 91, 99, 109, 119, 129, 137, 147, 157, 167, 175, 185, 194, 201, 207, 220, 225, 235, 244, 251, 261, 270, 280, 290, 298, 308, 314, 327, 337, 347, 359, 369, 379, 389, 397, 407, 417, 424, 434, 441, 450, 460, 468, 476, 485, 494, 502, 517, 529, 539, 547, 560, 569, 575, 580, 588, 598, 608, 618, 633, 642, 650, 664, 671, 678, 691, 701, 711, 721, 731, 737, 745, 751, 758, 766, 779, 789, 799, 805, 812, 822, 834, 844, 851, 861, 874, 880, 886, 896, 906, 914, 926, 931, 942, 956, 964, 974, 987, 993, 1001, 1008, 1015, 1028, 1039, 1054, 1064, 1069, 1074, 1079, 1092, 1098, 1103, 1115, 1125, 1134, 1141, 1146, 1151, 1161, 1170, 1177, 1183, 1189, 1196, 1204, 1215, 1221, 1230, 1237, 1247, 1257, 1264, 1270, 1279, 1289, 1295, 1304, 1313, 1323, 1333, 1341, 1351, 1363, 1370, 1381, 1391, 1399, 1411, 1422, 1431, 1437, 1448, 1458, 1472, 1481, 1487, 1497, 1507, 1514, 1528, 1539, 1547, 1556, 1565, 1573, 1579, 1586, 1596, 1606, 1620, 1634, 1640, 1649, 1659, 1674, 1680, 1687, 1694, 1700, 1714, 1721, 1729, 1737, 1745, 1753, 1761, 1770, 1778, 1786, 1792, 1799, 1811, 1819, 1826, 1840, 1850, 1860, 1870, 1879, 1889, 1894, 1904, 1913, 1923, 1929, 1940, 1949, 1960, 1970, 1980, 1985, 1991, 2000, 2007, 2014, 2021, 2029, 2036, 2044, 2052, 2067, 2079, 2085, 2093, 2101, 2111, 2121, 2130, 2141, 2147, 2157, 2165, 2175, 2185, 2195, 2200, 2210, 2219, 2225, 2231, 2241, 2246, 2258, 2265, 2272, 2280, 2290, 2300, 2310, 2320, 2330, 2338, 2344, 2351, 2364, 2374, 2384, 2394, 2403, 2411, 2419, 2429, 2436, 2446, 2455, 2465, 2471, 2481, 2491, 2505, 2511, 2521, 2531, 2541, 2551, 2561, 2571, 2581, 2591, 2601, 2611, 2621, 2631, 2641, 2651, 2661, 2671, 2681, 2691, 2701]
05-31 12:21:13.957 17044 18314 I VideoShot: loadVideoShot: imgXLen=10, imgYLen=10, imgXSize=160, imgYSize=90
05-31 12:21:13.957 17044 18314 I VideoShot: loadVideoShot: pvdata=//boss.hdslb.com/videoshotpvsdboss/197718674_656cab.bin
05-31 12:21:13.957 17044 18314 I VideoShot: loadVideoShot: data valid, setting to PlayerSeekBar
05-31 12:21:13.958 17044 17044 I VideoShot: loadVideoShot: posting to main thread
05-31 12:21:13.958 17044 17044 I PlayerSeekBar_java: setVideoShot: shot=com.bilibili.tv.api.video.VideoShot@7257f4e
05-31 12:21:13.958 17044 17044 I PlayerSeekBar_java: setVideoShot: image=[//bimp.hdslb.com/videoshotpvsdboss/197718674_656cab-0001.jpg, //bimp.hdslb.com/videoshotpvsdboss/197718674_656cab-0002.jpg, //bimp.hdslb.com/videoshotpvsdboss/197718674_656cab-0003.jpg, //bimp.hdslb.com/videoshotpvsdboss/197718674_656cab-0004.jpg], index=[0, 0, 6, 12, 18, 24, 30, 36, 43, 52, 64, 72, 81, 91, 99, 109, 119, 129, 137, 147, 157, 167, 175, 185, 194, 201, 207, 220, 225, 235, 244, 251, 261, 270, 280, 290, 298, 308, 314, 327, 337, 347, 359, 369, 379, 389, 397, 407, 417, 424, 434, 441, 450, 460, 468, 476, 485, 494, 502, 517, 529, 539, 547, 560, 569, 575, 580, 588, 598, 608, 618, 633, 642, 650, 664, 671, 678, 691, 701, 711, 721, 731, 737, 745, 751, 758, 766, 779, 789, 799, 805, 812, 822, 834, 844, 851, 861, 874, 880, 886, 896, 906, 914, 926, 931, 942, 956, 964, 974, 987, 993, 1001, 1008, 1015, 1028, 1039, 1054, 1064, 1069, 1074, 1079, 1092, 1098, 1103, 1115, 1125, 1134, 1141, 1146, 1151, 1161, 1170, 1177, 1183, 1189, 1196, 1204, 1215, 1221, 1230, 1237, 1247, 1257, 1264, 1270, 1279, 1289, 1295, 1304, 1313, 1323, 1333, 1341, 1351, 1363, 1370, 1381, 1391, 1399, 1411, 1422, 1431, 1437, 1448, 1458, 1472, 1481, 1487, 1497, 1507, 1514, 1528, 1539, 1547, 1556, 1565, 1573, 1579, 1586, 1596, 1606, 1620, 1634, 1640, 1649, 1659, 1674, 1680, 1687, 1694, 1700, 1714, 1721, 1729, 1737, 1745, 1753, 1761, 1770, 1778, 1786, 1792, 1799, 1811, 1819, 1826, 1840, 1850, 1860, 1870, 1879, 1889, 1894, 1904, 1913, 1923, 1929, 1940, 1949, 1960, 1970, 1980, 1985, 1991, 2000, 2007, 2014, 2021, 2029, 2036, 2044, 2052, 2067, 2079, 2085, 2093, 2101, 2111, 2121, 2130, 2141, 2147, 2157, 2165, 2175, 2185, 2195, 2200, 2210, 2219, 2225, 2231, 2241, 2246, 2258, 2265, 2272, 2280, 2290, 2300, 2310, 2320, 2330, 2338, 2344, 2351, 2364, 2374, 2384, 2394, 2403, 2411, 2419, 2429, 2436, 2446, 2455, 2465, 2471, 2481, 2491, 2505, 2511, 2521, 2531, 2541, 2551, 2561, 2571, 2581, 2591, 2601, 2611, 2621, 2631, 2641, 2651, 2661, 2671, 2681, 2691, 2701]
05-31 12:21:13.958 17044 17044 I VideoShot: loadVideoShot: setVideoShot called
05-31 12:21:13.958 17044 17044 I PlayerSeekBar_java: setDuration: duration=2706
05-31 12:21:13.958 17044 17044 I VideoShot: loadVideoShot: setDuration called, duration=2706
05-31 12:21:13.990 17044 18316 I SkipInfo: [MERGE_DEBUG] ========== mergeSkipSegments START ==========
05-31 12:21:13.990 17044 18316 I SkipInfo: [MERGE_DEBUG] clipSegments count=2
05-31 12:21:13.990 17044 18316 I SkipInfo: [MERGE_DEBUG] clipSegment[0]: {"type":"片头","start":0,"end":175000,"source":"pgc_clip"}
05-31 12:21:13.992 17044 18316 I SkipInfo: [MERGE_DEBUG] clipSegment[1]: {"type":"片尾","start":2527000,"end":2706000,"source":"pgc_clip"}
05-31 12:21:13.992 17044 18316 I SkipInfo: [MERGE_DEBUG] sponsorBlockSegments count=2
05-31 12:21:13.992 17044 18316 I SkipInfo: [MERGE_DEBUG] sponsorBlockSegment[0]: {"type":"片头","start":0,"end":175000,"source":"pgc_ep_list"}
05-31 12:21:13.993 17044 18316 I SkipInfo: [MERGE_DEBUG] sponsorBlockSegment[1]: {"type":"片尾","start":2527000,"end":2706000,"source":"pgc_ep_list"}
05-31 12:21:13.993 17044 18316 I SkipInfo: [MERGE_DEBUG] added clip segment, id=片头:0-175000
05-31 12:21:13.993 17044 18316 I SkipInfo: [MERGE_DEBUG] added clip segment, id=片尾:2527000-2706000
05-31 12:21:13.993 17044 18316 I SkipInfo: [MERGE_DEBUG] skipped duplicate sponsorBlock segment, id=片头:0-175000, existing source=pgc_clip
05-31 12:21:13.993 17044 18316 I SkipInfo: [MERGE_DEBUG] skipped duplicate sponsorBlock segment, id=片尾:2527000-2706000, existing source=pgc_clip
05-31 12:21:13.993 17044 18316 I SkipInfo: [MERGE_DEBUG] final segment: 片头 0-175000ms source=pgc_clip
05-31 12:21:13.993 17044 18316 I SkipInfo: [MERGE_DEBUG] final segment: 片尾 2527000-2706000ms source=pgc_clip
05-31 12:21:13.993 17044 18316 I SkipInfo: [MERGE_DEBUG] mergeSkipSegments END, total=2
05-31 12:21:14.020 17044 18321 E DanmakuParser: [DFM Parser]  parse flag error :Value l of type java.lang.String cannot be converted to JSONObject
05-31 12:21:14.245 17044 18316 I SkipInfo: [INIT_DEBUG] initPlayInfo done, resolveParams.skips=[{"type":"片头","start":0,"end":175000,"source":"pgc_clip"},{"type":"片尾","start":2527000,"end":2706000,"source":"pgc_clip"}]
05-31 12:21:14.245 17044 18316 I SkipInfo: [LOCAL_DEBUG] ========== getLocalEffectiveSkips START ==========
05-31 12:21:14.245 17044 18316 I SkipInfo: [LOCAL_DEBUG] mAvid=328492664, mListKey=season_33626, mDuration=2707
05-31 12:21:14.245 17044 18316 I SkipInfo: [LOCAL_DEBUG] try listKey=skip_list_season_33626, localSkip=null
05-31 12:21:14.245 17044 18316 I SkipInfo: [LOCAL_DEBUG] try videoKey=skip_time_video_328492664, localSkip=null
05-31 12:21:14.245 17044 18316 I SkipInfo: [LOCAL_DEBUG] no local skip settings, return null
05-31 12:21:14.245 17044 18316 I SkipInfo: [INIT_DEBUG] localSkips=null
05-31 12:21:14.246 17044 18316 I SkipInfo: [INIT_DEBUG] serverSkips=[{"type":"片头","start":0,"end":175000,"source":"pgc_clip"},{"type":"片尾","start":2527000,"end":2706000,"source":"pgc_clip"}]
05-31 12:21:14.246 17044 18316 I SkipInfo: [INIT_DEBUG] added server skip: 片头 0-175000
05-31 12:21:14.246 17044 18316 I SkipInfo: [INIT_DEBUG] added server skip: 片尾 2527000-2706000
05-31 12:21:14.246 17044 18316 I SkipInfo: [INIT_DEBUG] mergedSkips=[{"type":"片头","start":0,"end":175000,"source":"pgc_clip"},{"type":"片尾","start":2527000,"end":2706000,"source":"pgc_clip"}]
05-31 12:21:14.246 17044 18316 I SkipInfo: [INIT_DEBUG] set _xj.skips and resetSkipFlags, total=2
05-31 12:21:14.268 17044 17044 W CodecLooper: type=1400 audit(0.0:258162): avc: denied { search } for name="/" dev="mmcblk0p34" ino=2 scontext=u:r:untrusted_app_27:s0:c512,c768 tcontext=u:object_r:userdata_file:s0 tclass=dir permissive=0 app=uii.ang.bilitv
05-31 12:21:14.268 17044 17044 W CodecLooper: type=1400 audit(0.0:258163): avc: denied { search } for name="/" dev="mmcblk0p34" ino=2 scontext=u:r:untrusted_app_27:s0:c512,c768 tcontext=u:object_r:userdata_file:s0 tclass=dir permissive=0 app=uii.ang.bilitv
05-31 12:21:14.320 17044 17044 W CodecLooper: type=1400 audit(0.0:258164): avc: denied { search } for name="/" dev="mmcblk0p34" ino=2 scontext=u:r:untrusted_app_27:s0:c512,c768 tcontext=u:object_r:userdata_file:s0 tclass=dir permissive=0 app=uii.ang.bilitv
05-31 12:21:14.320 17044 17044 W CodecLooper: type=1400 audit(0.0:258165): avc: denied { search } for name="/" dev="mmcblk0p34" ino=2 scontext=u:r:untrusted_app_27:s0:c512,c768 tcontext=u:object_r:userdata_file:s0 tclass=dir permissive=0 app=uii.ang.bilitv
05-31 12:21:14.384 17044 17044 W CodecLooper: type=1400 audit(0.0:258166): avc: denied { search } for name="/" dev="mmcblk0p34" ino=2 scontext=u:r:untrusted_app_27:s0:c512,c768 tcontext=u:object_r:userdata_file:s0 tclass=dir permissive=0 app=uii.ang.bilitv
05-31 12:21:14.454 17044 17044 I ExoPlayerImpl: [LOADING] onLoadingChanged=false
05-31 12:21:14.454 17044 17044 I ExoPlayerImpl: [LOADING] isLoading=false, position=673ms
05-31 12:21:14.469 17044 18297 I MediaCodec: [0xb402a200][ROB]V, ROB:19/s, ROB num:8574
05-31 12:21:14.586 17044 17056 I uii.ang.bilitv: Background young concurrent copying GC freed 123732(4866KB) AllocSpace objects, 38(9808KB) LOS objects, 21% free, 47MB/59MB, paused 192us total 166.448ms
05-31 12:21:14.857 17044 18297 I MediaCodec: [0xb402a200][QIB]V, QIB:21/s, QIB num:9565
05-31 12:21:14.948 17044 17044 I SkipInfo: [SKIP_DEBUG] ========== checkSkip START ==========
05-31 12:21:14.949 17044 17044 I SkipInfo: [SKIP_DEBUG] current position t=994ms (0s)
05-31 12:21:14.949 17044 17044 I SkipInfo: [SKIP_DEBUG] skips count=2
05-31 12:21:14.949 17044 17044 I SkipInfo: [SKIP_DEBUG] introSkipped=false, outroPromptShown=false, userSeekedToIntro=false
05-31 12:21:14.949 17044 17044 I SkipInfo: [SKIP_DEBUG] segment[0]: type=片头, start=0ms (0s), end=175000ms (175s), source=pgc_clip
05-31 12:21:14.949 17044 17044 I SkipInfo: [SKIP_DEBUG] EXEC INTRO: t=994ms, start=0ms, end=175000ms, will seek to 175000ms
05-31 12:21:14.949 17044 17044 I aan_java: a(long) called with j=175000
05-31 12:21:14.949 17044 17044 I aan_java: a(long) result=02:55
05-31 12:21:14.950 17044 17044 I ExoPlayerImpl: [PLAYER_STATE] playWhenReady=true, state=BUFFERING
05-31 12:21:14.951 17044 17044 W ExoPlayerImpl: [STATE] BUFFERING START - position=175000ms, buffered=6%
05-31 12:21:14.951 17044 17044 W ExoPlayerImpl: [STATE] BUFFERING - lastState=READY, isPlaying=false
05-31 12:21:14.951 17044 17044 W ExoPlayerImpl: [STATE] BUFFERING - networkErrorRetryCount=0, nalErrorRetryCount=0
05-31 12:21:14.951 17044 17044 I ExoPlayerImpl: [STATE] Sending BUFFERING_START to listener
05-31 12:21:14.951 17044 17044 I BufferingOverlayCtrl: [BUFFERING_START] Buffering started
05-31 12:21:14.951 17044 17044 I BufferingOverlayCtrl: [UPDATE] bufferingStartedAt=11425875, remainingDelay=1000ms
05-31 12:21:14.951 17044 17044 I BufferingOverlayCtrl: [SCHEDULE] Scheduling show in 1000ms
05-31 12:21:14.951 17044 17044 I BufferingOverlayCtrl: [BUFFERING_START] Buffering started
05-31 12:21:14.951 17044 17044 I BufferingOverlayCtrl: [UPDATE] bufferingStartedAt=11425875, remainingDelay=1000ms
05-31 12:21:14.952 17044 17044 I SkipInfo: [SKIP_DEBUG] INTRO skipped, introSkipped set to true
05-31 12:21:14.953 17044 18292 W MediaCodec: ===MediaCodec::flush===
05-31 12:21:14.953 17044 18297 W MediaCodec: ===MediaCodec::onMessageReceived kWhatFlush===, mState:6
05-31 12:21:14.953 17044 18298 I ACodec  : [OMX.MS.HEVC.Decoder] ExecutingState flushing now (codec owns 5/5 input, 5/9 output).
05-31 12:21:14.954 17044 18298 I ACodec  : Recived kWhatFlush in ExecutingState Out
05-31 12:21:14.970 17044 17044 I SkipInfo: [SKIP_DEBUG] ========== checkSkip START ==========
05-31 12:21:14.970 17044 17044 I SkipInfo: [SKIP_DEBUG] current position t=175000ms (175s)
05-31 12:21:14.970 17044 17044 I SkipInfo: [SKIP_DEBUG] skips count=2
05-31 12:21:14.970 17044 17044 I SkipInfo: [SKIP_DEBUG] introSkipped=true, outroPromptShown=false, userSeekedToIntro=false
05-31 12:21:14.970 17044 17044 I SkipInfo: [SKIP_DEBUG] segment[0]: type=片头, start=0ms (0s), end=175000ms (175s), source=pgc_clip
05-31 12:21:14.970 17044 17044 I SkipInfo: [SKIP_DEBUG] INTRO not triggered: introSkipped=true, userSeekedToIntro=false, tInRange=false
05-31 12:21:14.970 17044 17044 I SkipInfo: [SKIP_DEBUG] segment[1]: type=片尾, start=2527000ms (2527s), end=2706000ms (2706s), source=pgc_clip
05-31 12:21:14.970 17044 17044 I SkipInfo: [SKIP_DEBUG] OUTRO check: t=175000ms >= start=2527000ms ? false, t < end=2706000ms ? true, outroPromptShown=false
05-31 12:21:14.970 17044 17044 I SkipInfo: [SKIP_DEBUG] checkSkip END, no action taken
05-31 12:21:14.982 17044 18298 I ACodec  : event =0, data1 = 1, data2 = 0
05-31 12:21:14.982 17044 18298 I ACodec  : event =0, data1 = 1, data2 = 1
05-31 12:21:14.982 17044 18298 I ACodec  : [OMX.MS.HEVC.Decoder] Now Executing
05-31 12:21:14.982 17044 18298 I ACodec  : Recived kWhatResume in ExecutingState In
05-31 12:21:14.986 17044 18292 W MediaCodec: ===MediaCodec::flush===
05-31 12:21:14.986 17044 18307 W MediaCodec: ===MediaCodec::onMessageReceived kWhatFlush===, mState:6
05-31 12:21:14.986 17044 18307 I ACodec  : [OMX.google.aac.decoder] ExecutingState flushing now (codec owns 4/4 input, 0/4 output).
05-31 12:21:14.986 17044 18307 I ACodec  : Recived kWhatFlush in ExecutingState Out
05-31 12:21:14.986 17044 18298 I ACodec  : Recived kWhatResume in ExecutingState Out
05-31 12:21:14.987 17044 18307 I ACodec  : event =0, data1 = 1, data2 = 0
05-31 12:21:14.989 17044 18307 I ACodec  : event =0, data1 = 1, data2 = 1
05-31 12:21:14.989 17044 18307 I ACodec  : [OMX.google.aac.decoder] Now Executing
05-31 12:21:14.989 17044 18307 I ACodec  : event =0, data1 = 1, data2 = -1
05-31 12:21:14.989 17044 18307 I ACodec  : Recived kWhatResume in ExecutingState In
05-31 12:21:14.990 17044 18307 I ACodec  : Recived kWhatResume in ExecutingState Out
05-31 12:21:14.998 17044 17044 I ExoPlayerImpl: [LOADING] onLoadingChanged=true
05-31 12:21:14.998 17044 17044 I ExoPlayerImpl: [LOADING] isLoading=true, position=175000ms
05-31 12:21:14.999 17044 17044 I SkipInfo: [SKIP_DEBUG] ========== checkSkip START ==========
05-31 12:21:14.999 17044 17044 I SkipInfo: [SKIP_DEBUG] current position t=175042ms (175s)
05-31 12:21:14.999 17044 17044 I SkipInfo: [SKIP_DEBUG] skips count=2
05-31 12:21:14.999 17044 17044 I SkipInfo: [SKIP_DEBUG] introSkipped=true, outroPromptShown=false, userSeekedToIntro=false
05-31 12:21:14.999 17044 17044 I SkipInfo: [SKIP_DEBUG] segment[0]: type=片头, start=0ms (0s), end=175000ms (175s), source=pgc_clip
05-31 12:21:14.999 17044 17044 I SkipInfo: [SKIP_DEBUG] INTRO not triggered: introSkipped=true, userSeekedToIntro=false, tInRange=false
05-31 12:21:14.999 17044 17044 I SkipInfo: [SKIP_DEBUG] segment[1]: type=片尾, start=2527000ms (2527s), end=2706000ms (2706s), source=pgc_clip
05-31 12:21:14.999 17044 17044 I SkipInfo: [SKIP_DEBUG] OUTRO check: t=175042ms >= start=2527000ms ? false, t < end=2706000ms ? true, outroPromptShown=false
05-31 12:21:14.999 17044 17044 I SkipInfo: [SKIP_DEBUG] checkSkip END, no action taken
05-31 12:21:15.016 17044 17044 I SkipInfo: [SKIP_DEBUG] ========== checkSkip START ==========
05-31 12:21:15.016 17044 17044 I SkipInfo: [SKIP_DEBUG] current position t=175054ms (175s)
05-31 12:21:15.016 17044 17044 I SkipInfo: [SKIP_DEBUG] skips count=2
05-31 12:21:15.016 17044 17044 I SkipInfo: [SKIP_DEBUG] introSkipped=true, outroPromptShown=false, userSeekedToIntro=false
05-31 12:21:15.016 17044 17044 I SkipInfo: [SKIP_DEBUG] segment[0]: type=片头, start=0ms (0s), end=175000ms (175s), source=pgc_clip
05-31 12:21:15.016 17044 17044 I SkipInfo: [SKIP_DEBUG] INTRO not triggered: introSkipped=true, userSeekedToIntro=false, tInRange=false
05-31 12:21:15.016 17044 17044 I SkipInfo: [SKIP_DEBUG] segment[1]: type=片尾, start=2527000ms (2527s), end=2706000ms (2706s), source=pgc_clip
05-31 12:21:15.016 17044 17044 I SkipInfo: [SKIP_DEBUG] OUTRO check: t=175054ms >= start=2527000ms ? false, t < end=2706000ms ? true, outroPromptShown=false
05-31 12:21:15.016 17044 17044 I SkipInfo: [SKIP_DEBUG] checkSkip END, no action taken
05-31 12:21:15.032 17044 17044 I SkipInfo: [SKIP_DEBUG] ========== checkSkip START ==========
05-31 12:21:15.032 17044 17044 I SkipInfo: [SKIP_DEBUG] current position t=175073ms (175s)
05-31 12:21:15.032 17044 17044 I SkipInfo: [SKIP_DEBUG] skips count=2
05-31 12:21:15.032 17044 17044 I SkipInfo: [SKIP_DEBUG] introSkipped=true, outroPromptShown=false, userSeekedToIntro=false
05-31 12:21:15.032 17044 17044 I SkipInfo: [SKIP_DEBUG] segment[0]: type=片头, start=0ms (0s), end=175000ms (175s), source=pgc_clip
05-31 12:21:15.032 17044 17044 I SkipInfo: [SKIP_DEBUG] INTRO not triggered: introSkipped=true, userSeekedToIntro=false, tInRange=false
05-31 12:21:15.032 17044 17044 I SkipInfo: [SKIP_DEBUG] segment[1]: type=片尾, start=2527000ms (2527s), end=2706000ms (2706s), source=pgc_clip
05-31 12:21:15.032 17044 17044 I SkipInfo: [SKIP_DEBUG] OUTRO check: t=175073ms >= start=2527000ms ? false, t < end=2706000ms ? true, outroPromptShown=false
05-31 12:21:15.032 17044 17044 I SkipInfo: [SKIP_DEBUG] checkSkip END, no action taken
05-31 12:21:15.048 17044 17044 I SkipInfo: [SKIP_DEBUG] ========== checkSkip START ==========
05-31 12:21:15.048 17044 17044 I SkipInfo: [SKIP_DEBUG] current position t=175088ms (175s)
05-31 12:21:15.048 17044 17044 I SkipInfo: [SKIP_DEBUG] skips count=2
05-31 12:21:15.048 17044 17044 I SkipInfo: [SKIP_DEBUG] introSkipped=true, outroPromptShown=false, userSeekedToIntro=false
05-31 12:21:15.049 17044 17044 I SkipInfo: [SKIP_DEBUG] segment[0]: type=片头, start=0ms (0s), end=175000ms (175s), source=pgc_clip
05-31 12:21:15.049 17044 17044 I SkipInfo: [SKIP_DEBUG] INTRO not triggered: introSkipped=true, userSeekedToIntro=false, tInRange=false
05-31 12:21:15.049 17044 17044 I SkipInfo: [SKIP_DEBUG] segment[1]: type=片尾, start=2527000ms (2527s), end=2706000ms (2706s), source=pgc_clip
05-31 12:21:15.049 17044 17044 I SkipInfo: [SKIP_DEBUG] OUTRO check: t=175088ms >= start=2527000ms ? false, t < end=2706000ms ? true, outroPromptShown=false
05-31 12:21:15.049 17044 17044 I SkipInfo: [SKIP_DEBUG] checkSkip END, no action taken
05-31 12:21:15.067 17044 17044 I SkipInfo: [SKIP_DEBUG] ========== checkSkip START ==========
05-31 12:21:15.067 17044 17044 I SkipInfo: [SKIP_DEBUG] current position t=175104ms (175s)
05-31 12:21:15.068 17044 17044 I SkipInfo: [SKIP_DEBUG] skips count=2
05-31 12:21:15.068 17044 17044 I SkipInfo: [SKIP_DEBUG] introSkipped=true, outroPromptShown=false, userSeekedToIntro=false
05-31 12:21:15.068 17044 17044 I SkipInfo: [SKIP_DEBUG] segment[0]: type=片头, start=0ms (0s), end=175000ms (175s), source=pgc_clip
05-31 12:21:15.068 17044 17044 I SkipInfo: [SKIP_DEBUG] INTRO not triggered: introSkipped=true, userSeekedToIntro=false, tInRange=false
05-31 12:21:15.068 17044 17044 I SkipInfo: [SKIP_DEBUG] segment[1]: type=片尾, start=2527000ms (2527s), end=2706000ms (2706s), source=pgc_clip
05-31 12:21:15.068 17044 17044 I SkipInfo: [SKIP_DEBUG] OUTRO check: t=175104ms >= start=2527000ms ? false, t < end=2706000ms ? true, outroPromptShown=false
05-31 12:21:15.068 17044 17044 I SkipInfo: [SKIP_DEBUG] checkSkip END, no action taken
05-31 12:21:15.082 17044 17044 I SkipInfo: [SKIP_DEBUG] ========== checkSkip START ==========
05-31 12:21:15.082 17044 17044 I SkipInfo: [SKIP_DEBUG] current position t=175113ms (175s)
05-31 12:21:15.082 17044 17044 I SkipInfo: [SKIP_DEBUG] skips count=2
05-31 12:21:15.082 17044 17044 I SkipInfo: [SKIP_DEBUG] introSkipped=true, outroPromptShown=false, userSeekedToIntro=false
05-31 12:21:15.082 17044 17044 I SkipInfo: [SKIP_DEBUG] segment[0]: type=片头, start=0ms (0s), end=175000ms (175s), source=pgc_clip
05-31 12:21:15.082 17044 17044 I SkipInfo: [SKIP_DEBUG] INTRO not triggered: introSkipped=true, userSeekedToIntro=false, tInRange=false
05-31 12:21:15.082 17044 17044 I SkipInfo: [SKIP_DEBUG] segment[1]: type=片尾, start=2527000ms (2527s), end=2706000ms (2706s), source=pgc_clip
05-31 12:21:15.082 17044 17044 I SkipInfo: [SKIP_DEBUG] OUTRO check: t=175113ms >= start=2527000ms ? false, t < end=2706000ms ? true, outroPromptShown=false
05-31 12:21:15.082 17044 17044 I SkipInfo: [SKIP_DEBUG] checkSkip END, no action taken
05-31 12:21:15.098 17044 17044 I SkipInfo: [SKIP_DEBUG] ========== checkSkip START ==========
05-31 12:21:15.098 17044 17044 I SkipInfo: [SKIP_DEBUG] current position t=175135ms (175s)
05-31 12:21:15.098 17044 17044 I SkipInfo: [SKIP_DEBUG] skips count=2
05-31 12:21:15.098 17044 17044 I SkipInfo: [SKIP_DEBUG] introSkipped=true, outroPromptShown=false, userSeekedToIntro=false
05-31 12:21:15.098 17044 17044 I SkipInfo: [SKIP_DEBUG] segment[0]: type=片头, start=0ms (0s), end=175000ms (175s), source=pgc_clip
05-31 12:21:15.098 17044 17044 I SkipInfo: [SKIP_DEBUG] INTRO not triggered: introSkipped=true, userSeekedToIntro=false, tInRange=false
05-31 12:21:15.098 17044 17044 I SkipInfo: [SKIP_DEBUG] segment[1]: type=片尾, start=2527000ms (2527s), end=2706000ms (2706s), source=pgc_clip
05-31 12:21:15.098 17044 17044 I SkipInfo: [SKIP_DEBUG] OUTRO check: t=175135ms >= start=2527000ms ? false, t < end=2706000ms ? true, outroPromptShown=false
05-31 12:21:15.099 17044 17044 I SkipInfo: [SKIP_DEBUG] checkSkip END, no action taken
05-31 12:21:15.115 17044 17044 I SkipInfo: [SKIP_DEBUG] ========== checkSkip START ==========
05-31 12:21:15.115 17044 17044 I SkipInfo: [SKIP_DEBUG] current position t=175152ms (175s)
05-31 12:21:15.115 17044 17044 I SkipInfo: [SKIP_DEBUG] skips count=2
05-31 12:21:15.115 17044 17044 I SkipInfo: [SKIP_DEBUG] introSkipped=true, outroPromptShown=false, userSeekedToIntro=false
05-31 12:21:15.115 17044 17044 I SkipInfo: [SKIP_DEBUG] segment[0]: type=片头, start=0ms (0s), end=175000ms (175s), source=pgc_clip
05-31 12:21:15.115 17044 17044 I SkipInfo: [SKIP_DEBUG] INTRO not triggered: introSkipped=true, userSeekedToIntro=false, tInRange=false
05-31 12:21:15.115 17044 17044 I SkipInfo: [SKIP_DEBUG] segment[1]: type=片尾, start=2527000ms (2527s), end=2706000ms (2706s), source=pgc_clip
05-31 12:21:15.115 17044 17044 I SkipInfo: [SKIP_DEBUG] OUTRO check: t=175152ms >= start=2527000ms ? false, t < end=2706000ms ? true, outroPromptShown=false
05-31 12:21:15.115 17044 17044 I SkipInfo: [SKIP_DEBUG] checkSkip END, no action taken
05-31 12:21:15.132 17044 17044 I SkipInfo: [SKIP_DEBUG] ========== checkSkip START ==========
05-31 12:21:15.132 17044 17044 I SkipInfo: [SKIP_DEBUG] current position t=175168ms (175s)
05-31 12:21:15.132 17044 17044 I SkipInfo: [SKIP_DEBUG] skips count=2
05-31 12:21:15.132 17044 17044 I SkipInfo: [SKIP_DEBUG] introSkipped=true, outroPromptShown=false, userSeekedToIntro=false
05-31 12:21:15.132 17044 17044 I SkipInfo: [SKIP_DEBUG] segment[0]: type=片头, start=0ms (0s), end=175000ms (175s), source=pgc_clip
05-31 12:21:15.132 17044 17044 I SkipInfo: [SKIP_DEBUG] INTRO not triggered: introSkipped=true, userSeekedToIntro=false, tInRange=false
05-31 12:21:15.132 17044 17044 I SkipInfo: [SKIP_DEBUG] segment[1]: type=片尾, start=2527000ms (2527s), end=2706000ms (2706s), source=pgc_clip
05-31 12:21:15.132 17044 17044 I SkipInfo: [SKIP_DEBUG] OUTRO check: t=175168ms >= start=2527000ms ? false, t < end=2706000ms ? true, outroPromptShown=false
05-31 12:21:15.132 17044 17044 I SkipInfo: [SKIP_DEBUG] checkSkip END, no action taken
05-31 12:21:15.156 17044 17044 I SkipInfo: [SKIP_DEBUG] ========== checkSkip START ==========
05-31 12:21:15.156 17044 17044 I SkipInfo: [SKIP_DEBUG] current position t=175183ms (175s)
05-31 12:21:15.156 17044 17044 I SkipInfo: [SKIP_DEBUG] skips count=2
05-31 12:21:15.156 17044 17044 I SkipInfo: [SKIP_DEBUG] introSkipped=true, outroPromptShown=false, userSeekedToIntro=false
05-31 12:21:15.156 17044 17044 I SkipInfo: [SKIP_DEBUG] segment[0]: type=片头, start=0ms (0s), end=175000ms (175s), source=pgc_clip
05-31 12:21:15.157 17044 17044 I SkipInfo: [SKIP_DEBUG] INTRO not triggered: introSkipped=true, userSeekedToIntro=false, tInRange=false
05-31 12:21:15.157 17044 17044 I SkipInfo: [SKIP_DEBUG] segment[1]: type=片尾, start=2527000ms (2527s), end=2706000ms (2706s), source=pgc_clip
05-31 12:21:15.157 17044 17044 I SkipInfo: [SKIP_DEBUG] OUTRO check: t=175183ms >= start=2527000ms ? false, t < end=2706000ms ? true, outroPromptShown=false
05-31 12:21:15.157 17044 17044 I SkipInfo: [SKIP_DEBUG] checkSkip END, no action taken
05-31 12:21:15.165 17044 17044 I SkipInfo: [SKIP_DEBUG] ========== checkSkip START ==========
05-31 12:21:15.165 17044 17044 I SkipInfo: [SKIP_DEBUG] current position t=175191ms (175s)
05-31 12:21:15.165 17044 17044 I SkipInfo: [SKIP_DEBUG] skips count=2
05-31 12:21:15.165 17044 17044 I SkipInfo: [SKIP_DEBUG] introSkipped=true, outroPromptShown=false, userSeekedToIntro=false
05-31 12:21:15.165 17044 17044 I SkipInfo: [SKIP_DEBUG] segment[0]: type=片头, start=0ms (0s), end=175000ms (175s), source=pgc_clip
05-31 12:21:15.165 17044 17044 I SkipInfo: [SKIP_DEBUG] INTRO not triggered: introSkipped=true, userSeekedToIntro=false, tInRange=false
05-31 12:21:15.166 17044 17044 I SkipInfo: [SKIP_DEBUG] segment[1]: type=片尾, start=2527000ms (2527s), end=2706000ms (2706s), source=pgc_clip
05-31 12:21:15.166 17044 17044 I SkipInfo: [SKIP_DEBUG] OUTRO check: t=175191ms >= start=2527000ms ? false, t < end=2706000ms ? true, outroPromptShown=false
05-31 12:21:15.166 17044 17044 I SkipInfo: [SKIP_DEBUG] checkSkip END, no action taken
05-31 12:21:15.182 17044 17044 I SkipInfo: [SKIP_DEBUG] ========== checkSkip START ==========
05-31 12:21:15.182 17044 17044 I SkipInfo: [SKIP_DEBUG] current position t=175215ms (175s)
05-31 12:21:15.182 17044 17044 I SkipInfo: [SKIP_DEBUG] skips count=2
05-31 12:21:15.182 17044 17044 I SkipInfo: [SKIP_DEBUG] introSkipped=true, outroPromptShown=false, userSeekedToIntro=false
05-31 12:21:15.182 17044 17044 I SkipInfo: [SKIP_DEBUG] segment[0]: type=片头, start=0ms (0s), end=175000ms (175s), source=pgc_clip
05-31 12:21:15.182 17044 17044 I SkipInfo: [SKIP_DEBUG] INTRO not triggered: introSkipped=true, userSeekedToIntro=false, tInRange=false
05-31 12:21:15.182 17044 17044 I SkipInfo: [SKIP_DEBUG] segment[1]: type=片尾, start=2527000ms (2527s), end=2706000ms (2706s), source=pgc_clip
05-31 12:21:15.182 17044 17044 I SkipInfo: [SKIP_DEBUG] OUTRO check: t=175215ms >= start=2527000ms ? false, t < end=2706000ms ? true, outroPromptShown=false
05-31 12:21:15.183 17044 17044 I SkipInfo: [SKIP_DEBUG] checkSkip END, no action taken
05-31 12:21:15.199 17044 17044 I SkipInfo: [SKIP_DEBUG] ========== checkSkip START ==========
05-31 12:21:15.199 17044 17044 I SkipInfo: [SKIP_DEBUG] current position t=175229ms (175s)
05-31 12:21:15.199 17044 17044 I SkipInfo: [SKIP_DEBUG] skips count=2
05-31 12:21:15.199 17044 17044 I SkipInfo: [SKIP_DEBUG] introSkipped=true, outroPromptShown=false, userSeekedToIntro=false
05-31 12:21:15.199 17044 17044 I SkipInfo: [SKIP_DEBUG] segment[0]: type=片头, start=0ms (0s), end=175000ms (175s), source=pgc_clip
05-31 12:21:15.199 17044 17044 I SkipInfo: [SKIP_DEBUG] INTRO not triggered: introSkipped=true, userSeekedToIntro=false, tInRange=false
05-31 12:21:15.199 17044 17044 I SkipInfo: [SKIP_DEBUG] segment[1]: type=片尾, start=2527000ms (2527s), end=2706000ms (2706s), source=pgc_clip
05-31 12:21:15.199 17044 17044 I SkipInfo: [SKIP_DEBUG] OUTRO check: t=175229ms >= start=2527000ms ? false, t < end=2706000ms ? true, outroPromptShown=false
05-31 12:21:15.199 17044 17044 I SkipInfo: [SKIP_DEBUG] checkSkip END, no action taken
05-31 12:21:15.215 17044 17044 I SkipInfo: [SKIP_DEBUG] ========== checkSkip START ==========
05-31 12:21:15.215 17044 17044 I SkipInfo: [SKIP_DEBUG] current position t=175246ms (175s)
05-31 12:21:15.215 17044 17044 I SkipInfo: [SKIP_DEBUG] skips count=2
05-31 12:21:15.215 17044 17044 I SkipInfo: [SKIP_DEBUG] introSkipped=true, outroPromptShown=false, userSeekedToIntro=false
05-31 12:21:15.215 17044 17044 I SkipInfo: [SKIP_DEBUG] segment[0]: type=片头, start=0ms (0s), end=175000ms (175s), source=pgc_clip
05-31 12:21:15.215 17044 17044 I SkipInfo: [SKIP_DEBUG] INTRO not triggered: introSkipped=true, userSeekedToIntro=false, tInRange=false
05-31 12:21:15.215 17044 17044 I SkipInfo: [SKIP_DEBUG] segment[1]: type=片尾, start=2527000ms (2527s), end=2706000ms (2706s), source=pgc_clip
05-31 12:21:15.215 17044 17044 I SkipInfo: [SKIP_DEBUG] OUTRO check: t=175246ms >= start=2527000ms ? false, t < end=2706000ms ? true, outroPromptShown=false
05-31 12:21:15.215 17044 17044 I SkipInfo: [SKIP_DEBUG] checkSkip END, no action taken
05-31 12:21:15.232 17044 17044 I SkipInfo: [SKIP_DEBUG] ========== checkSkip START ==========
05-31 12:21:15.232 17044 17044 I SkipInfo: [SKIP_DEBUG] current position t=175262ms (175s)
05-31 12:21:15.232 17044 17044 I SkipInfo: [SKIP_DEBUG] skips count=2
05-31 12:21:15.232 17044 17044 I SkipInfo: [SKIP_DEBUG] introSkipped=true, outroPromptShown=false, userSeekedToIntro=false
05-31 12:21:15.232 17044 17044 I SkipInfo: [SKIP_DEBUG] segment[0]: type=片头, start=0ms (0s), end=175000ms (175s), source=pgc_clip
05-31 12:21:15.232 17044 17044 I SkipInfo: [SKIP_DEBUG] INTRO not triggered: introSkipped=true, userSeekedToIntro=false, tInRange=false
05-31 12:21:15.232 17044 17044 I SkipInfo: [SKIP_DEBUG] segment[1]: type=片尾, start=2527000ms (2527s), end=2706000ms (2706s), source=pgc_clip
05-31 12:21:15.232 17044 17044 I SkipInfo: [SKIP_DEBUG] OUTRO check: t=175262ms >= start=2527000ms ? false, t < end=2706000ms ? true, outroPromptShown=false
05-31 12:21:15.232 17044 17044 I SkipInfo: [SKIP_DEBUG] checkSkip END, no action taken
05-31 12:21:15.248 17044 17044 I SkipInfo: [SKIP_DEBUG] ========== checkSkip START ==========
05-31 12:21:15.248 17044 17044 I SkipInfo: [SKIP_DEBUG] current position t=175277ms (175s)
05-31 12:21:15.248 17044 17044 I SkipInfo: [SKIP_DEBUG] skips count=2
05-31 12:21:15.248 17044 17044 I SkipInfo: [SKIP_DEBUG] introSkipped=true, outroPromptShown=false, userSeekedToIntro=false
05-31 12:21:15.248 17044 17044 I SkipInfo: [SKIP_DEBUG] segment[0]: type=片头, start=0ms (0s), end=175000ms (175s), source=pgc_clip
05-31 12:21:15.249 17044 17044 I SkipInfo: [SKIP_DEBUG] INTRO not triggered: introSkipped=true, userSeekedToIntro=false, tInRange=false
05-31 12:21:15.249 17044 17044 I SkipInfo: [SKIP_DEBUG] segment[1]: type=片尾, start=2527000ms (2527s), end=2706000ms (2706s), source=pgc_clip
05-31 12:21:15.249 17044 17044 I SkipInfo: [SKIP_DEBUG] OUTRO check: t=175277ms >= start=2527000ms ? false, t < end=2706000ms ? true, outroPromptShown=false
05-31 12:21:15.249 17044 17044 I SkipInfo: [SKIP_DEBUG] checkSkip END, no action taken
05-31 12:21:15.265 17044 17044 I SkipInfo: [SKIP_DEBUG] ========== checkSkip START ==========
05-31 12:21:15.265 17044 17044 I SkipInfo: [SKIP_DEBUG] current position t=175292ms (175s)
05-31 12:21:15.265 17044 17044 I SkipInfo: [SKIP_DEBUG] skips count=2
05-31 12:21:15.265 17044 17044 I SkipInfo: [SKIP_DEBUG] introSkipped=true, outroPromptShown=false, userSeekedToIntro=false
05-31 12:21:15.265 17044 17044 I SkipInfo: [SKIP_DEBUG] segment[0]: type=片头, start=0ms (0s), end=175000ms (175s), source=pgc_clip
05-31 12:21:15.265 17044 17044 I SkipInfo: [SKIP_DEBUG] INTRO not triggered: introSkipped=true, userSeekedToIntro=false, tInRange=false
05-31 12:21:15.265 17044 17044 I SkipInfo: [SKIP_DEBUG] segment[1]: type=片尾, start=2527000ms (2527s), end=2706000ms (2706s), source=pgc_clip
05-31 12:21:15.265 17044 17044 I SkipInfo: [SKIP_DEBUG] OUTRO check: t=175292ms >= start=2527000ms ? false, t < end=2706000ms ? true, outroPromptShown=false
05-31 12:21:15.265 17044 17044 I SkipInfo: [SKIP_DEBUG] checkSkip END, no action taken
05-31 12:21:15.276 17044 17044 W uii.ang.bilitv: type=1400 audit(0.0:258299): avc: denied { search } for name="/" dev="mmcblk0p34" ino=2 scontext=u:r:untrusted_app_27:s0:c512,c768 tcontext=u:object_r:userdata_file:s0 tclass=dir permissive=0 app=uii.ang.bilitv
05-31 12:21:15.280 17044 17044 W uii.ang.bilitv: type=1400 audit(0.0:258300): avc: denied { search } for comm=44464D2048616E646C657220546872 name="/" dev="mmcblk0p34" ino=2 scontext=u:r:untrusted_app_27:s0:c512,c768 tcontext=u:object_r:userdata_file:s0 tclass=dir permissive=0 app=uii.ang.bilitv
05-31 12:21:15.280 17044 17044 W RenderThread: type=1400 audit(0.0:258301): avc: denied { search } for name="/" dev="mmcblk0p34" ino=2 scontext=u:r:untrusted_app_27:s0:c512,c768 tcontext=u:object_r:userdata_file:s0 tclass=dir permissive=0 app=uii.ang.bilitv
05-31 12:21:15.282 17044 17044 I SkipInfo: [SKIP_DEBUG] ========== checkSkip START ==========
05-31 12:21:15.282 17044 17044 I SkipInfo: [SKIP_DEBUG] current position t=175308ms (175s)
05-31 12:21:15.282 17044 17044 I SkipInfo: [SKIP_DEBUG] skips count=2
05-31 12:21:15.282 17044 17044 I SkipInfo: [SKIP_DEBUG] introSkipped=true, outroPromptShown=false, userSeekedToIntro=false
05-31 12:21:15.282 17044 17044 I SkipInfo: [SKIP_DEBUG] segment[0]: type=片头, start=0ms (0s), end=175000ms (175s), source=pgc_clip
05-31 12:21:15.282 17044 17044 I SkipInfo: [SKIP_DEBUG] INTRO not triggered: introSkipped=true, userSeekedToIntro=false, tInRange=false
05-31 12:21:15.282 17044 17044 I SkipInfo: [SKIP_DEBUG] segment[1]: type=片尾, start=2527000ms (2527s), end=2706000ms (2706s), source=pgc_clip
05-31 12:21:15.282 17044 17044 I SkipInfo: [SKIP_DEBUG] OUTRO check: t=175308ms >= start=2527000ms ? false, t < end=2706000ms ? true, outroPromptShown=false
05-31 12:21:15.282 17044 17044 I SkipInfo: [SKIP_DEBUG] checkSkip END, no action taken
05-31 12:21:15.284 17044 17044 W RenderThread: type=1400 audit(0.0:258302): avc: denied { search } for name="/" dev="mmcblk0p34" ino=2 scontext=u:r:untrusted_app_27:s0:c512,c768 tcontext=u:object_r:userdata_file:s0 tclass=dir permissive=0 app=uii.ang.bilitv
05-31 12:21:15.292 17044 17044 W uii.ang.bilitv: type=1400 audit(0.0:258303): avc: denied { search } for name="/" dev="mmcblk0p34" ino=2 scontext=u:r:untrusted_app_27:s0:c512,c768 tcontext=u:object_r:userdata_file:s0 tclass=dir permissive=0 app=uii.ang.bilitv
05-31 12:21:15.298 17044 17044 I SkipInfo: [SKIP_DEBUG] ========== checkSkip START ==========
05-31 12:21:15.298 17044 17044 I SkipInfo: [SKIP_DEBUG] current position t=175322ms (175s)
05-31 12:21:15.298 17044 17044 I SkipInfo: [SKIP_DEBUG] skips count=2
05-31 12:21:15.299 17044 17044 I SkipInfo: [SKIP_DEBUG] introSkipped=true, outroPromptShown=false, userSeekedToIntro=false
05-31 12:21:15.299 17044 17044 I SkipInfo: [SKIP_DEBUG] segment[0]: type=片头, start=0ms (0s), end=175000ms (175s), source=pgc_clip
05-31 12:21:15.299 17044 17044 I SkipInfo: [SKIP_DEBUG] INTRO not triggered: introSkipped=true, userSeekedToIntro=false, tInRange=false
05-31 12:21:15.299 17044 17044 I SkipInfo: [SKIP_DEBUG] segment[1]: type=片尾, start=2527000ms (2527s), end=2706000ms (2706s), source=pgc_clip
05-31 12:21:15.299 17044 17044 I SkipInfo: [SKIP_DEBUG] OUTRO check: t=175322ms >= start=2527000ms ? false, t < end=2706000ms ? true, outroPromptShown=false
05-31 12:21:15.299 17044 17044 I SkipInfo: [SKIP_DEBUG] checkSkip END, no action taken
05-31 12:21:15.315 17044 17044 I SkipInfo: [SKIP_DEBUG] ========== checkSkip START ==========
05-31 12:21:15.315 17044 17044 I SkipInfo: [SKIP_DEBUG] current position t=175338ms (175s)
05-31 12:21:15.315 17044 17044 I SkipInfo: [SKIP_DEBUG] skips count=2
05-31 12:21:15.316 17044 17044 I SkipInfo: [SKIP_DEBUG] introSkipped=true, outroPromptShown=false, userSeekedToIntro=false
05-31 12:21:15.316 17044 17044 I SkipInfo: [SKIP_DEBUG] segment[0]: type=片头, start=0ms (0s), end=175000ms (175s), source=pgc_clip
05-31 12:21:15.316 17044 17044 I SkipInfo: [SKIP_DEBUG] INTRO not triggered: introSkipped=true, userSeekedToIntro=false, tInRange=false
05-31 12:21:15.316 17044 17044 I SkipInfo: [SKIP_DEBUG] segment[1]: type=片尾, start=2527000ms (2527s), end=2706000ms (2706s), source=pgc_clip
05-31 12:21:15.316 17044 17044 I SkipInfo: [SKIP_DEBUG] OUTRO check: t=175338ms >= start=2527000ms ? false, t < end=2706000ms ? true, outroPromptShown=false
05-31 12:21:15.316 17044 17044 I SkipInfo: [SKIP_DEBUG] checkSkip END, no action taken
05-31 12:21:15.324 17044 18292 I MediaCodec: Q in first video ,PTS = 1000175000000, size = 8455
05-31 12:21:15.332 17044 17044 I SkipInfo: [SKIP_DEBUG] ========== checkSkip START ==========
05-31 12:21:15.332 17044 17044 I SkipInfo: [SKIP_DEBUG] current position t=175353ms (175s)
05-31 12:21:15.332 17044 17044 I SkipInfo: [SKIP_DEBUG] skips count=2
05-31 12:21:15.332 17044 17044 I SkipInfo: [SKIP_DEBUG] introSkipped=true, outroPromptShown=false, userSeekedToIntro=false
05-31 12:21:15.332 17044 17044 I SkipInfo: [SKIP_DEBUG] segment[0]: type=片头, start=0ms (0s), end=175000ms (175s), source=pgc_clip
05-31 12:21:15.332 17044 17044 I SkipInfo: [SKIP_DEBUG] INTRO not triggered: introSkipped=true, userSeekedToIntro=false, tInRange=false
05-31 12:21:15.332 17044 17044 I SkipInfo: [SKIP_DEBUG] segment[1]: type=片尾, start=2527000ms (2527s), end=2706000ms (2706s), source=pgc_clip
05-31 12:21:15.332 17044 17044 I SkipInfo: [SKIP_DEBUG] OUTRO check: t=175353ms >= start=2527000ms ? false, t < end=2706000ms ? true, outroPromptShown=false
05-31 12:21:15.332 17044 17044 I SkipInfo: [SKIP_DEBUG] checkSkip END, no action taken
05-31 12:21:15.349 17044 17044 I SkipInfo: [SKIP_DEBUG] ========== checkSkip START ==========
05-31 12:21:15.349 17044 17044 I SkipInfo: [SKIP_DEBUG] current position t=175368ms (175s)
05-31 12:21:15.349 17044 17044 I SkipInfo: [SKIP_DEBUG] skips count=2
05-31 12:21:15.349 17044 17044 I SkipInfo: [SKIP_DEBUG] introSkipped=true, outroPromptShown=false, userSeekedToIntro=false
05-31 12:21:15.349 17044 17044 I SkipInfo: [SKIP_DEBUG] segment[0]: type=片头, start=0ms (0s), end=175000ms (175s), source=pgc_clip
05-31 12:21:15.349 17044 17044 I SkipInfo: [SKIP_DEBUG] INTRO not triggered: introSkipped=true, userSeekedToIntro=false, tInRange=false
05-31 12:21:15.350 17044 17044 I SkipInfo: [SKIP_DEBUG] segment[1]: type=片尾, start=2527000ms (2527s), end=2706000ms (2706s), source=pgc_clip
05-31 12:21:15.350 17044 17044 I SkipInfo: [SKIP_DEBUG] OUTRO check: t=175368ms >= start=2527000ms ? false, t < end=2706000ms ? true, outroPromptShown=false
05-31 12:21:15.350 17044 17044 I SkipInfo: [SKIP_DEBUG] checkSkip END, no action taken
05-31 12:21:15.355 17044 18292 I MediaCodec: [0xb402a200] Smooth_Play first render after flush 0 timestampNs = 9011216339765
05-31 12:21:15.355 17044 18297 I MediaCodec: RO first video ,PTS = 1000175000000
05-31 12:21:15.365 17044 17044 I SkipInfo: [SKIP_DEBUG] ========== checkSkip START ==========
05-31 12:21:15.365 17044 17044 I SkipInfo: [SKIP_DEBUG] current position t=175376ms (175s)
05-31 12:21:15.365 17044 17044 I SkipInfo: [SKIP_DEBUG] skips count=2
05-31 12:21:15.365 17044 17044 I SkipInfo: [SKIP_DEBUG] introSkipped=true, outroPromptShown=false, userSeekedToIntro=false
05-31 12:21:15.366 17044 17044 I SkipInfo: [SKIP_DEBUG] segment[0]: type=片头, start=0ms (0s), end=175000ms (175s), source=pgc_clip
05-31 12:21:15.366 17044 17044 I SkipInfo: [SKIP_DEBUG] INTRO not triggered: introSkipped=true, userSeekedToIntro=false, tInRange=false
05-31 12:21:15.366 17044 17044 I SkipInfo: [SKIP_DEBUG] segment[1]: type=片尾, start=2527000ms (2527s), end=2706000ms (2706s), source=pgc_clip
05-31 12:21:15.366 17044 17044 I SkipInfo: [SKIP_DEBUG] OUTRO check: t=175376ms >= start=2527000ms ? false, t < end=2706000ms ? true, outroPromptShown=false
05-31 12:21:15.366 17044 17044 I SkipInfo: [SKIP_DEBUG] checkSkip END, no action taken
05-31 12:21:15.380 17044 18292 I MediaCodec: Q in first audio ,PTS = 1000175018166, size = 853
05-31 12:21:15.382 17044 17044 I SkipInfo: [SKIP_DEBUG] ========== checkSkip START ==========
05-31 12:21:15.382 17044 17044 I SkipInfo: [SKIP_DEBUG] current position t=175399ms (175s)
05-31 12:21:15.382 17044 17044 I SkipInfo: [SKIP_DEBUG] skips count=2
05-31 12:21:15.382 17044 17044 I SkipInfo: [SKIP_DEBUG] introSkipped=true, outroPromptShown=false, userSeekedToIntro=false
05-31 12:21:15.382 17044 17044 I SkipInfo: [SKIP_DEBUG] segment[0]: type=片头, start=0ms (0s), end=175000ms (175s), source=pgc_clip
05-31 12:21:15.382 17044 17044 I SkipInfo: [SKIP_DEBUG] INTRO not triggered: introSkipped=true, userSeekedToIntro=false, tInRange=false
05-31 12:21:15.382 17044 17044 I SkipInfo: [SKIP_DEBUG] segment[1]: type=片尾, start=2527000ms (2527s), end=2706000ms (2706s), source=pgc_clip
05-31 12:21:15.382 17044 17044 I SkipInfo: [SKIP_DEBUG] OUTRO check: t=175399ms >= start=2527000ms ? false, t < end=2706000ms ? true, outroPromptShown=false
05-31 12:21:15.382 17044 17044 I SkipInfo: [SKIP_DEBUG] checkSkip END, no action taken
05-31 12:21:15.390 17044 17044 I ExoPlayerImpl: [PLAYER_STATE] playWhenReady=true, state=READY
05-31 12:21:15.390 17044 17044 I ExoPlayerImpl: [STATE] Transition from BUFFERING to READY, sending BUFFERING_END
05-31 12:21:15.390 17044 17044 I xj      : [BUFFERING_END] first play detected, start history report timer (30s)
05-31 12:21:15.390 17044 17044 I yb      : [BUFFERING_END] first play detected, trigger delayed report
05-31 12:21:15.391 17044 17044 I BLOG-EVENT: on play av=328492664 cid=197718674 via network 1
05-31 12:21:15.395 17044 17044 I BufferingOverlayCtrl: [BUFFERING_END] Buffering ended
05-31 12:21:15.395 17044 17044 I BufferingOverlayCtrl: [RESET] Resetting buffering overlay state
05-31 12:21:15.399 17044 17044 I SkipInfo: [SKIP_DEBUG] ========== checkSkip START ==========
05-31 12:21:15.399 17044 17044 I SkipInfo: [SKIP_DEBUG] current position t=175414ms (175s)
05-31 12:21:15.399 17044 17044 I SkipInfo: [SKIP_DEBUG] skips count=2
05-31 12:21:15.399 17044 17044 I SkipInfo: [SKIP_DEBUG] introSkipped=true, outroPromptShown=false, userSeekedToIntro=false
05-31 12:21:15.399 17044 17044 I SkipInfo: [SKIP_DEBUG] segment[0]: type=片头, start=0ms (0s), end=175000ms (175s), source=pgc_clip
05-31 12:21:15.399 17044 17044 I SkipInfo: [SKIP_DEBUG] INTRO not triggered: introSkipped=true, userSeekedToIntro=false, tInRange=false
05-31 12:21:15.399 17044 17044 I SkipInfo: [SKIP_DEBUG] segment[1]: type=片尾, start=2527000ms (2527s), end=2706000ms (2706s), source=pgc_clip
05-31 12:21:15.399 17044 17044 I SkipInfo: [SKIP_DEBUG] OUTRO check: t=175414ms >= start=2527000ms ? false, t < end=2706000ms ? true, outroPromptShown=false
05-31 12:21:15.399 17044 17044 I SkipInfo: [SKIP_DEBUG] checkSkip END, no action taken
05-31 12:21:15.415 17044 17044 I SkipInfo: [SKIP_DEBUG] ========== checkSkip START ==========
05-31 12:21:15.415 17044 17044 I SkipInfo: [SKIP_DEBUG] current position t=175430ms (175s)
05-31 12:21:15.415 17044 17044 I SkipInfo: [SKIP_DEBUG] skips count=2
05-31 12:21:15.415 17044 17044 I SkipInfo: [SKIP_DEBUG] introSkipped=true, outroPromptShown=false, userSeekedToIntro=false
05-31 12:21:15.415 17044 17044 I SkipInfo: [SKIP_DEBUG] segment[0]: type=片头, start=0ms (0s), end=175000ms (175s), source=pgc_clip
05-31 12:21:15.415 17044 17044 I SkipInfo: [SKIP_DEBUG] INTRO not triggered: introSkipped=true, userSeekedToIntro=false, tInRange=false
05-31 12:21:15.415 17044 17044 I SkipInfo: [SKIP_DEBUG] segment[1]: type=片尾, start=2527000ms (2527s), end=2706000ms (2706s), source=pgc_clip
05-31 12:21:15.415 17044 17044 I SkipInfo: [SKIP_DEBUG] OUTRO check: t=175430ms >= start=2527000ms ? false, t < end=2706000ms ? true, outroPromptShown=false
05-31 12:21:15.415 17044 17044 I SkipInfo: [SKIP_DEBUG] checkSkip END, no action taken
05-31 12:21:15.432 17044 17044 I SkipInfo: [SKIP_DEBUG] ========== checkSkip START ==========
05-31 12:21:15.432 17044 17044 I SkipInfo: [SKIP_DEBUG] current position t=175444ms (175s)
05-31 12:21:15.432 17044 17044 I SkipInfo: [SKIP_DEBUG] skips count=2
05-31 12:21:15.432 17044 17044 I SkipInfo: [SKIP_DEBUG] introSkipped=true, outroPromptShown=false, userSeekedToIntro=false
05-31 12:21:15.432 17044 17044 I SkipInfo: [SKIP_DEBUG] segment[0]: type=片头, start=0ms (0s), end=175000ms (175s), source=pgc_clip
05-31 12:21:15.432 17044 17044 I SkipInfo: [SKIP_DEBUG] INTRO not triggered: introSkipped=true, userSeekedToIntro=false, tInRange=false
05-31 12:21:15.432 17044 17044 I SkipInfo: [SKIP_DEBUG] segment[1]: type=片尾, start=2527000ms (2527s), end=2706000ms (2706s), source=pgc_clip
05-31 12:21:15.432 17044 17044 I SkipInfo: [SKIP_DEBUG] OUTRO check: t=175444ms >= start=2527000ms ? false, t < end=2706000ms ? true, outroPromptShown=false
05-31 12:21:15.432 17044 17044 I SkipInfo: [SKIP_DEBUG] checkSkip END, no action taken
05-31 12:21:15.449 17044 17044 I SkipInfo: [SKIP_DEBUG] ========== checkSkip START ==========
05-31 12:21:15.449 17044 17044 I SkipInfo: [SKIP_DEBUG] current position t=175460ms (175s)
05-31 12:21:15.449 17044 17044 I SkipInfo: [SKIP_DEBUG] skips count=2
05-31 12:21:15.449 17044 17044 I SkipInfo: [SKIP_DEBUG] introSkipped=true, outroPromptShown=false, userSeekedToIntro=false
05-31 12:21:15.449 17044 17044 I SkipInfo: [SKIP_DEBUG] segment[0]: type=片头, start=0ms (0s), end=175000ms (175s), source=pgc_clip
05-31 12:21:15.449 17044 17044 I SkipInfo: [SKIP_DEBUG] INTRO not triggered: introSkipped=true, userSeekedToIntro=false, tInRange=false
05-31 12:21:15.449 17044 17044 I SkipInfo: [SKIP_DEBUG] segment[1]: type=片尾, start=2527000ms (2527s), end=2706000ms (2706s), source=pgc_clip
05-31 12:21:15.449 17044 17044 I SkipInfo: [SKIP_DEBUG] OUTRO check: t=175460ms >= start=2527000ms ? false, t < end=2706000ms ? true, outroPromptShown=false
05-31 12:21:15.449 17044 17044 I SkipInfo: [SKIP_DEBUG] checkSkip END, no action taken
05-31 12:21:15.465 17044 17044 I SkipInfo: [SKIP_DEBUG] ========== checkSkip START ==========
05-31 12:21:15.465 17044 17044 I SkipInfo: [SKIP_DEBUG] current position t=175475ms (175s)
05-31 12:21:15.465 17044 17044 I SkipInfo: [SKIP_DEBUG] skips count=2
05-31 12:21:15.465 17044 17044 I SkipInfo: [SKIP_DEBUG] introSkipped=true, outroPromptShown=false, userSeekedToIntro=false
05-31 12:21:15.466 17044 17044 I SkipInfo: [SKIP_DEBUG] segment[0]: type=片头, start=0ms (0s), end=175000ms (175s), source=pgc_clip
05-31 12:21:15.466 17044 17044 I SkipInfo: [SKIP_DEBUG] INTRO not triggered: introSkipped=true, userSeekedToIntro=false, tInRange=false
05-31 12:21:15.466 17044 17044 I SkipInfo: [SKIP_DEBUG] segment[1]: type=片尾, start=2527000ms (2527s), end=2706000ms (2706s), source=pgc_clip
05-31 12:21:15.466 17044 17044 I SkipInfo: [SKIP_DEBUG] OUTRO check: t=175475ms >= start=2527000ms ? false, t < end=2706000ms ? true, outroPromptShown=false
05-31 12:21:15.466 17044 17044 I SkipInfo: [SKIP_DEBUG] checkSkip END, no action taken
05-31 12:21:15.476 17044 18297 I MediaCodec: [0xb402a200][ROB]V, ROB:12/s, ROB num:8586
05-31 12:21:15.482 17044 17044 I SkipInfo: [SKIP_DEBUG] ========== checkSkip START ==========
05-31 12:21:15.482 17044 17044 I SkipInfo: [SKIP_DEBUG] current position t=175491ms (175s)
05-31 12:21:15.482 17044 17044 I SkipInfo: [SKIP_DEBUG] skips count=2
05-31 12:21:15.482 17044 17044 I SkipInfo: [SKIP_DEBUG] introSkipped=true, outroPromptShown=false, userSeekedToIntro=false
05-31 12:21:15.482 17044 17044 I SkipInfo: [SKIP_DEBUG] segment[0]: type=片头, start=0ms (0s), end=175000ms (175s), source=pgc_clip
05-31 12:21:15.482 17044 17044 I SkipInfo: [SKIP_DEBUG] INTRO not triggered: introSkipped=true, userSeekedToIntro=false, tInRange=false
05-31 12:21:15.482 17044 17044 I SkipInfo: [SKIP_DEBUG] segment[1]: type=片尾, start=2527000ms (2527s), end=2706000ms (2706s), source=pgc_clip
05-31 12:21:15.482 17044 17044 I SkipInfo: [SKIP_DEBUG] OUTRO check: t=175491ms >= start=2527000ms ? false, t < end=2706000ms ? true, outroPromptShown=false
05-31 12:21:15.482 17044 17044 I SkipInfo: [SKIP_DEBUG] checkSkip END, no action taken
05-31 12:21:15.499 17044 17044 I SkipInfo: [SKIP_DEBUG] ========== checkSkip START ==========
05-31 12:21:15.499 17044 17044 I SkipInfo: [SKIP_DEBUG] current position t=175507ms (175s)
05-31 12:21:15.499 17044 17044 I SkipInfo: [SKIP_DEBUG] skips count=2
05-31 12:21:15.499 17044 17044 I SkipInfo: [SKIP_DEBUG] introSkipped=true, outroPromptShown=false, userSeekedToIntro=false
05-31 12:21:15.499 17044 17044 I SkipInfo: [SKIP_DEBUG] segment[0]: type=片头, start=0ms (0s), end=175000ms (175s), source=pgc_clip
05-31 12:21:15.499 17044 17044 I SkipInfo: [SKIP_DEBUG] INTRO not triggered: introSkipped=true, userSeekedToIntro=false, tInRange=false
05-31 12:21:15.499 17044 17044 I SkipInfo: [SKIP_DEBUG] segment[1]: type=片尾, start=2527000ms (2527s), end=2706000ms (2706s), source=pgc_clip
05-31 12:21:15.499 17044 17044 I SkipInfo: [SKIP_DEBUG] OUTRO check: t=175507ms >= start=2527000ms ? false, t < end=2706000ms ? true, outroPromptShown=false
05-31 12:21:15.499 17044 17044 I SkipInfo: [SKIP_DEBUG] checkSkip END, no action taken
05-31 12:21:15.510 17044 17044 I SkipInfo: [SKIP_DEBUG] ========== checkSkip START ==========
05-31 12:21:15.511 17044 17044 I SkipInfo: [SKIP_DEBUG] current position t=175521ms (175s)
05-31 12:21:15.511 17044 17044 I SkipInfo: [SKIP_DEBUG] skips count=2
05-31 12:21:15.511 17044 17044 I SkipInfo: [SKIP_DEBUG] introSkipped=true, outroPromptShown=false, userSeekedToIntro=false
05-31 12:21:15.511 17044 17044 I SkipInfo: [SKIP_DEBUG] segment[0]: type=片头, start=0ms (0s), end=175000ms (175s), source=pgc_clip
05-31 12:21:15.511 17044 17044 I SkipInfo: [SKIP_DEBUG] INTRO not triggered: introSkipped=true, userSeekedToIntro=false, tInRange=false
05-31 12:21:15.511 17044 17044 I SkipInfo: [SKIP_DEBUG] segment[1]: type=片尾, start=2527000ms (2527s), end=2706000ms (2706s), source=pgc_clip
05-31 12:21:15.511 17044 17044 I SkipInfo: [SKIP_DEBUG] OUTRO check: t=175521ms >= start=2527000ms ? false, t < end=2706000ms ? true, outroPromptShown=false
05-31 12:21:15.511 17044 17044 I SkipInfo: [SKIP_DEBUG] checkSkip END, no action taken
05-31 12:21:15.527 17044 17044 I SkipInfo: [SKIP_DEBUG] ========== checkSkip START ==========
05-31 12:21:15.528 17044 17044 I SkipInfo: [SKIP_DEBUG] current position t=175541ms (175s)
05-31 12:21:15.528 17044 17044 I SkipInfo: [SKIP_DEBUG] skips count=2
05-31 12:21:15.528 17044 17044 I SkipInfo: [SKIP_DEBUG] introSkipped=true, outroPromptShown=false, userSeekedToIntro=false
05-31 12:21:15.528 17044 17044 I SkipInfo: [SKIP_DEBUG] segment[0]: type=片头, start=0ms (0s), end=175000ms (175s), source=pgc_clip
05-31 12:21:15.528 17044 17044 I SkipInfo: [SKIP_DEBUG] INTRO not triggered: introSkipped=true, userSeekedToIntro=false, tInRange=false
05-31 12:21:15.528 17044 17044 I SkipInfo: [SKIP_DEBUG] segment[1]: type=片尾, start=2527000ms (2527s), end=2706000ms (2706s), source=pgc_clip
05-31 12:21:15.528 17044 17044 I SkipInfo: [SKIP_DEBUG] OUTRO check: t=175541ms >= start=2527000ms ? false, t < end=2706000ms ? true, outroPromptShown=false
05-31 12:21:15.528 17044 17044 I SkipInfo: [SKIP_DEBUG] checkSkip END, no action taken
05-31 12:21:15.532 17044 17044 I SkipInfo: [SKIP_DEBUG] ========== checkSkip START ==========
05-31 12:21:15.532 17044 17044 I SkipInfo: [SKIP_DEBUG] current position t=175557ms (175s)
05-31 12:21:15.532 17044 17044 I SkipInfo: [SKIP_DEBUG] skips count=2
05-31 12:21:15.532 17044 17044 I SkipInfo: [SKIP_DEBUG] introSkipped=true, outroPromptShown=false, userSeekedToIntro=false
05-31 12:21:15.532 17044 17044 I SkipInfo: [SKIP_DEBUG] segment[0]: type=片头, start=0ms (0s), end=175000ms (175s), source=pgc_clip
05-31 12:21:15.532 17044 17044 I SkipInfo: [SKIP_DEBUG] INTRO not triggered: introSkipped=true, userSeekedToIntro=false, tInRange=false
05-31 12:21:15.532 17044 17044 I SkipInfo: [SKIP_DEBUG] segment[1]: type=片尾, start=2527000ms (2527s), end=2706000ms (2706s), source=pgc_clip
05-31 12:21:15.532 17044 17044 I SkipInfo: [SKIP_DEBUG] OUTRO check: t=175557ms >= start=2527000ms ? false, t < end=2706000ms ? true, outroPromptShown=false
05-31 12:21:15.532 17044 17044 I SkipInfo: [SKIP_DEBUG] checkSkip END, no action taken
05-31 12:21:15.548 17044 17044 I SkipInfo: [SKIP_DEBUG] ========== checkSkip START ==========
05-31 12:21:15.548 17044 17044 I SkipInfo: [SKIP_DEBUG] current position t=175582ms (175s)
05-31 12:21:15.548 17044 17044 I SkipInfo: [SKIP_DEBUG] skips count=2
05-31 12:21:15.548 17044 17044 I SkipInfo: [SKIP_DEBUG] introSkipped=true, outroPromptShown=false, userSeekedToIntro=false
05-31 12:21:15.549 17044 17044 I SkipInfo: [SKIP_DEBUG] segment[0]: type=片头, start=0ms (0s), end=175000ms (175s), source=pgc_clip
05-31 12:21:15.549 17044 17044 I SkipInfo: [SKIP_DEBUG] INTRO not triggered: introSkipped=true, userSeekedToIntro=false, tInRange=false
05-31 12:21:15.549 17044 17044 I SkipInfo: [SKIP_DEBUG] segment[1]: type=片尾, start=2527000ms (2527s), end=2706000ms (2706s), source=pgc_clip
05-31 12:21:15.549 17044 17044 I SkipInfo: [SKIP_DEBUG] OUTRO check: t=175582ms >= start=2527000ms ? false, t < end=2706000ms ? true, outroPromptShown=false
05-31 12:21:15.549 17044 17044 I SkipInfo: [SKIP_DEBUG] checkSkip END, no action taken
05-31 12:21:15.565 17044 17044 I SkipInfo: [SKIP_DEBUG] ========== checkSkip START ==========
05-31 12:21:15.565 17044 17044 I SkipInfo: [SKIP_DEBUG] current position t=175599ms (175s)
05-31 12:21:15.565 17044 17044 I SkipInfo: [SKIP_DEBUG] skips count=2
05-31 12:21:15.566 17044 17044 I SkipInfo: [SKIP_DEBUG] introSkipped=true, outroPromptShown=false, userSeekedToIntro=false
05-31 12:21:15.566 17044 17044 I SkipInfo: [SKIP_DEBUG] segment[0]: type=片头, start=0ms (0s), end=175000ms (175s), source=pgc_clip
05-31 12:21:15.566 17044 17044 I SkipInfo: [SKIP_DEBUG] INTRO not triggered: introSkipped=true, userSeekedToIntro=false, tInRange=false
05-31 12:21:15.566 17044 17044 I SkipInfo: [SKIP_DEBUG] segment[1]: type=片尾, start=2527000ms (2527s), end=2706000ms (2706s), source=pgc_clip
05-31 12:21:15.566 17044 17044 I SkipInfo: [SKIP_DEBUG] OUTRO check: t=175599ms >= start=2527000ms ? false, t < end=2706000ms ? true, outroPromptShown=false
05-31 12:21:15.566 17044 17044 I SkipInfo: [SKIP_DEBUG] checkSkip END, no action taken
05-31 12:21:15.582 17044 17044 I SkipInfo: [SKIP_DEBUG] ========== checkSkip START ==========
05-31 12:21:15.582 17044 17044 I SkipInfo: [SKIP_DEBUG] current position t=175615ms (175s)
05-31 12:21:15.582 17044 17044 I SkipInfo: [SKIP_DEBUG] skips count=2
05-31 12:21:15.582 17044 17044 I SkipInfo: [SKIP_DEBUG] introSkipped=true, outroPromptShown=false, userSeekedToIntro=false
05-31 12:21:15.582 17044 17044 I SkipInfo: [SKIP_DEBUG] segment[0]: type=片头, start=0ms (0s), end=175000ms (175s), source=pgc_clip
05-31 12:21:15.582 17044 17044 I SkipInfo: [SKIP_DEBUG] INTRO not triggered: introSkipped=true, userSeekedToIntro=false, tInRange=false
05-31 12:21:15.582 17044 17044 I SkipInfo: [SKIP_DEBUG] segment[1]: type=片尾, start=2527000ms (2527s), end=2706000ms (2706s), source=pgc_clip
05-31 12:21:15.582 17044 17044 I SkipInfo: [SKIP_DEBUG] OUTRO check: t=175615ms >= start=2527000ms ? false, t < end=2706000ms ? true, outroPromptShown=false
05-31 12:21:15.582 17044 17044 I SkipInfo: [SKIP_DEBUG] checkSkip END, no action taken
05-31 12:21:15.599 17044 17044 I SkipInfo: [SKIP_DEBUG] ========== checkSkip START ==========
05-31 12:21:15.599 17044 17044 I SkipInfo: [SKIP_DEBUG] current position t=175631ms (175s)
05-31 12:21:15.599 17044 17044 I SkipInfo: [SKIP_DEBUG] skips count=2
05-31 12:21:15.599 17044 17044 I SkipInfo: [SKIP_DEBUG] introSkipped=true, outroPromptShown=false, userSeekedToIntro=false
05-31 12:21:15.599 17044 17044 I SkipInfo: [SKIP_DEBUG] segment[0]: type=片头, start=0ms (0s), end=175000ms (175s), source=pgc_clip
05-31 12:21:15.599 17044 17044 I SkipInfo: [SKIP_DEBUG] INTRO not triggered: introSkipped=true, userSeekedToIntro=false, tInRange=false
05-31 12:21:15.599 17044 17044 I SkipInfo: [SKIP_DEBUG] segment[1]: type=片尾, start=2527000ms (2527s), end=2706000ms (2706s), source=pgc_clip
05-31 12:21:15.599 17044 17044 I SkipInfo: [SKIP_DEBUG] OUTRO check: t=175631ms >= start=2527000ms ? false, t < end=2706000ms ? true, outroPromptShown=false
05-31 12:21:15.599 17044 17044 I SkipInfo: [SKIP_DEBUG] checkSkip END, no action taken
05-31 12:21:15.615 17044 17044 I SkipInfo: [SKIP_DEBUG] ========== checkSkip START ==========
05-31 12:21:15.616 17044 17044 I SkipInfo: [SKIP_DEBUG] current position t=175645ms (175s)
05-31 12:21:15.616 17044 17044 I SkipInfo: [SKIP_DEBUG] skips count=2
05-31 12:21:15.616 17044 17044 I SkipInfo: [SKIP_DEBUG] introSkipped=true, outroPromptShown=false, userSeekedToIntro=false
05-31 12:21:15.616 17044 17044 I SkipInfo: [SKIP_DEBUG] segment[0]: type=片头, start=0ms (0s), end=175000ms (175s), source=pgc_clip
05-31 12:21:15.616 17044 17044 I SkipInfo: [SKIP_DEBUG] INTRO not triggered: introSkipped=true, userSeekedToIntro=false, tInRange=false
05-31 12:21:15.616 17044 17044 I SkipInfo: [SKIP_DEBUG] segment[1]: type=片尾, start=2527000ms (2527s), end=2706000ms (2706s), source=pgc_clip
05-31 12:21:15.616 17044 17044 I SkipInfo: [SKIP_DEBUG] OUTRO check: t=175645ms >= start=2527000ms ? false, t < end=2706000ms ? true, outroPromptShown=false
05-31 12:21:15.616 17044 17044 I SkipInfo: [SKIP_DEBUG] checkSkip END, no action taken
05-31 12:21:15.632 17044 17044 I SkipInfo: [SKIP_DEBUG] ========== checkSkip START ==========
05-31 12:21:15.632 17044 17044 I SkipInfo: [SKIP_DEBUG] current position t=175661ms (175s)
05-31 12:21:15.632 17044 17044 I SkipInfo: [SKIP_DEBUG] skips count=2
05-31 12:21:15.632 17044 17044 I SkipInfo: [SKIP_DEBUG] introSkipped=true, outroPromptShown=false, userSeekedToIntro=false
05-31 12:21:15.632 17044 17044 I SkipInfo: [SKIP_DEBUG] segment[0]: type=片头, start=0ms (0s), end=175000ms (175s), source=pgc_clip
05-31 12:21:15.632 17044 17044 I SkipInfo: [SKIP_DEBUG] INTRO not triggered: introSkipped=true, userSeekedToIntro=false, tInRange=false
05-31 12:21:15.632 17044 17044 I SkipInfo: [SKIP_DEBUG] segment[1]: type=片尾, start=2527000ms (2527s), end=2706000ms (2706s), source=pgc_clip
05-31 12:21:15.632 17044 17044 I SkipInfo: [SKIP_DEBUG] OUTRO check: t=175661ms >= start=2527000ms ? false, t < end=2706000ms ? true, outroPromptShown=false
05-31 12:21:15.632 17044 17044 I SkipInfo: [SKIP_DEBUG] checkSkip END, no action taken
05-31 12:21:15.648 17044 17044 I SkipInfo: [SKIP_DEBUG] ========== checkSkip START ==========
05-31 12:21:15.648 17044 17044 I SkipInfo: [SKIP_DEBUG] current position t=175674ms (175s)
05-31 12:21:15.649 17044 17044 I SkipInfo: [SKIP_DEBUG] skips count=2
05-31 12:21:15.649 17044 17044 I SkipInfo: [SKIP_DEBUG] introSkipped=true, outroPromptShown=false, userSeekedToIntro=false
05-31 12:21:15.649 17044 17044 I SkipInfo: [SKIP_DEBUG] segment[0]: type=片头, start=0ms (0s), end=175000ms (175s), source=pgc_clip
05-31 12:21:15.649 17044 17044 I SkipInfo: [SKIP_DEBUG] INTRO not triggered: introSkipped=true, userSeekedToIntro=false, tInRange=false
05-31 12:21:15.649 17044 17044 I SkipInfo: [SKIP_DEBUG] segment[1]: type=片尾, start=2527000ms (2527s), end=2706000ms (2706s), source=pgc_clip
05-31 12:21:15.649 17044 17044 I SkipInfo: [SKIP_DEBUG] OUTRO check: t=175674ms >= start=2527000ms ? false, t < end=2706000ms ? true, outroPromptShown=false
05-31 12:21:15.649 17044 17044 I SkipInfo: [SKIP_DEBUG] checkSkip END, no action taken
05-31 12:21:15.665 17044 17044 I SkipInfo: [SKIP_DEBUG] ========== checkSkip START ==========
05-31 12:21:15.665 17044 17044 I SkipInfo: [SKIP_DEBUG] current position t=175692ms (175s)
05-31 12:21:15.665 17044 17044 I SkipInfo: [SKIP_DEBUG] skips count=2
05-31 12:21:15.666 17044 17044 I SkipInfo: [SKIP_DEBUG] introSkipped=true, outroPromptShown=false, userSeekedToIntro=false
05-31 12:21:15.666 17044 17044 I SkipInfo: [SKIP_DEBUG] segment[0]: type=片头, start=0ms (0s), end=175000ms (175s), source=pgc_clip
05-31 12:21:15.666 17044 17044 I SkipInfo: [SKIP_DEBUG] INTRO not triggered: introSkipped=true, userSeekedToIntro=false, tInRange=false
05-31 12:21:15.666 17044 17044 I SkipInfo: [SKIP_DEBUG] segment[1]: type=片尾, start=2527000ms (2527s), end=2706000ms (2706s), source=pgc_clip
05-31 12:21:15.666 17044 17044 I SkipInfo: [SKIP_DEBUG] OUTRO check: t=175692ms >= start=2527000ms ? false, t < end=2706000ms ? true, outroPromptShown=false
05-31 12:21:15.666 17044 17044 I SkipInfo: [SKIP_DEBUG] checkSkip END, no action taken
05-31 12:21:15.682 17044 17044 I SkipInfo: [SKIP_DEBUG] ========== checkSkip START ==========
05-31 12:21:15.682 17044 17044 I SkipInfo: [SKIP_DEBUG] current position t=175707ms (175s)
05-31 12:21:15.682 17044 17044 I SkipInfo: [SKIP_DEBUG] skips count=2
05-31 12:21:15.682 17044 17044 I SkipInfo: [SKIP_DEBUG] introSkipped=true, outroPromptShown=false, userSeekedToIntro=false
05-31 12:21:15.682 17044 17044 I SkipInfo: [SKIP_DEBUG] segment[0]: type=片头, start=0ms (0s), end=175000ms (175s), source=pgc_clip
05-31 12:21:15.682 17044 17044 I SkipInfo: [SKIP_DEBUG] INTRO not triggered: introSkipped=true, userSeekedToIntro=false, tInRange=false
05-31 12:21:15.682 17044 17044 I SkipInfo: [SKIP_DEBUG] segment[1]: type=片尾, start=2527000ms (2527s), end=2706000ms (2706s), source=pgc_clip
05-31 12:21:15.682 17044 17044 I SkipInfo: [SKIP_DEBUG] OUTRO check: t=175707ms >= start=2527000ms ? false, t < end=2706000ms ? true, outroPromptShown=false
05-31 12:21:15.682 17044 17044 I SkipInfo: [SKIP_DEBUG] checkSkip END, no action taken
05-31 12:21:15.698 17044 17044 I SkipInfo: [SKIP_DEBUG] ========== checkSkip START ==========
05-31 12:21:15.699 17044 17044 I SkipInfo: [SKIP_DEBUG] current position t=175721ms (175s)
05-31 12:21:15.699 17044 17044 I SkipInfo: [SKIP_DEBUG] skips count=2
05-31 12:21:15.699 17044 17044 I SkipInfo: [SKIP_DEBUG] introSkipped=true, outroPromptShown=false, userSeekedToIntro=false
05-31 12:21:15.699 17044 17044 I SkipInfo: [SKIP_DEBUG] segment[0]: type=片头, start=0ms (0s), end=175000ms (175s), source=pgc_clip
05-31 12:21:15.699 17044 17044 I SkipInfo: [SKIP_DEBUG] INTRO not triggered: introSkipped=true, userSeekedToIntro=false, tInRange=false
05-31 12:21:15.699 17044 17044 I SkipInfo: [SKIP_DEBUG] segment[1]: type=片尾, start=2527000ms (2527s), end=2706000ms (2706s), source=pgc_clip
05-31 12:21:15.699 17044 17044 I SkipInfo: [SKIP_DEBUG] OUTRO check: t=175721ms >= start=2527000ms ? false, t < end=2706000ms ? true, outroPromptShown=false
05-31 12:21:15.699 17044 17044 I SkipInfo: [SKIP_DEBUG] checkSkip END, no action taken
05-31 12:21:15.716 17044 17044 I SkipInfo: [SKIP_DEBUG] ========== checkSkip START ==========
05-31 12:21:15.716 17044 17044 I SkipInfo: [SKIP_DEBUG] current position t=175735ms (175s)
05-31 12:21:15.716 17044 17044 I SkipInfo: [SKIP_DEBUG] skips count=2
05-31 12:21:15.716 17044 17044 I SkipInfo: [SKIP_DEBUG] introSkipped=true, outroPromptShown=false, userSeekedToIntro=false
05-31 12:21:15.716 17044 17044 I SkipInfo: [SKIP_DEBUG] segment[0]: type=片头, start=0ms (0s), end=175000ms (175s), source=pgc_clip
05-31 12:21:15.716 17044 17044 I SkipInfo: [SKIP_DEBUG] INTRO not triggered: introSkipped=true, userSeekedToIntro=false, tInRange=false
05-31 12:21:15.716 17044 17044 I SkipInfo: [SKIP_DEBUG] segment[1]: type=片尾, start=2527000ms (2527s), end=2706000ms (2706s), source=pgc_clip
05-31 12:21:15.716 17044 17044 I SkipInfo: [SKIP_DEBUG] OUTRO check: t=175735ms >= start=2527000ms ? false, t < end=2706000ms ? true, outroPromptShown=false
05-31 12:21:15.718 17044 17044 I SkipInfo: [SKIP_DEBUG] checkSkip END, no action taken
05-31 12:21:15.732 17044 17044 I SkipInfo: [SKIP_DEBUG] ========== checkSkip START ==========
05-31 12:21:15.732 17044 17044 I SkipInfo: [SKIP_DEBUG] current position t=175753ms (175s)
05-31 12:21:15.732 17044 17044 I SkipInfo: [SKIP_DEBUG] skips count=2
05-31 12:21:15.732 17044 17044 I SkipInfo: [SKIP_DEBUG] introSkipped=true, outroPromptShown=false, userSeekedToIntro=false
05-31 12:21:15.732 17044 17044 I SkipInfo: [SKIP_DEBUG] segment[0]: type=片头, start=0ms (0s), end=175000ms (175s), source=pgc_clip
05-31 12:21:15.732 17044 17044 I SkipInfo: [SKIP_DEBUG] INTRO not triggered: introSkipped=true, userSeekedToIntro=false, tInRange=false
05-31 12:21:15.732 17044 17044 I SkipInfo: [SKIP_DEBUG] segment[1]: type=片尾, start=2527000ms (2527s), end=2706000ms (2706s), source=pgc_clip
05-31 12:21:15.732 17044 17044 I SkipInfo: [SKIP_DEBUG] OUTRO check: t=175753ms >= start=2527000ms ? false, t < end=2706000ms ? true, outroPromptShown=false
05-31 12:21:15.732 17044 17044 I SkipInfo: [SKIP_DEBUG] checkSkip END, no action taken
05-31 12:21:15.748 17044 17044 I SkipInfo: [SKIP_DEBUG] ========== checkSkip START ==========
05-31 12:21:15.749 17044 17044 I SkipInfo: [SKIP_DEBUG] current position t=175768ms (175s)
05-31 12:21:15.749 17044 17044 I SkipInfo: [SKIP_DEBUG] skips count=2
05-31 12:21:15.749 17044 17044 I SkipInfo: [SKIP_DEBUG] introSkipped=true, outroPromptShown=false, userSeekedToIntro=false
05-31 12:21:15.749 17044 17044 I SkipInfo: [SKIP_DEBUG] segment[0]: type=片头, start=0ms (0s), end=175000ms (175s), source=pgc_clip
05-31 12:21:15.749 17044 17044 I SkipInfo: [SKIP_DEBUG] INTRO not triggered: introSkipped=true, userSeekedToIntro=false, tInRange=false
05-31 12:21:15.749 17044 17044 I SkipInfo: [SKIP_DEBUG] segment[1]: type=片尾, start=2527000ms (2527s), end=2706000ms (2706s), source=pgc_clip
05-31 12:21:15.749 17044 17044 I SkipInfo: [SKIP_DEBUG] OUTRO check: t=175768ms >= start=2527000ms ? false, t < end=2706000ms ? true, outroPromptShown=false
05-31 12:21:15.749 17044 17044 I SkipInfo: [SKIP_DEBUG] checkSkip END, no action taken
05-31 12:21:15.765 17044 17044 I SkipInfo: [SKIP_DEBUG] ========== checkSkip START ==========
05-31 12:21:15.765 17044 17044 I SkipInfo: [SKIP_DEBUG] current position t=175784ms (175s)
05-31 12:21:15.765 17044 17044 I SkipInfo: [SKIP_DEBUG] skips count=2
05-31 12:21:15.765 17044 17044 I SkipInfo: [SKIP_DEBUG] introSkipped=true, outroPromptShown=false, userSeekedToIntro=false
05-31 12:21:15.765 17044 17044 I SkipInfo: [SKIP_DEBUG] segment[0]: type=片头, start=0ms (0s), end=175000ms (175s), source=pgc_clip
05-31 12:21:15.765 17044 17044 I SkipInfo: [SKIP_DEBUG] INTRO not triggered: introSkipped=true, userSeekedToIntro=false, tInRange=false
05-31 12:21:15.765 17044 17044 I SkipInfo: [SKIP_DEBUG] segment[1]: type=片尾, start=2527000ms (2527s), end=2706000ms (2706s), source=pgc_clip
05-31 12:21:15.765 17044 17044 I SkipInfo: [SKIP_DEBUG] OUTRO check: t=175784ms >= start=2527000ms ? false, t < end=2706000ms ? true, outroPromptShown=false
05-31 12:21:15.765 17044 17044 I SkipInfo: [SKIP_DEBUG] checkSkip END, no action taken
05-31 12:21:15.770 17044 17044 I SkipInfo: [SKIP_DEBUG] ========== checkSkip START ==========
05-31 12:21:15.770 17044 17044 I SkipInfo: [SKIP_DEBUG] current position t=175799ms (175s)
05-31 12:21:15.770 17044 17044 I SkipInfo: [SKIP_DEBUG] skips count=2
05-31 12:21:15.770 17044 17044 I SkipInfo: [SKIP_DEBUG] introSkipped=true, outroPromptShown=false, userSeekedToIntro=false
05-31 12:21:15.770 17044 17044 I SkipInfo: [SKIP_DEBUG] segment[0]: type=片头, start=0ms (0s), end=175000ms (175s), source=pgc_clip
05-31 12:21:15.770 17044 17044 I SkipInfo: [SKIP_DEBUG] INTRO not triggered: introSkipped=true, userSeekedToIntro=false, tInRange=false
05-31 12:21:15.770 17044 17044 I SkipInfo: [SKIP_DEBUG] segment[1]: type=片尾, start=2527000ms (2527s), end=2706000ms (2706s), source=pgc_clip
05-31 12:21:15.770 17044 17044 I SkipInfo: [SKIP_DEBUG] OUTRO check: t=175799ms >= start=2527000ms ? false, t < end=2706000ms ? true, outroPromptShown=false
05-31 12:21:15.770 17044 17044 I SkipInfo: [SKIP_DEBUG] checkSkip END, no action taken
05-31 12:21:15.787 17044 17044 I SkipInfo: [SKIP_DEBUG] ========== checkSkip START ==========
05-31 12:21:15.787 17044 17044 I SkipInfo: [SKIP_DEBUG] current position t=175826ms (175s)
05-31 12:21:15.787 17044 17044 I SkipInfo: [SKIP_DEBUG] skips count=2
05-31 12:21:15.787 17044 17044 I SkipInfo: [SKIP_DEBUG] introSkipped=true, outroPromptShown=false, userSeekedToIntro=false
05-31 12:21:15.787 17044 17044 I SkipInfo: [SKIP_DEBUG] segment[0]: type=片头, start=0ms (0s), end=175000ms (175s), source=pgc_clip
05-31 12:21:15.787 17044 17044 I SkipInfo: [SKIP_DEBUG] INTRO not triggered: introSkipped=true, userSeekedToIntro=false, tInRange=false
05-31 12:21:15.787 17044 17044 I SkipInfo: [SKIP_DEBUG] segment[1]: type=片尾, start=2527000ms (2527s), end=2706000ms (2706s), source=pgc_clip
05-31 12:21:15.787 17044 17044 I SkipInfo: [SKIP_DEBUG] OUTRO check: t=175826ms >= start=2527000ms ? false, t < end=2706000ms ? true, outroPromptShown=false
05-31 12:21:15.787 17044 17044 I SkipInfo: [SKIP_DEBUG] checkSkip END, no action taken
05-31 12:21:15.798 17044 17044 I SkipInfo: [SKIP_DEBUG] ========== checkSkip START ==========
05-31 12:21:15.799 17044 17044 I SkipInfo: [SKIP_DEBUG] current position t=175842ms (175s)
05-31 12:21:15.799 17044 17044 I SkipInfo: [SKIP_DEBUG] skips count=2
05-31 12:21:15.799 17044 17044 I SkipInfo: [SKIP_DEBUG] introSkipped=true, outroPromptShown=false, userSeekedToIntro=false
05-31 12:21:15.799 17044 17044 I SkipInfo: [SKIP_DEBUG] segment[0]: type=片头, start=0ms (0s), end=175000ms (175s), source=pgc_clip
05-31 12:21:15.799 17044 17044 I SkipInfo: [SKIP_DEBUG] INTRO not triggered: introSkipped=true, userSeekedToIntro=false, tInRange=false
05-31 12:21:15.799 17044 17044 I SkipInfo: [SKIP_DEBUG] segment[1]: type=片尾, start=2527000ms (2527s), end=2706000ms (2706s), source=pgc_clip
05-31 12:21:15.799 17044 17044 I SkipInfo: [SKIP_DEBUG] OUTRO check: t=175842ms >= start=2527000ms ? false, t < end=2706000ms ? true, outroPromptShown=false
05-31 12:21:15.799 17044 17044 I SkipInfo: [SKIP_DEBUG] checkSkip END, no action taken
05-31 12:21:15.815 17044 17044 I SkipInfo: [SKIP_DEBUG] ========== checkSkip START ==========
05-31 12:21:15.815 17044 17044 I SkipInfo: [SKIP_DEBUG] current position t=175855ms (175s)
05-31 12:21:15.815 17044 17044 I SkipInfo: [SKIP_DEBUG] skips count=2
05-31 12:21:15.815 17044 17044 I SkipInfo: [SKIP_DEBUG] introSkipped=true, outroPromptShown=false, userSeekedToIntro=false
05-31 12:21:15.815 17044 17044 I SkipInfo: [SKIP_DEBUG] segment[0]: type=片头, start=0ms (0s), end=175000ms (175s), source=pgc_clip
05-31 12:21:15.815 17044 17044 I SkipInfo: [SKIP_DEBUG] INTRO not triggered: introSkipped=true, userSeekedToIntro=false, tInRange=false
05-31 12:21:15.815 17044 17044 I SkipInfo: [SKIP_DEBUG] segment[1]: type=片尾, start=2527000ms (2527s), end=2706000ms (2706s), source=pgc_clip
05-31 12:21:15.815 17044 17044 I SkipInfo: [SKIP_DEBUG] OUTRO check: t=175855ms >= start=2527000ms ? false, t < end=2706000ms ? true, outroPromptShown=false
05-31 12:21:15.815 17044 17044 I SkipInfo: [SKIP_DEBUG] checkSkip END, no action taken
05-31 12:21:15.832 17044 17044 I SkipInfo: [SKIP_DEBUG] ========== checkSkip START ==========
05-31 12:21:15.832 17044 17044 I SkipInfo: [SKIP_DEBUG] current position t=175877ms (175s)
05-31 12:21:15.832 17044 17044 I SkipInfo: [SKIP_DEBUG] skips count=2
05-31 12:21:15.832 17044 17044 I SkipInfo: [SKIP_DEBUG] introSkipped=true, outroPromptShown=false, userSeekedToIntro=false
05-31 12:21:15.832 17044 17044 I SkipInfo: [SKIP_DEBUG] segment[0]: type=片头, start=0ms (0s), end=175000ms (175s), source=pgc_clip
05-31 12:21:15.832 17044 17044 I SkipInfo: [SKIP_DEBUG] INTRO not triggered: introSkipped=true, userSeekedToIntro=false, tInRange=false
05-31 12:21:15.832 17044 17044 I SkipInfo: [SKIP_DEBUG] segment[1]: type=片尾, start=2527000ms (2527s), end=2706000ms (2706s), source=pgc_clip
05-31 12:21:15.832 17044 17044 I SkipInfo: [SKIP_DEBUG] OUTRO check: t=175877ms >= start=2527000ms ? false, t < end=2706000ms ? true, outroPromptShown=false
05-31 12:21:15.832 17044 17044 I SkipInfo: [SKIP_DEBUG] checkSkip END, no action taken
05-31 12:21:15.848 17044 17044 I SkipInfo: [SKIP_DEBUG] ========== checkSkip START ==========
05-31 12:21:15.848 17044 17044 I SkipInfo: [SKIP_DEBUG] current position t=175893ms (175s)
05-31 12:21:15.848 17044 17044 I SkipInfo: [SKIP_DEBUG] skips count=2
05-31 12:21:15.848 17044 17044 I SkipInfo: [SKIP_DEBUG] introSkipped=true, outroPromptShown=false, userSeekedToIntro=false
05-31 12:21:15.848 17044 17044 I SkipInfo: [SKIP_DEBUG] segment[0]: type=片头, start=0ms (0s), end=175000ms (175s), source=pgc_clip
05-31 12:21:15.848 17044 17044 I SkipInfo: [SKIP_DEBUG] INTRO not triggered: introSkipped=true, userSeekedToIntro=false, tInRange=false
05-31 12:21:15.849 17044 17044 I SkipInfo: [SKIP_DEBUG] segment[1]: type=片尾, start=2527000ms (2527s), end=2706000ms (2706s), source=pgc_clip
05-31 12:21:15.849 17044 17044 I SkipInfo: [SKIP_DEBUG] OUTRO check: t=175893ms >= start=2527000ms ? false, t < end=2706000ms ? true, outroPromptShown=false
05-31 12:21:15.849 17044 17044 I SkipInfo: [SKIP_DEBUG] checkSkip END, no action taken
05-31 12:21:15.861 17044 17044 I SkipInfo: [SKIP_DEBUG] ========== checkSkip START ==========
05-31 12:21:15.861 17044 17044 I SkipInfo: [SKIP_DEBUG] current position t=175908ms (175s)
05-31 12:21:15.861 17044 17044 I SkipInfo: [SKIP_DEBUG] skips count=2
05-31 12:21:15.861 17044 17044 I SkipInfo: [SKIP_DEBUG] introSkipped=true, outroPromptShown=false, userSeekedToIntro=false
05-31 12:21:15.861 17044 17044 I SkipInfo: [SKIP_DEBUG] segment[0]: type=片头, start=0ms (0s), end=175000ms (175s), source=pgc_clip
05-31 12:21:15.861 17044 17044 I SkipInfo: [SKIP_DEBUG] INTRO not triggered: introSkipped=true, userSeekedToIntro=false, tInRange=false
05-31 12:21:15.861 17044 17044 I SkipInfo: [SKIP_DEBUG] segment[1]: type=片尾, start=2527000ms (2527s), end=2706000ms (2706s), source=pgc_clip
05-31 12:21:15.861 17044 17044 I SkipInfo: [SKIP_DEBUG] OUTRO check: t=175908ms >= start=2527000ms ? false, t < end=2706000ms ? true, outroPromptShown=false
05-31 12:21:15.861 17044 17044 I SkipInfo: [SKIP_DEBUG] checkSkip END, no action taken
05-31 12:21:15.877 17044 17044 I SkipInfo: [SKIP_DEBUG] ========== checkSkip START ==========
05-31 12:21:15.877 17044 17044 I SkipInfo: [SKIP_DEBUG] current position t=175928ms (175s)
05-31 12:21:15.877 17044 17044 I SkipInfo: [SKIP_DEBUG] skips count=2
05-31 12:21:15.877 17044 17044 I SkipInfo: [SKIP_DEBUG] introSkipped=true, outroPromptShown=false, userSeekedToIntro=false
05-31 12:21:15.877 17044 17044 I SkipInfo: [SKIP_DEBUG] segment[0]: type=片头, start=0ms (0s), end=175000ms (175s), source=pgc_clip
05-31 12:21:15.877 17044 17044 I SkipInfo: [SKIP_DEBUG] INTRO not triggered: introSkipped=true, userSeekedToIntro=false, tInRange=false
05-31 12:21:15.877 17044 17044 I SkipInfo: [SKIP_DEBUG] segment[1]: type=片尾, start=2527000ms (2527s), end=2706000ms (2706s), source=pgc_clip
05-31 12:21:15.878 17044 17044 I SkipInfo: [SKIP_DEBUG] OUTRO check: t=175928ms >= start=2527000ms ? false, t < end=2706000ms ? true, outroPromptShown=false
05-31 12:21:15.878 17044 17044 I SkipInfo: [SKIP_DEBUG] checkSkip END, no action taken
05-31 12:21:15.882 17044 17044 I SkipInfo: [SKIP_DEBUG] ========== checkSkip START ==========
05-31 12:21:15.882 17044 17044 I SkipInfo: [SKIP_DEBUG] current position t=175944ms (175s)
05-31 12:21:15.882 17044 17044 I SkipInfo: [SKIP_DEBUG] skips count=2
05-31 12:21:15.882 17044 17044 I SkipInfo: [SKIP_DEBUG] introSkipped=true, outroPromptShown=false, userSeekedToIntro=false
05-31 12:21:15.883 17044 17044 I SkipInfo: [SKIP_DEBUG] segment[0]: type=片头, start=0ms (0s), end=175000ms (175s), source=pgc_clip
05-31 12:21:15.883 17044 17044 I SkipInfo: [SKIP_DEBUG] INTRO not triggered: introSkipped=true, userSeekedToIntro=false, tInRange=false
05-31 12:21:15.883 17044 17044 I SkipInfo: [SKIP_DEBUG] segment[1]: type=片尾, start=2527000ms (2527s), end=2706000ms (2706s), source=pgc_clip
05-31 12:21:15.883 17044 17044 I SkipInfo: [SKIP_DEBUG] OUTRO check: t=175944ms >= start=2527000ms ? false, t < end=2706000ms ? true, outroPromptShown=false
05-31 12:21:15.883 17044 17044 I SkipInfo: [SKIP_DEBUG] checkSkip END, no action taken
05-31 12:21:15.890 17044 17044 I SkipInfo: [SKIP_DEBUG] ========== checkSkip START ==========
05-31 12:21:15.890 17044 17044 I SkipInfo: [SKIP_DEBUG] current position t=175968ms (175s)
05-31 12:21:15.890 17044 17044 I SkipInfo: [SKIP_DEBUG] skips count=2
05-31 12:21:15.890 17044 17044 I SkipInfo: [SKIP_DEBUG] introSkipped=true, outroPromptShown=false, userSeekedToIntro=false
05-31 12:21:15.890 17044 17044 I SkipInfo: [SKIP_DEBUG] segment[0]: type=片头, start=0ms (0s), end=175000ms (175s), source=pgc_clip
05-31 12:21:15.890 17044 17044 I SkipInfo: [SKIP_DEBUG] INTRO not triggered: introSkipped=true, userSeekedToIntro=false, tInRange=false
05-31 12:21:15.890 17044 17044 I SkipInfo: [SKIP_DEBUG] segment[1]: type=片尾, start=2527000ms (2527s), end=2706000ms (2706s), source=pgc_clip
05-31 12:21:15.890 17044 17044 I SkipInfo: [SKIP_DEBUG] OUTRO check: t=175968ms >= start=2527000ms ? false, t < end=2706000ms ? true, outroPromptShown=false
05-31 12:21:15.890 17044 17044 I SkipInfo: [SKIP_DEBUG] checkSkip END, no action taken
05-31 12:21:15.899 17044 18297 I MediaCodec: [0xb402a200][QIB]V, QIB:30/s, QIB num:9595
05-31 12:21:15.907 17044 17044 I SkipInfo: [SKIP_DEBUG] ========== checkSkip START ==========
05-31 12:21:15.907 17044 17044 I SkipInfo: [SKIP_DEBUG] current position t=175995ms (175s)
05-31 12:21:15.907 17044 17044 I SkipInfo: [SKIP_DEBUG] skips count=2
05-31 12:21:15.907 17044 17044 I SkipInfo: [SKIP_DEBUG] introSkipped=true, outroPromptShown=false, userSeekedToIntro=false
05-31 12:21:15.907 17044 17044 I SkipInfo: [SKIP_DEBUG] segment[0]: type=片头, start=0ms (0s), end=175000ms (175s), source=pgc_clip
05-31 12:21:15.907 17044 17044 I SkipInfo: [SKIP_DEBUG] INTRO not triggered: introSkipped=true, userSeekedToIntro=false, tInRange=false
05-31 12:21:15.907 17044 17044 I SkipInfo: [SKIP_DEBUG] segment[1]: type=片尾, start=2527000ms (2527s), end=2706000ms (2706s), source=pgc_clip
05-31 12:21:15.907 17044 17044 I SkipInfo: [SKIP_DEBUG] OUTRO check: t=175995ms >= start=2527000ms ? false, t < end=2706000ms ? true, outroPromptShown=false
05-31 12:21:15.907 17044 17044 I SkipInfo: [SKIP_DEBUG] checkSkip END, no action taken
05-31 12:21:15.915 17044 17044 I SkipInfo: [SKIP_DEBUG] ========== checkSkip START ==========
05-31 12:21:15.915 17044 17044 I SkipInfo: [SKIP_DEBUG] current position t=176010ms (176s)
05-31 12:21:15.915 17044 17044 I SkipInfo: [SKIP_DEBUG] skips count=2
05-31 12:21:15.915 17044 17044 I SkipInfo: [SKIP_DEBUG] introSkipped=true, outroPromptShown=false, userSeekedToIntro=false
05-31 12:21:15.915 17044 17044 I SkipInfo: [SKIP_DEBUG] segment[0]: type=片头, start=0ms (0s), end=175000ms (175s), source=pgc_clip
05-31 12:21:15.915 17044 17044 I SkipInfo: [SKIP_DEBUG] INTRO not triggered: introSkipped=true, userSeekedToIntro=false, tInRange=false
05-31 12:21:15.915 17044 17044 I SkipInfo: [SKIP_DEBUG] segment[1]: type=片尾, start=2527000ms (2527s), end=2706000ms (2706s), source=pgc_clip
05-31 12:21:15.915 17044 17044 I SkipInfo: [SKIP_DEBUG] OUTRO check: t=176010ms >= start=2527000ms ? false, t < end=2706000ms ? true, outroPromptShown=false
05-31 12:21:15.915 17044 17044 I SkipInfo: [SKIP_DEBUG] checkSkip END, no action taken
05-31 12:21:15.932 17044 17044 I SkipInfo: [SKIP_DEBUG] ========== checkSkip START ==========
05-31 12:21:15.932 17044 17044 I SkipInfo: [SKIP_DEBUG] current position t=176033ms (176s)
05-31 12:21:15.932 17044 17044 I SkipInfo: [SKIP_DEBUG] skips count=2
05-31 12:21:15.932 17044 17044 I SkipInfo: [SKIP_DEBUG] introSkipped=true, outroPromptShown=false, userSeekedToIntro=false
05-31 12:21:15.932 17044 17044 I SkipInfo: [SKIP_DEBUG] segment[0]: type=片头, start=0ms (0s), end=175000ms (175s), source=pgc_clip
05-31 12:21:15.932 17044 17044 I SkipInfo: [SKIP_DEBUG] INTRO not triggered: introSkipped=true, userSeekedToIntro=false, tInRange=false
05-31 12:21:15.932 17044 17044 I SkipInfo: [SKIP_DEBUG] segment[1]: type=片尾, start=2527000ms (2527s), end=2706000ms (2706s), source=pgc_clip
05-31 12:21:15.932 17044 17044 I SkipInfo: [SKIP_DEBUG] OUTRO check: t=176033ms >= start=2527000ms ? false, t < end=2706000ms ? true, outroPromptShown=false
05-31 12:21:15.932 17044 17044 I SkipInfo: [SKIP_DEBUG] checkSkip END, no action taken
05-31 12:21:15.948 17044 17044 I SkipInfo: [SKIP_DEBUG] ========== checkSkip START ==========
05-31 12:21:15.949 17044 17044 I SkipInfo: [SKIP_DEBUG] current position t=176048ms (176s)
05-31 12:21:15.949 17044 17044 I SkipInfo: [SKIP_DEBUG] skips count=2
05-31 12:21:15.949 17044 17044 I SkipInfo: [SKIP_DEBUG] introSkipped=true, outroPromptShown=false, userSeekedToIntro=false
05-31 12:21:15.949 17044 17044 I SkipInfo: [SKIP_DEBUG] segment[0]: type=片头, start=0ms (0s), end=175000ms (175s), source=pgc_clip
05-31 12:21:15.949 17044 17044 I SkipInfo: [SKIP_DEBUG] INTRO not triggered: introSkipped=true, userSeekedToIntro=false, tInRange=false
05-31 12:21:15.949 17044 17044 I SkipInfo: [SKIP_DEBUG] segment[1]: type=片尾, start=2527000ms (2527s), end=2706000ms (2706s), source=pgc_clip
05-31 12:21:15.949 17044 17044 I SkipInfo: [SKIP_DEBUG] OUTRO check: t=176048ms >= start=2527000ms ? false, t < end=2706000ms ? true, outroPromptShown=false
05-31 12:21:15.949 17044 17044 I SkipInfo: [SKIP_DEBUG] checkSkip END, no action taken
05-31 12:21:15.962 17044 17044 I SkipInfo: [SKIP_DEBUG] ========== checkSkip START ==========
05-31 12:21:15.962 17044 17044 I SkipInfo: [SKIP_DEBUG] current position t=176063ms (176s)
05-31 12:21:15.962 17044 17044 I SkipInfo: [SKIP_DEBUG] skips count=2
05-31 12:21:15.962 17044 17044 I SkipInfo: [SKIP_DEBUG] introSkipped=true, outroPromptShown=false, userSeekedToIntro=false
05-31 12:21:15.963 17044 17044 I SkipInfo: [SKIP_DEBUG] segment[0]: type=片头, start=0ms (0s), end=175000ms (175s), source=pgc_clip
05-31 12:21:15.963 17044 17044 I SkipInfo: [SKIP_DEBUG] INTRO not triggered: introSkipped=true, userSeekedToIntro=false, tInRange=false
05-31 12:21:15.963 17044 17044 I SkipInfo: [SKIP_DEBUG] segment[1]: type=片尾, start=2527000ms (2527s), end=2706000ms (2706s), source=pgc_clip
05-31 12:21:15.963 17044 17044 I SkipInfo: [SKIP_DEBUG] OUTRO check: t=176063ms >= start=2527000ms ? false, t < end=2706000ms ? true, outroPromptShown=false
05-31 12:21:15.963 17044 17044 I SkipInfo: [SKIP_DEBUG] checkSkip END, no action taken
05-31 12:21:15.977 17044 17044 I SkipInfo: [SKIP_DEBUG] ========== checkSkip START ==========
05-31 12:21:15.977 17044 17044 I SkipInfo: [SKIP_DEBUG] current position t=176081ms (176s)
05-31 12:21:15.978 17044 17044 I SkipInfo: [SKIP_DEBUG] skips count=2
05-31 12:21:15.978 17044 17044 I SkipInfo: [SKIP_DEBUG] introSkipped=true, outroPromptShown=false, userSeekedToIntro=false
05-31 12:21:15.978 17044 17044 I SkipInfo: [SKIP_DEBUG] segment[0]: type=片头, start=0ms (0s), end=175000ms (175s), source=pgc_clip
05-31 12:21:15.978 17044 17044 I SkipInfo: [SKIP_DEBUG] INTRO not triggered: introSkipped=true, userSeekedToIntro=false, tInRange=false
05-31 12:21:15.978 17044 17044 I SkipInfo: [SKIP_DEBUG] segment[1]: type=片尾, start=2527000ms (2527s), end=2706000ms (2706s), source=pgc_clip
05-31 12:21:15.978 17044 17044 I SkipInfo: [SKIP_DEBUG] OUTRO check: t=176081ms >= start=2527000ms ? false, t < end=2706000ms ? true, outroPromptShown=false
05-31 12:21:15.978 17044 17044 I SkipInfo: [SKIP_DEBUG] checkSkip END, no action taken
05-31 12:21:15.982 17044 17044 I SkipInfo: [SKIP_DEBUG] ========== checkSkip START ==========
05-31 12:21:15.982 17044 17044 I SkipInfo: [SKIP_DEBUG] current position t=176099ms (176s)
05-31 12:21:15.982 17044 17044 I SkipInfo: [SKIP_DEBUG] skips count=2
05-31 12:21:15.982 17044 17044 I SkipInfo: [SKIP_DEBUG] introSkipped=true, outroPromptShown=false, userSeekedToIntro=false
05-31 12:21:15.982 17044 17044 I SkipInfo: [SKIP_DEBUG] segment[0]: type=片头, start=0ms (0s), end=175000ms (175s), source=pgc_clip
05-31 12:21:15.982 17044 17044 I SkipInfo: [SKIP_DEBUG] INTRO not triggered: introSkipped=true, userSeekedToIntro=false, tInRange=false
05-31 12:21:15.982 17044 17044 I SkipInfo: [SKIP_DEBUG] segment[1]: type=片尾, start=2527000ms (2527s), end=2706000ms (2706s), source=pgc_clip
05-31 12:21:15.982 17044 17044 I SkipInfo: [SKIP_DEBUG] OUTRO check: t=176099ms >= start=2527000ms ? false, t < end=2706000ms ? true, outroPromptShown=false
05-31 12:21:15.982 17044 17044 I SkipInfo: [SKIP_DEBUG] checkSkip END, no action taken
05-31 12:21:15.998 17044 17044 I SkipInfo: [SKIP_DEBUG] ========== checkSkip START ==========
05-31 12:21:15.998 17044 17044 I SkipInfo: [SKIP_DEBUG] current position t=176127ms (176s)
05-31 12:21:15.998 17044 17044 I SkipInfo: [SKIP_DEBUG] skips count=2
05-31 12:21:15.998 17044 17044 I SkipInfo: [SKIP_DEBUG] introSkipped=true, outroPromptShown=false, userSeekedToIntro=false
05-31 12:21:15.998 17044 17044 I SkipInfo: [SKIP_DEBUG] segment[0]: type=片头, start=0ms (0s), end=175000ms (175s), source=pgc_clip
05-31 12:21:15.998 17044 17044 I SkipInfo: [SKIP_DEBUG] INTRO not triggered: introSkipped=true, userSeekedToIntro=false, tInRange=false
05-31 12:21:15.999 17044 17044 I SkipInfo: [SKIP_DEBUG] segment[1]: type=片尾, start=2527000ms (2527s), end=2706000ms (2706s), source=pgc_clip
05-31 12:21:15.999 17044 17044 I SkipInfo: [SKIP_DEBUG] OUTRO check: t=176127ms >= start=2527000ms ? false, t < end=2706000ms ? true, outroPromptShown=false
05-31 12:21:15.999 17044 17044 I SkipInfo: [SKIP_DEBUG] checkSkip END, no action taken
05-31 12:21:16.015 17044 17044 I SkipInfo: [SKIP_DEBUG] ========== checkSkip START ==========
05-31 12:21:16.015 17044 17044 I SkipInfo: [SKIP_DEBUG] current position t=176142ms (176s)
05-31 12:21:16.015 17044 17044 I SkipInfo: [SKIP_DEBUG] skips count=2
05-31 12:21:16.015 17044 17044 I SkipInfo: [SKIP_DEBUG] introSkipped=true, outroPromptShown=false, userSeekedToIntro=false
05-31 12:21:16.015 17044 17044 I SkipInfo: [SKIP_DEBUG] segment[0]: type=片头, start=0ms (0s), end=175000ms (175s), source=pgc_clip
05-31 12:21:16.015 17044 17044 I SkipInfo: [SKIP_DEBUG] INTRO not triggered: introSkipped=true, userSeekedToIntro=false, tInRange=false
05-31 12:21:16.015 17044 17044 I SkipInfo: [SKIP_DEBUG] segment[1]: type=片尾, start=2527000ms (2527s), end=2706000ms (2706s), source=pgc_clip
05-31 12:21:16.015 17044 17044 I SkipInfo: [SKIP_DEBUG] OUTRO check: t=176142ms >= start=2527000ms ? false, t < end=2706000ms ? true, outroPromptShown=false
05-31 12:21:16.015 17044 17044 I SkipInfo: [SKIP_DEBUG] checkSkip END, no action taken
05-31 12:21:16.032 17044 17044 I SkipInfo: [SKIP_DEBUG] ========== checkSkip START ==========
05-31 12:21:16.032 17044 17044 I SkipInfo: [SKIP_DEBUG] current position t=176157ms (176s)
05-31 12:21:16.032 17044 17044 I SkipInfo: [SKIP_DEBUG] skips count=2
05-31 12:21:16.032 17044 17044 I SkipInfo: [SKIP_DEBUG] introSkipped=true, outroPromptShown=false, userSeekedToIntro=false
05-31 12:21:16.032 17044 17044 I SkipInfo: [SKIP_DEBUG] segment[0]: type=片头, start=0ms (0s), end=175000ms (175s), source=pgc_clip
05-31 12:21:16.032 17044 17044 I SkipInfo: [SKIP_DEBUG] INTRO not triggered: introSkipped=true, userSeekedToIntro=false, tInRange=false
05-31 12:21:16.032 17044 17044 I SkipInfo: [SKIP_DEBUG] segment[1]: type=片尾, start=2527000ms (2527s), end=2706000ms (2706s), source=pgc_clip
05-31 12:21:16.032 17044 17044 I SkipInfo: [SKIP_DEBUG] OUTRO check: t=176157ms >= start=2527000ms ? false, t < end=2706000ms ? true, outroPromptShown=false
05-31 12:21:16.032 17044 17044 I SkipInfo: [SKIP_DEBUG] checkSkip END, no action taken
05-31 12:21:16.048 17044 17044 I SkipInfo: [SKIP_DEBUG] ========== checkSkip START ==========
05-31 12:21:16.049 17044 17044 I SkipInfo: [SKIP_DEBUG] current position t=176172ms (176s)
05-31 12:21:16.049 17044 17044 I SkipInfo: [SKIP_DEBUG] skips count=2
05-31 12:21:16.049 17044 17044 I SkipInfo: [SKIP_DEBUG] introSkipped=true, outroPromptShown=false, userSeekedToIntro=false
05-31 12:21:16.049 17044 17044 I SkipInfo: [SKIP_DEBUG] segment[0]: type=片头, start=0ms (0s), end=175000ms (175s), source=pgc_clip
05-31 12:21:16.049 17044 17044 I SkipInfo: [SKIP_DEBUG] INTRO not triggered: introSkipped=true, userSeekedToIntro=false, tInRange=false
05-31 12:21:16.049 17044 17044 I SkipInfo: [SKIP_DEBUG] segment[1]: type=片尾, start=2527000ms (2527s), end=2706000ms (2706s), source=pgc_clip
05-31 12:21:16.049 17044 17044 I SkipInfo: [SKIP_DEBUG] OUTRO check: t=176172ms >= start=2527000ms ? false, t < end=2706000ms ? true, outroPromptShown=false
05-31 12:21:16.049 17044 17044 I SkipInfo: [SKIP_DEBUG] checkSkip END, no action taken
05-31 12:21:16.065 17044 17044 I SkipInfo: [SKIP_DEBUG] ========== checkSkip START ==========
05-31 12:21:16.065 17044 17044 I SkipInfo: [SKIP_DEBUG] current position t=176188ms (176s)
05-31 12:21:16.065 17044 17044 I SkipInfo: [SKIP_DEBUG] skips count=2
05-31 12:21:16.065 17044 17044 I SkipInfo: [SKIP_DEBUG] introSkipped=true, outroPromptShown=false, userSeekedToIntro=false
05-31 12:21:16.065 17044 17044 I SkipInfo: [SKIP_DEBUG] segment[0]: type=片头, start=0ms (0s), end=175000ms (175s), source=pgc_clip
05-31 12:21:16.065 17044 17044 I SkipInfo: [SKIP_DEBUG] INTRO not triggered: introSkipped=true, userSeekedToIntro=false, tInRange=false
05-31 12:21:16.065 17044 17044 I SkipInfo: [SKIP_DEBUG] segment[1]: type=片尾, start=2527000ms (2527s), end=2706000ms (2706s), source=pgc_clip
05-31 12:21:16.065 17044 17044 I SkipInfo: [SKIP_DEBUG] OUTRO check: t=176188ms >= start=2527000ms ? false, t < end=2706000ms ? true, outroPromptShown=false
05-31 12:21:16.065 17044 17044 I SkipInfo: [SKIP_DEBUG] checkSkip END, no action taken
05-31 12:21:16.083 17044 17044 I SkipInfo: [SKIP_DEBUG] ========== checkSkip START ==========
05-31 12:21:16.083 17044 17044 I SkipInfo: [SKIP_DEBUG] current position t=176201ms (176s)
05-31 12:21:16.083 17044 17044 I SkipInfo: [SKIP_DEBUG] skips count=2
05-31 12:21:16.083 17044 17044 I SkipInfo: [SKIP_DEBUG] introSkipped=true, outroPromptShown=false, userSeekedToIntro=false
05-31 12:21:16.083 17044 17044 I SkipInfo: [SKIP_DEBUG] segment[0]: type=片头, start=0ms (0s), end=175000ms (175s), source=pgc_clip
05-31 12:21:16.083 17044 17044 I SkipInfo: [SKIP_DEBUG] INTRO not triggered: introSkipped=true, userSeekedToIntro=false, tInRange=false
05-31 12:21:16.083 17044 17044 I SkipInfo: [SKIP_DEBUG] segment[1]: type=片尾, start=2527000ms (2527s), end=2706000ms (2706s), source=pgc_clip
05-31 12:21:16.083 17044 17044 I SkipInfo: [SKIP_DEBUG] OUTRO check: t=176201ms >= start=2527000ms ? false, t < end=2706000ms ? true, outroPromptShown=false
05-31 12:21:16.083 17044 17044 I SkipInfo: [SKIP_DEBUG] checkSkip END, no action taken
05-31 12:21:16.090 17044 17044 I SkipInfo: [SKIP_DEBUG] ========== checkSkip START ==========
05-31 12:21:16.091 17044 17044 I SkipInfo: [SKIP_DEBUG] current position t=176217ms (176s)
05-31 12:21:16.091 17044 17044 I SkipInfo: [SKIP_DEBUG] skips count=2
05-31 12:21:16.091 17044 17044 I SkipInfo: [SKIP_DEBUG] introSkipped=true, outroPromptShown=false, userSeekedToIntro=false
05-31 12:21:16.091 17044 17044 I SkipInfo: [SKIP_DEBUG] segment[0]: type=片头, start=0ms (0s), end=175000ms (175s), source=pgc_clip
05-31 12:21:16.091 17044 17044 I SkipInfo: [SKIP_DEBUG] INTRO not triggered: introSkipped=true, userSeekedToIntro=false, tInRange=false
05-31 12:21:16.091 17044 17044 I SkipInfo: [SKIP_DEBUG] segment[1]: type=片尾, start=2527000ms (2527s), end=2706000ms (2706s), source=pgc_clip
05-31 12:21:16.091 17044 17044 I SkipInfo: [SKIP_DEBUG] OUTRO check: t=176217ms >= start=2527000ms ? false, t < end=2706000ms ? true, outroPromptShown=false
05-31 12:21:16.091 17044 17044 I SkipInfo: [SKIP_DEBUG] checkSkip END, no action taken
05-31 12:21:16.108 17044 17044 I SkipInfo: [SKIP_DEBUG] ========== checkSkip START ==========
05-31 12:21:16.108 17044 17044 I SkipInfo: [SKIP_DEBUG] current position t=176242ms (176s)
05-31 12:21:16.108 17044 17044 I SkipInfo: [SKIP_DEBUG] skips count=2
05-31 12:21:16.108 17044 17044 I SkipInfo: [SKIP_DEBUG] introSkipped=true, outroPromptShown=false, userSeekedToIntro=false
05-31 12:21:16.108 17044 17044 I SkipInfo: [SKIP_DEBUG] segment[0]: type=片头, start=0ms (0s), end=175000ms (175s), source=pgc_clip
05-31 12:21:16.108 17044 17044 I SkipInfo: [SKIP_DEBUG] INTRO not triggered: introSkipped=true, userSeekedToIntro=false, tInRange=false
05-31 12:21:16.108 17044 17044 I SkipInfo: [SKIP_DEBUG] segment[1]: type=片尾, start=2527000ms (2527s), end=2706000ms (2706s), source=pgc_clip
05-31 12:21:16.108 17044 17044 I SkipInfo: [SKIP_DEBUG] OUTRO check: t=176242ms >= start=2527000ms ? false, t < end=2706000ms ? true, outroPromptShown=false
05-31 12:21:16.108 17044 17044 I SkipInfo: [SKIP_DEBUG] checkSkip END, no action taken
05-31 12:21:16.115 17044 17044 I SkipInfo: [SKIP_DEBUG] ========== checkSkip START ==========
05-31 12:21:16.115 17044 17044 I SkipInfo: [SKIP_DEBUG] current position t=176257ms (176s)
05-31 12:21:16.115 17044 17044 I SkipInfo: [SKIP_DEBUG] skips count=2
05-31 12:21:16.116 17044 17044 I SkipInfo: [SKIP_DEBUG] introSkipped=true, outroPromptShown=false, userSeekedToIntro=false
05-31 12:21:16.116 17044 17044 I SkipInfo: [SKIP_DEBUG] segment[0]: type=片头, start=0ms (0s), end=175000ms (175s), source=pgc_clip
05-31 12:21:16.116 17044 17044 I SkipInfo: [SKIP_DEBUG] INTRO not triggered: introSkipped=true, userSeekedToIntro=false, tInRange=false
05-31 12:21:16.116 17044 17044 I SkipInfo: [SKIP_DEBUG] segment[1]: type=片尾, start=2527000ms (2527s), end=2706000ms (2706s), source=pgc_clip
05-31 12:21:16.116 17044 17044 I SkipInfo: [SKIP_DEBUG] OUTRO check: t=176257ms >= start=2527000ms ? false, t < end=2706000ms ? true, outroPromptShown=false
05-31 12:21:16.116 17044 17044 I SkipInfo: [SKIP_DEBUG] checkSkip END, no action taken
05-31 12:21:16.133 17044 17044 I SkipInfo: [SKIP_DEBUG] ========== checkSkip START ==========
05-31 12:21:16.133 17044 17044 I SkipInfo: [SKIP_DEBUG] current position t=176275ms (176s)
05-31 12:21:16.133 17044 17044 I SkipInfo: [SKIP_DEBUG] skips count=2
05-31 12:21:16.133 17044 17044 I SkipInfo: [SKIP_DEBUG] introSkipped=true, outroPromptShown=false, userSeekedToIntro=false
05-31 12:21:16.133 17044 17044 I SkipInfo: [SKIP_DEBUG] segment[0]: type=片头, start=0ms (0s), end=175000ms (175s), source=pgc_clip
05-31 12:21:16.133 17044 17044 I SkipInfo: [SKIP_DEBUG] INTRO not triggered: introSkipped=true, userSeekedToIntro=false, tInRange=false
05-31 12:21:16.133 17044 17044 I SkipInfo: [SKIP_DEBUG] segment[1]: type=片尾, start=2527000ms (2527s), end=2706000ms (2706s), source=pgc_clip
05-31 12:21:16.133 17044 17044 I SkipInfo: [SKIP_DEBUG] OUTRO check: t=176275ms >= start=2527000ms ? false, t < end=2706000ms ? true, outroPromptShown=false
05-31 12:21:16.133 17044 17044 I SkipInfo: [SKIP_DEBUG] checkSkip END, no action taken
05-31 12:21:16.148 17044 17044 I SkipInfo: [SKIP_DEBUG] ========== checkSkip START ==========
05-31 12:21:16.148 17044 17044 I SkipInfo: [SKIP_DEBUG] current position t=176296ms (176s)
05-31 12:21:16.148 17044 17044 I SkipInfo: [SKIP_DEBUG] skips count=2
05-31 12:21:16.149 17044 17044 I SkipInfo: [SKIP_DEBUG] introSkipped=true, outroPromptShown=false, userSeekedToIntro=false
05-31 12:21:16.149 17044 17044 I SkipInfo: [SKIP_DEBUG] segment[0]: type=片头, start=0ms (0s), end=175000ms (175s), source=pgc_clip
05-31 12:21:16.149 17044 17044 I SkipInfo: [SKIP_DEBUG] INTRO not triggered: introSkipped=true, userSeekedToIntro=false, tInRange=false
05-31 12:21:16.149 17044 17044 I SkipInfo: [SKIP_DEBUG] segment[1]: type=片尾, start=2527000ms (2527s), end=2706000ms (2706s), source=pgc_clip
05-31 12:21:16.149 17044 17044 I SkipInfo: [SKIP_DEBUG] OUTRO check: t=176296ms >= start=2527000ms ? false, t < end=2706000ms ? true, outroPromptShown=false
05-31 12:21:16.149 17044 17044 I SkipInfo: [SKIP_DEBUG] checkSkip END, no action taken
05-31 12:21:16.165 17044 17044 I SkipInfo: [SKIP_DEBUG] ========== checkSkip START ==========
05-31 12:21:16.165 17044 17044 I SkipInfo: [SKIP_DEBUG] current position t=176312ms (176s)
05-31 12:21:16.165 17044 17044 I SkipInfo: [SKIP_DEBUG] skips count=2
05-31 12:21:16.165 17044 17044 I SkipInfo: [SKIP_DEBUG] introSkipped=true, outroPromptShown=false, userSeekedToIntro=false
05-31 12:21:16.165 17044 17044 I SkipInfo: [SKIP_DEBUG] segment[0]: type=片头, start=0ms (0s), end=175000ms (175s), source=pgc_clip
05-31 12:21:16.165 17044 17044 I SkipInfo: [SKIP_DEBUG] INTRO not triggered: introSkipped=true, userSeekedToIntro=false, tInRange=false
05-31 12:21:16.165 17044 17044 I SkipInfo: [SKIP_DEBUG] segment[1]: type=片尾, start=2527000ms (2527s), end=2706000ms (2706s), source=pgc_clip
05-31 12:21:16.165 17044 17044 I SkipInfo: [SKIP_DEBUG] OUTRO check: t=176312ms >= start=2527000ms ? false, t < end=2706000ms ? true, outroPromptShown=false
05-31 12:21:16.165 17044 17044 I SkipInfo: [SKIP_DEBUG] checkSkip END, no action taken
05-31 12:21:16.182 17044 17044 I SkipInfo: [SKIP_DEBUG] ========== checkSkip START ==========
05-31 12:21:16.182 17044 17044 I SkipInfo: [SKIP_DEBUG] current position t=176327ms (176s)
05-31 12:21:16.182 17044 17044 I SkipInfo: [SKIP_DEBUG] skips count=2
05-31 12:21:16.182 17044 17044 I SkipInfo: [SKIP_DEBUG] introSkipped=true, outroPromptShown=false, userSeekedToIntro=false
05-31 12:21:16.182 17044 17044 I SkipInfo: [SKIP_DEBUG] segment[0]: type=片头, start=0ms (0s), end=175000ms (175s), source=pgc_clip
05-31 12:21:16.182 17044 17044 I SkipInfo: [SKIP_DEBUG] INTRO not triggered: introSkipped=true, userSeekedToIntro=false, tInRange=false
05-31 12:21:16.182 17044 17044 I SkipInfo: [SKIP_DEBUG] segment[1]: type=片尾, start=2527000ms (2527s), end=2706000ms (2706s), source=pgc_clip
05-31 12:21:16.182 17044 17044 I SkipInfo: [SKIP_DEBUG] OUTRO check: t=176327ms >= start=2527000ms ? false, t < end=2706000ms ? true, outroPromptShown=false
05-31 12:21:16.182 17044 17044 I SkipInfo: [SKIP_DEBUG] checkSkip END, no action taken
05-31 12:21:16.201 17044 17044 I SkipInfo: [SKIP_DEBUG] ========== checkSkip START ==========
05-31 12:21:16.201 17044 17044 I SkipInfo: [SKIP_DEBUG] current position t=176342ms (176s)
05-31 12:21:16.201 17044 17044 I SkipInfo: [SKIP_DEBUG] skips count=2
05-31 12:21:16.201 17044 17044 I SkipInfo: [SKIP_DEBUG] introSkipped=true, outroPromptShown=false, userSeekedToIntro=false
05-31 12:21:16.201 17044 17044 I SkipInfo: [SKIP_DEBUG] segment[0]: type=片头, start=0ms (0s), end=175000ms (175s), source=pgc_clip
05-31 12:21:16.201 17044 17044 I SkipInfo: [SKIP_DEBUG] INTRO not triggered: introSkipped=true, userSeekedToIntro=false, tInRange=false
05-31 12:21:16.201 17044 17044 I SkipInfo: [SKIP_DEBUG] segment[1]: type=片尾, start=2527000ms (2527s), end=2706000ms (2706s), source=pgc_clip
05-31 12:21:16.201 17044 17044 I SkipInfo: [SKIP_DEBUG] OUTRO check: t=176342ms >= start=2527000ms ? false, t < end=2706000ms ? true, outroPromptShown=false
05-31 12:21:16.201 17044 17044 I SkipInfo: [SKIP_DEBUG] checkSkip END, no action taken
05-31 12:21:16.215 17044 17044 I SkipInfo: [SKIP_DEBUG] ========== checkSkip START ==========
05-31 12:21:16.216 17044 17044 I SkipInfo: [SKIP_DEBUG] current position t=176355ms (176s)
05-31 12:21:16.216 17044 17044 I SkipInfo: [SKIP_DEBUG] skips count=2
05-31 12:21:16.216 17044 17044 I SkipInfo: [SKIP_DEBUG] introSkipped=true, outroPromptShown=false, userSeekedToIntro=false
05-31 12:21:16.216 17044 17044 I SkipInfo: [SKIP_DEBUG] segment[0]: type=片头, start=0ms (0s), end=175000ms (175s), source=pgc_clip
05-31 12:21:16.216 17044 17044 I SkipInfo: [SKIP_DEBUG] INTRO not triggered: introSkipped=true, userSeekedToIntro=false, tInRange=false
05-31 12:21:16.216 17044 17044 I SkipInfo: [SKIP_DEBUG] segment[1]: type=片尾, start=2527000ms (2527s), end=2706000ms (2706s), source=pgc_clip
05-31 12:21:16.216 17044 17044 I SkipInfo: [SKIP_DEBUG] OUTRO check: t=176355ms >= start=2527000ms ? false, t < end=2706000ms ? true, outroPromptShown=false
05-31 12:21:16.216 17044 17044 I SkipInfo: [SKIP_DEBUG] checkSkip END, no action taken
05-31 12:21:16.232 17044 17044 I SkipInfo: [SKIP_DEBUG] ========== checkSkip START ==========
05-31 12:21:16.232 17044 17044 I SkipInfo: [SKIP_DEBUG] current position t=176372ms (176s)
05-31 12:21:16.232 17044 17044 I SkipInfo: [SKIP_DEBUG] skips count=2
05-31 12:21:16.232 17044 17044 I SkipInfo: [SKIP_DEBUG] introSkipped=true, outroPromptShown=false, userSeekedToIntro=false
05-31 12:21:16.232 17044 17044 I SkipInfo: [SKIP_DEBUG] segment[0]: type=片头, start=0ms (0s), end=175000ms (175s), source=pgc_clip
05-31 12:21:16.232 17044 17044 I SkipInfo: [SKIP_DEBUG] INTRO not triggered: introSkipped=true, userSeekedToIntro=false, tInRange=false
05-31 12:21:16.232 17044 17044 I SkipInfo: [SKIP_DEBUG] segment[1]: type=片尾, start=2527000ms (2527s), end=2706000ms (2706s), source=pgc_clip
05-31 12:21:16.232 17044 17044 I SkipInfo: [SKIP_DEBUG] OUTRO check: t=176372ms >= start=2527000ms ? false, t < end=2706000ms ? true, outroPromptShown=false
05-31 12:21:16.232 17044 17044 I SkipInfo: [SKIP_DEBUG] checkSkip END, no action taken
05-31 12:21:16.250 17044 17044 I SkipInfo: [SKIP_DEBUG] ========== checkSkip START ==========
05-31 12:21:16.250 17044 17044 I SkipInfo: [SKIP_DEBUG] current position t=176389ms (176s)
05-31 12:21:16.250 17044 17044 I SkipInfo: [SKIP_DEBUG] skips count=2
05-31 12:21:16.250 17044 17044 I SkipInfo: [SKIP_DEBUG] introSkipped=true, outroPromptShown=false, userSeekedToIntro=false
05-31 12:21:16.250 17044 17044 I SkipInfo: [SKIP_DEBUG] segment[0]: type=片头, start=0ms (0s), end=175000ms (175s), source=pgc_clip
05-31 12:21:16.250 17044 17044 I SkipInfo: [SKIP_DEBUG] INTRO not triggered: introSkipped=true, userSeekedToIntro=false, tInRange=false
05-31 12:21:16.250 17044 17044 I SkipInfo: [SKIP_DEBUG] segment[1]: type=片尾, start=2527000ms (2527s), end=2706000ms (2706s), source=pgc_clip
05-31 12:21:16.250 17044 17044 I SkipInfo: [SKIP_DEBUG] OUTRO check: t=176389ms >= start=2527000ms ? false, t < end=2706000ms ? true, outroPromptShown=false
05-31 12:21:16.250 17044 17044 I SkipInfo: [SKIP_DEBUG] checkSkip END, no action taken
05-31 12:21:16.265 17044 17044 I SkipInfo: [SKIP_DEBUG] ========== checkSkip START ==========
05-31 12:21:16.265 17044 17044 I SkipInfo: [SKIP_DEBUG] current position t=176403ms (176s)
05-31 12:21:16.265 17044 17044 I SkipInfo: [SKIP_DEBUG] skips count=2
05-31 12:21:16.265 17044 17044 I SkipInfo: [SKIP_DEBUG] introSkipped=true, outroPromptShown=false, userSeekedToIntro=false
05-31 12:21:16.265 17044 17044 I SkipInfo: [SKIP_DEBUG] segment[0]: type=片头, start=0ms (0s), end=175000ms (175s), source=pgc_clip
05-31 12:21:16.265 17044 17044 I SkipInfo: [SKIP_DEBUG] INTRO not triggered: introSkipped=true, userSeekedToIntro=false, tInRange=false
05-31 12:21:16.265 17044 17044 I SkipInfo: [SKIP_DEBUG] segment[1]: type=片尾, start=2527000ms (2527s), end=2706000ms (2706s), source=pgc_clip
05-31 12:21:16.265 17044 17044 I SkipInfo: [SKIP_DEBUG] OUTRO check: t=176403ms >= start=2527000ms ? false, t < end=2706000ms ? true, outroPromptShown=false
05-31 12:21:16.265 17044 17044 I SkipInfo: [SKIP_DEBUG] checkSkip END, no action taken
05-31 12:21:16.280 17044 17044 W RenderThread: type=1400 audit(0.0:258620): avc: denied { search } for name="/" dev="mmcblk0p34" ino=2 scontext=u:r:untrusted_app_27:s0:c512,c768 tcontext=u:object_r:userdata_file:s0 tclass=dir permissive=0 app=uii.ang.bilitv
05-31 12:21:16.283 17044 17044 I SkipInfo: [SKIP_DEBUG] ========== checkSkip START ==========
05-31 12:21:16.283 17044 17044 I SkipInfo: [SKIP_DEBUG] current position t=176416ms (176s)
05-31 12:21:16.283 17044 17044 I SkipInfo: [SKIP_DEBUG] skips count=2
05-31 12:21:16.283 17044 17044 I SkipInfo: [SKIP_DEBUG] introSkipped=true, outroPromptShown=false, userSeekedToIntro=false
05-31 12:21:16.283 17044 17044 I SkipInfo: [SKIP_DEBUG] segment[0]: type=片头, start=0ms (0s), end=175000ms (175s), source=pgc_clip
05-31 12:21:16.283 17044 17044 I SkipInfo: [SKIP_DEBUG] INTRO not triggered: introSkipped=true, userSeekedToIntro=false, tInRange=false
05-31 12:21:16.283 17044 17044 I SkipInfo: [SKIP_DEBUG] segment[1]: type=片尾, start=2527000ms (2527s), end=2706000ms (2706s), source=pgc_clip
05-31 12:21:16.283 17044 17044 I SkipInfo: [SKIP_DEBUG] OUTRO check: t=176416ms >= start=2527000ms ? false, t < end=2706000ms ? true, outroPromptShown=false
05-31 12:21:16.283 17044 17044 I SkipInfo: [SKIP_DEBUG] checkSkip END, no action taken
05-31 12:21:16.284 17044 17044 W RenderThread: type=1400 audit(0.0:258621): avc: denied { search } for name="/" dev="mmcblk0p34" ino=2 scontext=u:r:untrusted_app_27:s0:c512,c768 tcontext=u:object_r:userdata_file:s0 tclass=dir permissive=0 app=uii.ang.bilitv
05-31 12:21:16.284 17044 17044 W uii.ang.bilitv: type=1400 audit(0.0:258622): avc: denied { search } for comm=44464D2048616E646C657220546872 name="/" dev="mmcblk0p34" ino=2 scontext=u:r:untrusted_app_27:s0:c512,c768 tcontext=u:object_r:userdata_file:s0 tclass=dir permissive=0 app=uii.ang.bilitv
05-31 12:21:16.288 17044 17044 W uii.ang.bilitv: type=1400 audit(0.0:258623): avc: denied { search } for name="/" dev="mmcblk0p34" ino=2 scontext=u:r:untrusted_app_27:s0:c512,c768 tcontext=u:object_r:userdata_file:s0 tclass=dir permissive=0 app=uii.ang.bilitv
05-31 12:21:16.300 17044 17044 W uii.ang.bilitv: type=1400 audit(0.0:258624): avc: denied { search } for name="/" dev="mmcblk0p34" ino=2 scontext=u:r:untrusted_app_27:s0:c512,c768 tcontext=u:object_r:userdata_file:s0 tclass=dir permissive=0 app=uii.ang.bilitv
05-31 12:21:16.306 17044 17044 I SkipInfo: [SKIP_DEBUG] ========== checkSkip START ==========
05-31 12:21:16.306 17044 17044 I SkipInfo: [SKIP_DEBUG] current position t=176427ms (176s)
05-31 12:21:16.306 17044 17044 I SkipInfo: [SKIP_DEBUG] skips count=2
05-31 12:21:16.306 17044 17044 I SkipInfo: [SKIP_DEBUG] introSkipped=true, outroPromptShown=false, userSeekedToIntro=false
05-31 12:21:16.306 17044 17044 I SkipInfo: [SKIP_DEBUG] segment[0]: type=片头, start=0ms (0s), end=175000ms (175s), source=pgc_clip
05-31 12:21:16.307 17044 17044 I SkipInfo: [SKIP_DEBUG] INTRO not triggered: introSkipped=true, userSeekedToIntro=false, tInRange=false
05-31 12:21:16.307 17044 17044 I SkipInfo: [SKIP_DEBUG] segment[1]: type=片尾, start=2527000ms (2527s), end=2706000ms (2706s), source=pgc_clip
05-31 12:21:16.307 17044 17044 I SkipInfo: [SKIP_DEBUG] OUTRO check: t=176427ms >= start=2527000ms ? false, t < end=2706000ms ? true, outroPromptShown=false
05-31 12:21:16.307 17044 17044 I SkipInfo: [SKIP_DEBUG] checkSkip END, no action taken
05-31 12:21:16.317 17044 17044 I SkipInfo: [SKIP_DEBUG] ========== checkSkip START ==========
05-31 12:21:16.317 17044 17044 I SkipInfo: [SKIP_DEBUG] current position t=176442ms (176s)
05-31 12:21:16.317 17044 17044 I SkipInfo: [SKIP_DEBUG] skips count=2
05-31 12:21:16.317 17044 17044 I SkipInfo: [SKIP_DEBUG] introSkipped=true, outroPromptShown=false, userSeekedToIntro=false
05-31 12:21:16.317 17044 17044 I SkipInfo: [SKIP_DEBUG] segment[0]: type=片头, start=0ms (0s), end=175000ms (175s), source=pgc_clip
05-31 12:21:16.317 17044 17044 I SkipInfo: [SKIP_DEBUG] INTRO not triggered: introSkipped=true, userSeekedToIntro=false, tInRange=false
05-31 12:21:16.317 17044 17044 I SkipInfo: [SKIP_DEBUG] segment[1]: type=片尾, start=2527000ms (2527s), end=2706000ms (2706s), source=pgc_clip
05-31 12:21:16.317 17044 17044 I SkipInfo: [SKIP_DEBUG] OUTRO check: t=176442ms >= start=2527000ms ? false, t < end=2706000ms ? true, outroPromptShown=false
05-31 12:21:16.317 17044 17044 I SkipInfo: [SKIP_DEBUG] checkSkip END, no action taken
05-31 12:21:16.333 17044 17044 I SkipInfo: [SKIP_DEBUG] ========== checkSkip START ==========
05-31 12:21:16.333 17044 17044 I SkipInfo: [SKIP_DEBUG] current position t=176463ms (176s)
05-31 12:21:16.333 17044 17044 I SkipInfo: [SKIP_DEBUG] skips count=2
05-31 12:21:16.333 17044 17044 I SkipInfo: [SKIP_DEBUG] introSkipped=true, outroPromptShown=false, userSeekedToIntro=false
05-31 12:21:16.333 17044 17044 I SkipInfo: [SKIP_DEBUG] segment[0]: type=片头, start=0ms (0s), end=175000ms (175s), source=pgc_clip
05-31 12:21:16.333 17044 17044 I SkipInfo: [SKIP_DEBUG] INTRO not triggered: introSkipped=true, userSeekedToIntro=false, tInRange=false
05-31 12:21:16.333 17044 17044 I SkipInfo: [SKIP_DEBUG] segment[1]: type=片尾, start=2527000ms (2527s), end=2706000ms (2706s), source=pgc_clip
05-31 12:21:16.333 17044 17044 I SkipInfo: [SKIP_DEBUG] OUTRO check: t=176463ms >= start=2527000ms ? false, t < end=2706000ms ? true, outroPromptShown=false
05-31 12:21:16.333 17044 17044 I SkipInfo: [SKIP_DEBUG] checkSkip END, no action taken
05-31 12:21:16.349 17044 17044 I SkipInfo: [SKIP_DEBUG] ========== checkSkip START ==========
05-31 12:21:16.349 17044 17044 I SkipInfo: [SKIP_DEBUG] current position t=176478ms (176s)
05-31 12:21:16.349 17044 17044 I SkipInfo: [SKIP_DEBUG] skips count=2
05-31 12:21:16.349 17044 17044 I SkipInfo: [SKIP_DEBUG] introSkipped=true, outroPromptShown=false, userSeekedToIntro=false
05-31 12:21:16.349 17044 17044 I SkipInfo: [SKIP_DEBUG] segment[0]: type=片头, start=0ms (0s), end=175000ms (175s), source=pgc_clip
05-31 12:21:16.349 17044 17044 I SkipInfo: [SKIP_DEBUG] INTRO not triggered: introSkipped=true, userSeekedToIntro=false, tInRange=false
05-31 12:21:16.349 17044 17044 I SkipInfo: [SKIP_DEBUG] segment[1]: type=片尾, start=2527000ms (2527s), end=2706000ms (2706s), source=pgc_clip
05-31 12:21:16.349 17044 17044 I SkipInfo: [SKIP_DEBUG] OUTRO check: t=176478ms >= start=2527000ms ? false, t < end=2706000ms ? true, outroPromptShown=false
05-31 12:21:16.349 17044 17044 I SkipInfo: [SKIP_DEBUG] checkSkip END, no action taken
05-31 12:21:16.365 17044 17044 I SkipInfo: [SKIP_DEBUG] ========== checkSkip START ==========
05-31 12:21:16.365 17044 17044 I SkipInfo: [SKIP_DEBUG] current position t=176495ms (176s)
05-31 12:21:16.365 17044 17044 I SkipInfo: [SKIP_DEBUG] skips count=2
05-31 12:21:16.365 17044 17044 I SkipInfo: [SKIP_DEBUG] introSkipped=true, outroPromptShown=false, userSeekedToIntro=false
05-31 12:21:16.365 17044 17044 I SkipInfo: [SKIP_DEBUG] segment[0]: type=片头, start=0ms (0s), end=175000ms (175s), source=pgc_clip
05-31 12:21:16.365 17044 17044 I SkipInfo: [SKIP_DEBUG] INTRO not triggered: introSkipped=true, userSeekedToIntro=false, tInRange=false
05-31 12:21:16.365 17044 17044 I SkipInfo: [SKIP_DEBUG] segment[1]: type=片尾, start=2527000ms (2527s), end=2706000ms (2706s), source=pgc_clip
05-31 12:21:16.365 17044 17044 I SkipInfo: [SKIP_DEBUG] OUTRO check: t=176495ms >= start=2527000ms ? false, t < end=2706000ms ? true, outroPromptShown=false
05-31 12:21:16.365 17044 17044 I SkipInfo: [SKIP_DEBUG] checkSkip END, no action taken
05-31 12:21:16.382 17044 17044 I SkipInfo: [SKIP_DEBUG] ========== checkSkip START ==========
05-31 12:21:16.382 17044 17044 I SkipInfo: [SKIP_DEBUG] current position t=176512ms (176s)
05-31 12:21:16.382 17044 17044 I SkipInfo: [SKIP_DEBUG] skips count=2
05-31 12:21:16.382 17044 17044 I SkipInfo: [SKIP_DEBUG] introSkipped=true, outroPromptShown=false, userSeekedToIntro=false
05-31 12:21:16.382 17044 17044 I SkipInfo: [SKIP_DEBUG] segment[0]: type=片头, start=0ms (0s), end=175000ms (175s), source=pgc_clip
05-31 12:21:16.382 17044 17044 I SkipInfo: [SKIP_DEBUG] INTRO not triggered: introSkipped=true, userSeekedToIntro=false, tInRange=false
05-31 12:21:16.382 17044 17044 I SkipInfo: [SKIP_DEBUG] segment[1]: type=片尾, start=2527000ms (2527s), end=2706000ms (2706s), source=pgc_clip
05-31 12:21:16.382 17044 17044 I SkipInfo: [SKIP_DEBUG] OUTRO check: t=176512ms >= start=2527000ms ? false, t < end=2706000ms ? true, outroPromptShown=false
05-31 12:21:16.382 17044 17044 I SkipInfo: [SKIP_DEBUG] checkSkip END, no action taken
05-31 12:21:16.398 17044 17044 I SkipInfo: [SKIP_DEBUG] ========== checkSkip START ==========
05-31 12:21:16.399 17044 17044 I SkipInfo: [SKIP_DEBUG] current position t=176526ms (176s)
05-31 12:21:16.399 17044 17044 I SkipInfo: [SKIP_DEBUG] skips count=2
05-31 12:21:16.399 17044 17044 I SkipInfo: [SKIP_DEBUG] introSkipped=true, outroPromptShown=false, userSeekedToIntro=false
05-31 12:21:16.399 17044 17044 I SkipInfo: [SKIP_DEBUG] segment[0]: type=片头, start=0ms (0s), end=175000ms (175s), source=pgc_clip
05-31 12:21:16.399 17044 17044 I SkipInfo: [SKIP_DEBUG] INTRO not triggered: introSkipped=true, userSeekedToIntro=false, tInRange=false
05-31 12:21:16.399 17044 17044 I SkipInfo: [SKIP_DEBUG] segment[1]: type=片尾, start=2527000ms (2527s), end=2706000ms (2706s), source=pgc_clip
05-31 12:21:16.399 17044 17044 I SkipInfo: [SKIP_DEBUG] OUTRO check: t=176526ms >= start=2527000ms ? false, t < end=2706000ms ? true, outroPromptShown=false
05-31 12:21:16.399 17044 17044 I SkipInfo: [SKIP_DEBUG] checkSkip END, no action taken
05-31 12:21:16.415 17044 17044 I SkipInfo: [SKIP_DEBUG] ========== checkSkip START ==========
05-31 12:21:16.415 17044 17044 I SkipInfo: [SKIP_DEBUG] current position t=176540ms (176s)
05-31 12:21:16.415 17044 17044 I SkipInfo: [SKIP_DEBUG] skips count=2
05-31 12:21:16.415 17044 17044 I SkipInfo: [SKIP_DEBUG] introSkipped=true, outroPromptShown=false, userSeekedToIntro=false
05-31 12:21:16.415 17044 17044 I SkipInfo: [SKIP_DEBUG] segment[0]: type=片头, start=0ms (0s), end=175000ms (175s), source=pgc_clip
05-31 12:21:16.415 17044 17044 I SkipInfo: [SKIP_DEBUG] INTRO not triggered: introSkipped=true, userSeekedToIntro=false, tInRange=false
05-31 12:21:16.415 17044 17044 I SkipInfo: [SKIP_DEBUG] segment[1]: type=片尾, start=2527000ms (2527s), end=2706000ms (2706s), source=pgc_clip
05-31 12:21:16.415 17044 17044 I SkipInfo: [SKIP_DEBUG] OUTRO check: t=176540ms >= start=2527000ms ? false, t < end=2706000ms ? true, outroPromptShown=false
05-31 12:21:16.416 17044 17044 I SkipInfo: [SKIP_DEBUG] checkSkip END, no action taken
05-31 12:21:16.432 17044 17044 I SkipInfo: [SKIP_DEBUG] ========== checkSkip START ==========
05-31 12:21:16.432 17044 17044 I SkipInfo: [SKIP_DEBUG] current position t=176558ms (176s)
05-31 12:21:16.432 17044 17044 I SkipInfo: [SKIP_DEBUG] skips count=2
05-31 12:21:16.432 17044 17044 I SkipInfo: [SKIP_DEBUG] introSkipped=true, outroPromptShown=false, userSeekedToIntro=false
05-31 12:21:16.432 17044 17044 I SkipInfo: [SKIP_DEBUG] segment[0]: type=片头, start=0ms (0s), end=175000ms (175s), source=pgc_clip
05-31 12:21:16.432 17044 17044 I SkipInfo: [SKIP_DEBUG] INTRO not triggered: introSkipped=true, userSeekedToIntro=false, tInRange=false
05-31 12:21:16.432 17044 17044 I SkipInfo: [SKIP_DEBUG] segment[1]: type=片尾, start=2527000ms (2527s), end=2706000ms (2706s), source=pgc_clip
05-31 12:21:16.432 17044 17044 I SkipInfo: [SKIP_DEBUG] OUTRO check: t=176558ms >= start=2527000ms ? false, t < end=2706000ms ? true, outroPromptShown=false
05-31 12:21:16.432 17044 17044 I SkipInfo: [SKIP_DEBUG] checkSkip END, no action taken
05-31 12:21:16.450 17044 17044 I SkipInfo: [SKIP_DEBUG] ========== checkSkip START ==========
05-31 12:21:16.450 17044 17044 I SkipInfo: [SKIP_DEBUG] current position t=176572ms (176s)
05-31 12:21:16.450 17044 17044 I SkipInfo: [SKIP_DEBUG] skips count=2
05-31 12:21:16.450 17044 17044 I SkipInfo: [SKIP_DEBUG] introSkipped=true, outroPromptShown=false, userSeekedToIntro=false
05-31 12:21:16.450 17044 17044 I SkipInfo: [SKIP_DEBUG] segment[0]: type=片头, start=0ms (0s), end=175000ms (175s), source=pgc_clip
05-31 12:21:16.450 17044 17044 I SkipInfo: [SKIP_DEBUG] INTRO not triggered: introSkipped=true, userSeekedToIntro=false, tInRange=false
05-31 12:21:16.450 17044 17044 I SkipInfo: [SKIP_DEBUG] segment[1]: type=片尾, start=2527000ms (2527s), end=2706000ms (2706s), source=pgc_clip
05-31 12:21:16.450 17044 17044 I SkipInfo: [SKIP_DEBUG] OUTRO check: t=176572ms >= start=2527000ms ? false, t < end=2706000ms ? true, outroPromptShown=false
05-31 12:21:16.450 17044 17044 I SkipInfo: [SKIP_DEBUG] checkSkip END, no action taken
05-31 12:21:16.465 17044 17044 I SkipInfo: [SKIP_DEBUG] ========== checkSkip START ==========
05-31 12:21:16.465 17044 17044 I SkipInfo: [SKIP_DEBUG] current position t=176585ms (176s)
05-31 12:21:16.465 17044 17044 I SkipInfo: [SKIP_DEBUG] skips count=2
05-31 12:21:16.465 17044 17044 I SkipInfo: [SKIP_DEBUG] introSkipped=true, outroPromptShown=false, userSeekedToIntro=false
05-31 12:21:16.466 17044 17044 I SkipInfo: [SKIP_DEBUG] segment[0]: type=片头, start=0ms (0s), end=175000ms (175s), source=pgc_clip
05-31 12:21:16.466 17044 17044 I SkipInfo: [SKIP_DEBUG] INTRO not triggered: introSkipped=true, userSeekedToIntro=false, tInRange=false
05-31 12:21:16.466 17044 17044 I SkipInfo: [SKIP_DEBUG] segment[1]: type=片尾, start=2527000ms (2527s), end=2706000ms (2706s), source=pgc_clip
05-31 12:21:16.466 17044 17044 I SkipInfo: [SKIP_DEBUG] OUTRO check: t=176585ms >= start=2527000ms ? false, t < end=2706000ms ? true, outroPromptShown=false
05-31 12:21:16.466 17044 17044 I SkipInfo: [SKIP_DEBUG] checkSkip END, no action taken
05-31 12:21:16.474 17044 17044 I ExoPlayerImpl: [LOADING] onLoadingChanged=false
05-31 12:21:16.474 17044 17044 I ExoPlayerImpl: [LOADING] isLoading=false, position=175754ms
05-31 12:21:16.485 17044 17044 I SkipInfo: [SKIP_DEBUG] ========== checkSkip START ==========
05-31 12:21:16.486 17044 17044 I SkipInfo: [SKIP_DEBUG] current position t=176603ms (176s)
05-31 12:21:16.486 17044 17044 I SkipInfo: [SKIP_DEBUG] skips count=2
05-31 12:21:16.486 17044 17044 I SkipInfo: [SKIP_DEBUG] introSkipped=true, outroPromptShown=false, userSeekedToIntro=false
05-31 12:21:16.486 17044 17044 I SkipInfo: [SKIP_DEBUG] segment[0]: type=片头, start=0ms (0s), end=175000ms (175s), source=pgc_clip
05-31 12:21:16.486 17044 17044 I SkipInfo: [SKIP_DEBUG] INTRO not triggered: introSkipped=true, userSeekedToIntro=false, tInRange=false
05-31 12:21:16.486 17044 17044 I SkipInfo: [SKIP_DEBUG] segment[1]: type=片尾, start=2527000ms (2527s), end=2706000ms (2706s), source=pgc_clip
05-31 12:21:16.486 17044 17044 I SkipInfo: [SKIP_DEBUG] OUTRO check: t=176603ms >= start=2527000ms ? false, t < end=2706000ms ? true, outroPromptShown=false
05-31 12:21:16.486 17044 17044 I SkipInfo: [SKIP_DEBUG] checkSkip END, no action taken
05-31 12:21:16.487 17044 18297 I MediaCodec: [0xb402a200][ROB]V, ROB:20/s, ROB num:8606
05-31 12:21:16.490 17044 17044 I SkipInfo: [SKIP_DEBUG] ========== checkSkip START ==========
05-31 12:21:16.490 17044 17044 I SkipInfo: [SKIP_DEBUG] current position t=176615ms (176s)
05-31 12:21:16.490 17044 17044 I SkipInfo: [SKIP_DEBUG] skips count=2
05-31 12:21:16.490 17044 17044 I SkipInfo: [SKIP_DEBUG] introSkipped=true, outroPromptShown=false, userSeekedToIntro=false
05-31 12:21:16.490 17044 17044 I SkipInfo: [SKIP_DEBUG] segment[0]: type=片头, start=0ms (0s), end=175000ms (175s), source=pgc_clip
05-31 12:21:16.490 17044 17044 I SkipInfo: [SKIP_DEBUG] INTRO not triggered: introSkipped=true, userSeekedToIntro=false, tInRange=false
05-31 12:21:16.490 17044 17044 I SkipInfo: [SKIP_DEBUG] segment[1]: type=片尾, start=2527000ms (2527s), end=2706000ms (2706s), source=pgc_clip
05-31 12:21:16.490 17044 17044 I SkipInfo: [SKIP_DEBUG] OUTRO check: t=176615ms >= start=2527000ms ? false, t < end=2706000ms ? true, outroPromptShown=false
05-31 12:21:16.490 17044 17044 I SkipInfo: [SKIP_DEBUG] checkSkip END, no action taken
05-31 12:21:16.507 17044 17044 I SkipInfo: [SKIP_DEBUG] ========== checkSkip START ==========
05-31 12:21:16.507 17044 17044 I SkipInfo: [SKIP_DEBUG] current position t=176643ms (176s)
05-31 12:21:16.507 17044 17044 I SkipInfo: [SKIP_DEBUG] skips count=2
05-31 12:21:16.507 17044 17044 I SkipInfo: [SKIP_DEBUG] introSkipped=true, outroPromptShown=false, userSeekedToIntro=false
05-31 12:21:16.507 17044 17044 I SkipInfo: [SKIP_DEBUG] segment[0]: type=片头, start=0ms (0s), end=175000ms (175s), source=pgc_clip
05-31 12:21:16.507 17044 17044 I SkipInfo: [SKIP_DEBUG] INTRO not triggered: introSkipped=true, userSeekedToIntro=false, tInRange=false
05-31 12:21:16.507 17044 17044 I SkipInfo: [SKIP_DEBUG] segment[1]: type=片尾, start=2527000ms (2527s), end=2706000ms (2706s), source=pgc_clip
05-31 12:21:16.507 17044 17044 I SkipInfo: [SKIP_DEBUG] OUTRO check: t=176643ms >= start=2527000ms ? false, t < end=2706000ms ? true, outroPromptShown=false
05-31 12:21:16.507 17044 17044 I SkipInfo: [SKIP_DEBUG] checkSkip END, no action taken
05-31 12:21:16.515 17044 17044 I SkipInfo: [SKIP_DEBUG] ========== checkSkip START ==========
05-31 12:21:16.516 17044 17044 I SkipInfo: [SKIP_DEBUG] current position t=176656ms (176s)
05-31 12:21:16.516 17044 17044 I SkipInfo: [SKIP_DEBUG] skips count=2
05-31 12:21:16.516 17044 17044 I SkipInfo: [SKIP_DEBUG] introSkipped=true, outroPromptShown=false, userSeekedToIntro=false
05-31 12:21:16.516 17044 17044 I SkipInfo: [SKIP_DEBUG] segment[0]: type=片头, start=0ms (0s), end=175000ms (175s), source=pgc_clip
05-31 12:21:16.516 17044 17044 I SkipInfo: [SKIP_DEBUG] INTRO not triggered: introSkipped=true, userSeekedToIntro=false, tInRange=false
05-31 12:21:16.516 17044 17044 I SkipInfo: [SKIP_DEBUG] segment[1]: type=片尾, start=2527000ms (2527s), end=2706000ms (2706s), source=pgc_clip
05-31 12:21:16.516 17044 17044 I SkipInfo: [SKIP_DEBUG] OUTRO check: t=176656ms >= start=2527000ms ? false, t < end=2706000ms ? true, outroPromptShown=false
05-31 12:21:16.516 17044 17044 I SkipInfo: [SKIP_DEBUG] checkSkip END, no action taken
05-31 12:21:16.532 17044 17044 I SkipInfo: [SKIP_DEBUG] ========== checkSkip START ==========
05-31 12:21:16.532 17044 17044 I SkipInfo: [SKIP_DEBUG] current position t=176681ms (176s)
05-31 12:21:16.532 17044 17044 I SkipInfo: [SKIP_DEBUG] skips count=2
05-31 12:21:16.532 17044 17044 I SkipInfo: [SKIP_DEBUG] introSkipped=true, outroPromptShown=false, userSeekedToIntro=false
05-31 12:21:16.532 17044 17044 I SkipInfo: [SKIP_DEBUG] segment[0]: type=片头, start=0ms (0s), end=175000ms (175s), source=pgc_clip
05-31 12:21:16.532 17044 17044 I SkipInfo: [SKIP_DEBUG] INTRO not triggered: introSkipped=true, userSeekedToIntro=false, tInRange=false
05-31 12:21:16.532 17044 17044 I SkipInfo: [SKIP_DEBUG] segment[1]: type=片尾, start=2527000ms (2527s), end=2706000ms (2706s), source=pgc_clip
05-31 12:21:16.532 17044 17044 I SkipInfo: [SKIP_DEBUG] OUTRO check: t=176681ms >= start=2527000ms ? false, t < end=2706000ms ? true, outroPromptShown=false
05-31 12:21:16.532 17044 17044 I SkipInfo: [SKIP_DEBUG] checkSkip END, no action taken
05-31 12:21:16.548 17044 17044 I SkipInfo: [SKIP_DEBUG] ========== checkSkip START ==========
05-31 12:21:16.548 17044 17044 I SkipInfo: [SKIP_DEBUG] current position t=176697ms (176s)
05-31 12:21:16.549 17044 17044 I SkipInfo: [SKIP_DEBUG] skips count=2
05-31 12:21:16.549 17044 17044 I SkipInfo: [SKIP_DEBUG] introSkipped=true, outroPromptShown=false, userSeekedToIntro=false
05-31 12:21:16.549 17044 17044 I SkipInfo: [SKIP_DEBUG] segment[0]: type=片头, start=0ms (0s), end=175000ms (175s), source=pgc_clip
05-31 12:21:16.549 17044 17044 I SkipInfo: [SKIP_DEBUG] INTRO not triggered: introSkipped=true, userSeekedToIntro=false, tInRange=false
05-31 12:21:16.549 17044 17044 I SkipInfo: [SKIP_DEBUG] segment[1]: type=片尾, start=2527000ms (2527s), end=2706000ms (2706s), source=pgc_clip
05-31 12:21:16.549 17044 17044 I SkipInfo: [SKIP_DEBUG] OUTRO check: t=176697ms >= start=2527000ms ? false, t < end=2706000ms ? true, outroPromptShown=false
05-31 12:21:16.549 17044 17044 I SkipInfo: [SKIP_DEBUG] checkSkip END, no action taken
05-31 12:21:16.565 17044 17044 I SkipInfo: [SKIP_DEBUG] ========== checkSkip START ==========
05-31 12:21:16.565 17044 17044 I SkipInfo: [SKIP_DEBUG] current position t=176712ms (176s)
05-31 12:21:16.565 17044 17044 I SkipInfo: [SKIP_DEBUG] skips count=2
05-31 12:21:16.565 17044 17044 I SkipInfo: [SKIP_DEBUG] introSkipped=true, outroPromptShown=false, userSeekedToIntro=false
05-31 12:21:16.565 17044 17044 I SkipInfo: [SKIP_DEBUG] segment[0]: type=片头, start=0ms (0s), end=175000ms (175s), source=pgc_clip
05-31 12:21:16.565 17044 17044 I SkipInfo: [SKIP_DEBUG] INTRO not triggered: introSkipped=true, userSeekedToIntro=false, tInRange=false
05-31 12:21:16.565 17044 17044 I SkipInfo: [SKIP_DEBUG] segment[1]: type=片尾, start=2527000ms (2527s), end=2706000ms (2706s), source=pgc_clip
05-31 12:21:16.565 17044 17044 I SkipInfo: [SKIP_DEBUG] OUTRO check: t=176712ms >= start=2527000ms ? false, t < end=2706000ms ? true, outroPromptShown=false
05-31 12:21:16.565 17044 17044 I SkipInfo: [SKIP_DEBUG] checkSkip END, no action taken
05-31 12:21:16.582 17044 17044 I SkipInfo: [SKIP_DEBUG] ========== checkSkip START ==========
05-31 12:21:16.582 17044 17044 I SkipInfo: [SKIP_DEBUG] current position t=176728ms (176s)
05-31 12:21:16.582 17044 17044 I SkipInfo: [SKIP_DEBUG] skips count=2
05-31 12:21:16.582 17044 17044 I SkipInfo: [SKIP_DEBUG] introSkipped=true, outroPromptShown=false, userSeekedToIntro=false
05-31 12:21:16.582 17044 17044 I SkipInfo: [SKIP_DEBUG] segment[0]: type=片头, start=0ms (0s), end=175000ms (175s), source=pgc_clip
05-31 12:21:16.582 17044 17044 I SkipInfo: [SKIP_DEBUG] INTRO not triggered: introSkipped=true, userSeekedToIntro=false, tInRange=false
05-31 12:21:16.582 17044 17044 I SkipInfo: [SKIP_DEBUG] segment[1]: type=片尾, start=2527000ms (2527s), end=2706000ms (2706s), source=pgc_clip
05-31 12:21:16.582 17044 17044 I SkipInfo: [SKIP_DEBUG] OUTRO check: t=176728ms >= start=2527000ms ? false, t < end=2706000ms ? true, outroPromptShown=false
05-31 12:21:16.582 17044 17044 I SkipInfo: [SKIP_DEBUG] checkSkip END, no action taken
05-31 12:21:16.590 17044 17044 I SkipInfo: [SKIP_DEBUG] ========== checkSkip START ==========
05-31 12:21:16.590 17044 17044 I SkipInfo: [SKIP_DEBUG] current position t=176741ms (176s)
05-31 12:21:16.590 17044 17044 I SkipInfo: [SKIP_DEBUG] skips count=2
05-31 12:21:16.590 17044 17044 I SkipInfo: [SKIP_DEBUG] introSkipped=true, outroPromptShown=false, userSeekedToIntro=false
05-31 12:21:16.590 17044 17044 I SkipInfo: [SKIP_DEBUG] segment[0]: type=片头, start=0ms (0s), end=175000ms (175s), source=pgc_clip
05-31 12:21:16.590 17044 17044 I SkipInfo: [SKIP_DEBUG] INTRO not triggered: introSkipped=true, userSeekedToIntro=false, tInRange=false
05-31 12:21:16.590 17044 17044 I SkipInfo: [SKIP_DEBUG] segment[1]: type=片尾, start=2527000ms (2527s), end=2706000ms (2706s), source=pgc_clip
05-31 12:21:16.590 17044 17044 I SkipInfo: [SKIP_DEBUG] OUTRO check: t=176741ms >= start=2527000ms ? false, t < end=2706000ms ? true, outroPromptShown=false
05-31 12:21:16.590 17044 17044 I SkipInfo: [SKIP_DEBUG] checkSkip END, no action taken
05-31 12:21:16.607 17044 17044 I SkipInfo: [SKIP_DEBUG] ========== checkSkip START ==========
05-31 12:21:16.607 17044 17044 I SkipInfo: [SKIP_DEBUG] current position t=176767ms (176s)
05-31 12:21:16.607 17044 17044 I SkipInfo: [SKIP_DEBUG] skips count=2
05-31 12:21:16.607 17044 17044 I SkipInfo: [SKIP_DEBUG] introSkipped=true, outroPromptShown=false, userSeekedToIntro=false
05-31 12:21:16.607 17044 17044 I SkipInfo: [SKIP_DEBUG] segment[0]: type=片头, start=0ms (0s), end=175000ms (175s), source=pgc_clip
05-31 12:21:16.607 17044 17044 I SkipInfo: [SKIP_DEBUG] INTRO not triggered: introSkipped=true, userSeekedToIntro=false, tInRange=false
05-31 12:21:16.607 17044 17044 I SkipInfo: [SKIP_DEBUG] segment[1]: type=片尾, start=2527000ms (2527s), end=2706000ms (2706s), source=pgc_clip
05-31 12:21:16.607 17044 17044 I SkipInfo: [SKIP_DEBUG] OUTRO check: t=176767ms >= start=2527000ms ? false, t < end=2706000ms ? true, outroPromptShown=false
05-31 12:21:16.607 17044 17044 I SkipInfo: [SKIP_DEBUG] checkSkip END, no action taken
05-31 12:21:16.615 17044 17044 I SkipInfo: [SKIP_DEBUG] ========== checkSkip START ==========
05-31 12:21:16.615 17044 17044 I SkipInfo: [SKIP_DEBUG] current position t=176781ms (176s)
05-31 12:21:16.615 17044 17044 I SkipInfo: [SKIP_DEBUG] skips count=2
05-31 12:21:16.615 17044 17044 I SkipInfo: [SKIP_DEBUG] introSkipped=true, outroPromptShown=false, userSeekedToIntro=false
05-31 12:21:16.615 17044 17044 I SkipInfo: [SKIP_DEBUG] segment[0]: type=片头, start=0ms (0s), end=175000ms (175s), source=pgc_clip
05-31 12:21:16.615 17044 17044 I SkipInfo: [SKIP_DEBUG] INTRO not triggered: introSkipped=true, userSeekedToIntro=false, tInRange=false
05-31 12:21:16.615 17044 17044 I SkipInfo: [SKIP_DEBUG] segment[1]: type=片尾, start=2527000ms (2527s), end=2706000ms (2706s), source=pgc_clip
05-31 12:21:16.615 17044 17044 I SkipInfo: [SKIP_DEBUG] OUTRO check: t=176781ms >= start=2527000ms ? false, t < end=2706000ms ? true, outroPromptShown=false
05-31 12:21:16.615 17044 17044 I SkipInfo: [SKIP_DEBUG] checkSkip END, no action taken
05-31 12:21:16.632 17044 17044 I SkipInfo: [SKIP_DEBUG] ========== checkSkip START ==========
05-31 12:21:16.632 17044 17044 I SkipInfo: [SKIP_DEBUG] current position t=176806ms (176s)
05-31 12:21:16.632 17044 17044 I SkipInfo: [SKIP_DEBUG] skips count=2
05-31 12:21:16.632 17044 17044 I SkipInfo: [SKIP_DEBUG] introSkipped=true, outroPromptShown=false, userSeekedToIntro=false
05-31 12:21:16.632 17044 17044 I SkipInfo: [SKIP_DEBUG] segment[0]: type=片头, start=0ms (0s), end=175000ms (175s), source=pgc_clip
05-31 12:21:16.632 17044 17044 I SkipInfo: [SKIP_DEBUG] INTRO not triggered: introSkipped=true, userSeekedToIntro=false, tInRange=false
05-31 12:21:16.632 17044 17044 I SkipInfo: [SKIP_DEBUG] segment[1]: type=片尾, start=2527000ms (2527s), end=2706000ms (2706s), source=pgc_clip
05-31 12:21:16.632 17044 17044 I SkipInfo: [SKIP_DEBUG] OUTRO check: t=176806ms >= start=2527000ms ? false, t < end=2706000ms ? true, outroPromptShown=false
05-31 12:21:16.632 17044 17044 I SkipInfo: [SKIP_DEBUG] checkSkip END, no action taken
05-31 12:21:16.649 17044 17044 I SkipInfo: [SKIP_DEBUG] ========== checkSkip START ==========
05-31 12:21:16.649 17044 17044 I SkipInfo: [SKIP_DEBUG] current position t=176821ms (176s)
05-31 12:21:16.649 17044 17044 I SkipInfo: [SKIP_DEBUG] skips count=2
05-31 12:21:16.649 17044 17044 I SkipInfo: [SKIP_DEBUG] introSkipped=true, outroPromptShown=false, userSeekedToIntro=false
05-31 12:21:16.649 17044 17044 I SkipInfo: [SKIP_DEBUG] segment[0]: type=片头, start=0ms (0s), end=175000ms (175s), source=pgc_clip
05-31 12:21:16.649 17044 17044 I SkipInfo: [SKIP_DEBUG] INTRO not triggered: introSkipped=true, userSeekedToIntro=false, tInRange=false
05-31 12:21:16.649 17044 17044 I SkipInfo: [SKIP_DEBUG] segment[1]: type=片尾, start=2527000ms (2527s), end=2706000ms (2706s), source=pgc_clip
05-31 12:21:16.649 17044 17044 I SkipInfo: [SKIP_DEBUG] OUTRO check: t=176821ms >= start=2527000ms ? false, t < end=2706000ms ? true, outroPromptShown=false
05-31 12:21:16.649 17044 17044 I SkipInfo: [SKIP_DEBUG] checkSkip END, no action taken
05-31 12:21:16.660 17044 17044 I SkipInfo: [SKIP_DEBUG] ========== checkSkip START ==========
05-31 12:21:16.661 17044 17044 I SkipInfo: [SKIP_DEBUG] current position t=176836ms (176s)
05-31 12:21:16.661 17044 17044 I SkipInfo: [SKIP_DEBUG] skips count=2
05-31 12:21:16.661 17044 17044 I SkipInfo: [SKIP_DEBUG] introSkipped=true, outroPromptShown=false, userSeekedToIntro=false
05-31 12:21:16.661 17044 17044 I SkipInfo: [SKIP_DEBUG] segment[0]: type=片头, start=0ms (0s), end=175000ms (175s), source=pgc_clip
05-31 12:21:16.661 17044 17044 I SkipInfo: [SKIP_DEBUG] INTRO not triggered: introSkipped=true, userSeekedToIntro=false, tInRange=false
05-31 12:21:16.661 17044 17044 I SkipInfo: [SKIP_DEBUG] segment[1]: type=片尾, start=2527000ms (2527s), end=2706000ms (2706s), source=pgc_clip
05-31 12:21:16.661 17044 17044 I SkipInfo: [SKIP_DEBUG] OUTRO check: t=176836ms >= start=2527000ms ? false, t < end=2706000ms ? true, outroPromptShown=false
05-31 12:21:16.661 17044 17044 I SkipInfo: [SKIP_DEBUG] checkSkip END, no action taken
05-31 12:21:16.665 17044 17044 I SkipInfo: [SKIP_DEBUG] ========== checkSkip START ==========
05-31 12:21:16.665 17044 17044 I SkipInfo: [SKIP_DEBUG] current position t=176855ms (176s)
05-31 12:21:16.665 17044 17044 I SkipInfo: [SKIP_DEBUG] skips count=2
05-31 12:21:16.665 17044 17044 I SkipInfo: [SKIP_DEBUG] introSkipped=true, outroPromptShown=false, userSeekedToIntro=false
05-31 12:21:16.666 17044 17044 I SkipInfo: [SKIP_DEBUG] segment[0]: type=片头, start=0ms (0s), end=175000ms (175s), source=pgc_clip
05-31 12:21:16.666 17044 17044 I SkipInfo: [SKIP_DEBUG] INTRO not triggered: introSkipped=true, userSeekedToIntro=false, tInRange=false
05-31 12:21:16.666 17044 17044 I SkipInfo: [SKIP_DEBUG] segment[1]: type=片尾, start=2527000ms (2527s), end=2706000ms (2706s), source=pgc_clip
05-31 12:21:16.666 17044 17044 I SkipInfo: [SKIP_DEBUG] OUTRO check: t=176855ms >= start=2527000ms ? false, t < end=2706000ms ? true, outroPromptShown=false
05-31 12:21:16.666 17044 17044 I SkipInfo: [SKIP_DEBUG] checkSkip END, no action taken
05-31 12:21:16.683 17044 17044 I SkipInfo: [SKIP_DEBUG] ========== checkSkip START ==========
05-31 12:21:16.683 17044 17044 I SkipInfo: [SKIP_DEBUG] current position t=176883ms (176s)
05-31 12:21:16.683 17044 17044 I SkipInfo: [SKIP_DEBUG] skips count=2
05-31 12:21:16.684 17044 17044 I SkipInfo: [SKIP_DEBUG] introSkipped=true, outroPromptShown=false, userSeekedToIntro=false
05-31 12:21:16.684 17044 17044 I SkipInfo: [SKIP_DEBUG] segment[0]: type=片头, start=0ms (0s), end=175000ms (175s), source=pgc_clip
05-31 12:21:16.684 17044 17044 I SkipInfo: [SKIP_DEBUG] INTRO not triggered: introSkipped=true, userSeekedToIntro=false, tInRange=false
05-31 12:21:16.684 17044 17044 I SkipInfo: [SKIP_DEBUG] segment[1]: type=片尾, start=2527000ms (2527s), end=2706000ms (2706s), source=pgc_clip
05-31 12:21:16.684 17044 17044 I SkipInfo: [SKIP_DEBUG] OUTRO check: t=176883ms >= start=2527000ms ? false, t < end=2706000ms ? true, outroPromptShown=false
05-31 12:21:16.684 17044 17044 I SkipInfo: [SKIP_DEBUG] checkSkip END, no action taken
05-31 12:21:16.698 17044 17044 I SkipInfo: [SKIP_DEBUG] ========== checkSkip START ==========
05-31 12:21:16.698 17044 17044 I SkipInfo: [SKIP_DEBUG] current position t=176897ms (176s)
05-31 12:21:16.698 17044 17044 I SkipInfo: [SKIP_DEBUG] skips count=2
05-31 12:21:16.698 17044 17044 I SkipInfo: [SKIP_DEBUG] introSkipped=true, outroPromptShown=false, userSeekedToIntro=false
05-31 12:21:16.699 17044 17044 I SkipInfo: [SKIP_DEBUG] segment[0]: type=片头, start=0ms (0s), end=175000ms (175s), source=pgc_clip
05-31 12:21:16.699 17044 17044 I SkipInfo: [SKIP_DEBUG] INTRO not triggered: introSkipped=true, userSeekedToIntro=false, tInRange=false
05-31 12:21:16.699 17044 17044 I SkipInfo: [SKIP_DEBUG] segment[1]: type=片尾, start=2527000ms (2527s), end=2706000ms (2706s), source=pgc_clip
05-31 12:21:16.699 17044 17044 I SkipInfo: [SKIP_DEBUG] OUTRO check: t=176897ms >= start=2527000ms ? false, t < end=2706000ms ? true, outroPromptShown=false
05-31 12:21:16.699 17044 17044 I SkipInfo: [SKIP_DEBUG] checkSkip END, no action taken
05-31 12:21:16.715 17044 17044 I SkipInfo: [SKIP_DEBUG] ========== checkSkip START ==========
05-31 12:21:16.715 17044 17044 I SkipInfo: [SKIP_DEBUG] current position t=176913ms (176s)
05-31 12:21:16.715 17044 17044 I SkipInfo: [SKIP_DEBUG] skips count=2
05-31 12:21:16.715 17044 17044 I SkipInfo: [SKIP_DEBUG] introSkipped=true, outroPromptShown=false, userSeekedToIntro=false
05-31 12:21:16.715 17044 17044 I SkipInfo: [SKIP_DEBUG] segment[0]: type=片头, start=0ms (0s), end=175000ms (175s), source=pgc_clip
05-31 12:21:16.715 17044 17044 I SkipInfo: [SKIP_DEBUG] INTRO not triggered: introSkipped=true, userSeekedToIntro=false, tInRange=false
05-31 12:21:16.715 17044 17044 I SkipInfo: [SKIP_DEBUG] segment[1]: type=片尾, start=2527000ms (2527s), end=2706000ms (2706s), source=pgc_clip
05-31 12:21:16.715 17044 17044 I SkipInfo: [SKIP_DEBUG] OUTRO check: t=176913ms >= start=2527000ms ? false, t < end=2706000ms ? true, outroPromptShown=false
05-31 12:21:16.715 17044 17044 I SkipInfo: [SKIP_DEBUG] checkSkip END, no action taken
05-31 12:21:16.732 17044 17044 I SkipInfo: [SKIP_DEBUG] ========== checkSkip START ==========
05-31 12:21:16.732 17044 17044 I SkipInfo: [SKIP_DEBUG] current position t=176929ms (176s)
05-31 12:21:16.732 17044 17044 I SkipInfo: [SKIP_DEBUG] skips count=2
05-31 12:21:16.732 17044 17044 I SkipInfo: [SKIP_DEBUG] introSkipped=true, outroPromptShown=false, userSeekedToIntro=false
05-31 12:21:16.732 17044 17044 I SkipInfo: [SKIP_DEBUG] segment[0]: type=片头, start=0ms (0s), end=175000ms (175s), source=pgc_clip
05-31 12:21:16.732 17044 17044 I SkipInfo: [SKIP_DEBUG] INTRO not triggered: introSkipped=true, userSeekedToIntro=false, tInRange=false
05-31 12:21:16.732 17044 17044 I SkipInfo: [SKIP_DEBUG] segment[1]: type=片尾, start=2527000ms (2527s), end=2706000ms (2706s), source=pgc_clip
05-31 12:21:16.732 17044 17044 I SkipInfo: [SKIP_DEBUG] OUTRO check: t=176929ms >= start=2527000ms ? false, t < end=2706000ms ? true, outroPromptShown=false
05-31 12:21:16.732 17044 17044 I SkipInfo: [SKIP_DEBUG] checkSkip END, no action taken
05-31 12:21:16.749 17044 17044 I SkipInfo: [SKIP_DEBUG] ========== checkSkip START ==========
05-31 12:21:16.749 17044 17044 I SkipInfo: [SKIP_DEBUG] current position t=176944ms (176s)
05-31 12:21:16.749 17044 17044 I SkipInfo: [SKIP_DEBUG] skips count=2
05-31 12:21:16.749 17044 17044 I SkipInfo: [SKIP_DEBUG] introSkipped=true, outroPromptShown=false, userSeekedToIntro=false
05-31 12:21:16.749 17044 17044 I SkipInfo: [SKIP_DEBUG] segment[0]: type=片头, start=0ms (0s), end=175000ms (175s), source=pgc_clip
05-31 12:21:16.749 17044 17044 I SkipInfo: [SKIP_DEBUG] INTRO not triggered: introSkipped=true, userSeekedToIntro=false, tInRange=false
05-31 12:21:16.749 17044 17044 I SkipInfo: [SKIP_DEBUG] segment[1]: type=片尾, start=2527000ms (2527s), end=2706000ms (2706s), source=pgc_clip
05-31 12:21:16.749 17044 17044 I SkipInfo: [SKIP_DEBUG] OUTRO check: t=176944ms >= start=2527000ms ? false, t < end=2706000ms ? true, outroPromptShown=false
05-31 12:21:16.749 17044 17044 I SkipInfo: [SKIP_DEBUG] checkSkip END, no action taken
05-31 12:21:16.761 17044 17044 I SkipInfo: [SKIP_DEBUG] ========== checkSkip START ==========
05-31 12:21:16.761 17044 17044 I SkipInfo: [SKIP_DEBUG] current position t=176960ms (176s)
05-31 12:21:16.761 17044 17044 I SkipInfo: [SKIP_DEBUG] skips count=2
05-31 12:21:16.761 17044 17044 I SkipInfo: [SKIP_DEBUG] introSkipped=true, outroPromptShown=false, userSeekedToIntro=false
05-31 12:21:16.761 17044 17044 I SkipInfo: [SKIP_DEBUG] segment[0]: type=片头, start=0ms (0s), end=175000ms (175s), source=pgc_clip
05-31 12:21:16.761 17044 17044 I SkipInfo: [SKIP_DEBUG] INTRO not triggered: introSkipped=true, userSeekedToIntro=false, tInRange=false
05-31 12:21:16.761 17044 17044 I SkipInfo: [SKIP_DEBUG] segment[1]: type=片尾, start=2527000ms (2527s), end=2706000ms (2706s), source=pgc_clip
05-31 12:21:16.761 17044 17044 I SkipInfo: [SKIP_DEBUG] OUTRO check: t=176960ms >= start=2527000ms ? false, t < end=2706000ms ? true, outroPromptShown=false
05-31 12:21:16.761 17044 17044 I SkipInfo: [SKIP_DEBUG] checkSkip END, no action taken
05-31 12:21:16.777 17044 17044 I SkipInfo: [SKIP_DEBUG] ========== checkSkip START ==========
05-31 12:21:16.777 17044 17044 I SkipInfo: [SKIP_DEBUG] current position t=176978ms (176s)
05-31 12:21:16.777 17044 17044 I SkipInfo: [SKIP_DEBUG] skips count=2
05-31 12:21:16.777 17044 17044 I SkipInfo: [SKIP_DEBUG] introSkipped=true, outroPromptShown=false, userSeekedToIntro=false
05-31 12:21:16.777 17044 17044 I SkipInfo: [SKIP_DEBUG] segment[0]: type=片头, start=0ms (0s), end=175000ms (175s), source=pgc_clip
05-31 12:21:16.777 17044 17044 I SkipInfo: [SKIP_DEBUG] INTRO not triggered: introSkipped=true, userSeekedToIntro=false, tInRange=false
05-31 12:21:16.777 17044 17044 I SkipInfo: [SKIP_DEBUG] segment[1]: type=片尾, start=2527000ms (2527s), end=2706000ms (2706s), source=pgc_clip
05-31 12:21:16.777 17044 17044 I SkipInfo: [SKIP_DEBUG] OUTRO check: t=176978ms >= start=2527000ms ? false, t < end=2706000ms ? true, outroPromptShown=false
05-31 12:21:16.777 17044 17044 I SkipInfo: [SKIP_DEBUG] checkSkip END, no action taken
05-31 12:21:16.782 17044 17044 I SkipInfo: [SKIP_DEBUG] ========== checkSkip START ==========
05-31 12:21:16.782 17044 17044 I SkipInfo: [SKIP_DEBUG] current position t=176996ms (176s)
05-31 12:21:16.782 17044 17044 I SkipInfo: [SKIP_DEBUG] skips count=2
05-31 12:21:16.782 17044 17044 I SkipInfo: [SKIP_DEBUG] introSkipped=true, outroPromptShown=false, userSeekedToIntro=false
05-31 12:21:16.782 17044 17044 I SkipInfo: [SKIP_DEBUG] segment[0]: type=片头, start=0ms (0s), end=175000ms (175s), source=pgc_clip
05-31 12:21:16.782 17044 17044 I SkipInfo: [SKIP_DEBUG] INTRO not triggered: introSkipped=true, userSeekedToIntro=false, tInRange=false
05-31 12:21:16.782 17044 17044 I SkipInfo: [SKIP_DEBUG] segment[1]: type=片尾, start=2527000ms (2527s), end=2706000ms (2706s), source=pgc_clip
05-31 12:21:16.782 17044 17044 I SkipInfo: [SKIP_DEBUG] OUTRO check: t=176996ms >= start=2527000ms ? false, t < end=2706000ms ? true, outroPromptShown=false
05-31 12:21:16.782 17044 17044 I SkipInfo: [SKIP_DEBUG] checkSkip END, no action taken
05-31 12:21:16.798 17044 17044 I SkipInfo: [SKIP_DEBUG] ========== checkSkip START ==========
05-31 12:21:16.798 17044 17044 I SkipInfo: [SKIP_DEBUG] current position t=177022ms (177s)
05-31 12:21:16.798 17044 17044 I SkipInfo: [SKIP_DEBUG] skips count=2
05-31 12:21:16.798 17044 17044 I SkipInfo: [SKIP_DEBUG] introSkipped=true, outroPromptShown=false, userSeekedToIntro=false
05-31 12:21:16.798 17044 17044 I SkipInfo: [SKIP_DEBUG] segment[0]: type=片头, start=0ms (0s), end=175000ms (175s), source=pgc_clip
05-31 12:21:16.799 17044 17044 I SkipInfo: [SKIP_DEBUG] INTRO not triggered: introSkipped=true, userSeekedToIntro=false, tInRange=false
05-31 12:21:16.799 17044 17044 I SkipInfo: [SKIP_DEBUG] segment[1]: type=片尾, start=2527000ms (2527s), end=2706000ms (2706s), source=pgc_clip
05-31 12:21:16.799 17044 17044 I SkipInfo: [SKIP_DEBUG] OUTRO check: t=177022ms >= start=2527000ms ? false, t < end=2706000ms ? true, outroPromptShown=false
05-31 12:21:16.799 17044 17044 I SkipInfo: [SKIP_DEBUG] checkSkip END, no action taken
05-31 12:21:16.815 17044 17044 I SkipInfo: [SKIP_DEBUG] ========== checkSkip START ==========
05-31 12:21:16.815 17044 17044 I SkipInfo: [SKIP_DEBUG] current position t=177037ms (177s)
05-31 12:21:16.815 17044 17044 I SkipInfo: [SKIP_DEBUG] skips count=2
05-31 12:21:16.815 17044 17044 I SkipInfo: [SKIP_DEBUG] introSkipped=true, outroPromptShown=false, userSeekedToIntro=false
05-31 12:21:16.815 17044 17044 I SkipInfo: [SKIP_DEBUG] segment[0]: type=片头, start=0ms (0s), end=175000ms (175s), source=pgc_clip
05-31 12:21:16.815 17044 17044 I SkipInfo: [SKIP_DEBUG] INTRO not triggered: introSkipped=true, userSeekedToIntro=false, tInRange=false
05-31 12:21:16.815 17044 17044 I SkipInfo: [SKIP_DEBUG] segment[1]: type=片尾, start=2527000ms (2527s), end=2706000ms (2706s), source=pgc_clip
05-31 12:21:16.815 17044 17044 I SkipInfo: [SKIP_DEBUG] OUTRO check: t=177037ms >= start=2527000ms ? false, t < end=2706000ms ? true, outroPromptShown=false
05-31 12:21:16.815 17044 17044 I SkipInfo: [SKIP_DEBUG] checkSkip END, no action taken
05-31 12:21:16.832 17044 17044 I SkipInfo: [SKIP_DEBUG] ========== checkSkip START ==========
05-31 12:21:16.832 17044 17044 I SkipInfo: [SKIP_DEBUG] current position t=177053ms (177s)
05-31 12:21:16.832 17044 17044 I SkipInfo: [SKIP_DEBUG] skips count=2
05-31 12:21:16.832 17044 17044 I SkipInfo: [SKIP_DEBUG] introSkipped=true, outroPromptShown=false, userSeekedToIntro=false
05-31 12:21:16.832 17044 17044 I SkipInfo: [SKIP_DEBUG] segment[0]: type=片头, start=0ms (0s), end=175000ms (175s), source=pgc_clip
05-31 12:21:16.832 17044 17044 I SkipInfo: [SKIP_DEBUG] INTRO not triggered: introSkipped=true, userSeekedToIntro=false, tInRange=false
05-31 12:21:16.832 17044 17044 I SkipInfo: [SKIP_DEBUG] segment[1]: type=片尾, start=2527000ms (2527s), end=2706000ms (2706s), source=pgc_clip
05-31 12:21:16.832 17044 17044 I SkipInfo: [SKIP_DEBUG] OUTRO check: t=177053ms >= start=2527000ms ? false, t < end=2706000ms ? true, outroPromptShown=false
05-31 12:21:16.832 17044 17044 I SkipInfo: [SKIP_DEBUG] checkSkip END, no action taken
05-31 12:21:16.848 17044 17044 I SkipInfo: [SKIP_DEBUG] ========== checkSkip START ==========
05-31 12:21:16.848 17044 17044 I SkipInfo: [SKIP_DEBUG] current position t=177068ms (177s)
05-31 12:21:16.848 17044 17044 I SkipInfo: [SKIP_DEBUG] skips count=2
05-31 12:21:16.848 17044 17044 I SkipInfo: [SKIP_DEBUG] introSkipped=true, outroPromptShown=false, userSeekedToIntro=false
05-31 12:21:16.848 17044 17044 I SkipInfo: [SKIP_DEBUG] segment[0]: type=片头, start=0ms (0s), end=175000ms (175s), source=pgc_clip
05-31 12:21:16.849 17044 17044 I SkipInfo: [SKIP_DEBUG] INTRO not triggered: introSkipped=true, userSeekedToIntro=false, tInRange=false
05-31 12:21:16.849 17044 17044 I SkipInfo: [SKIP_DEBUG] segment[1]: type=片尾, start=2527000ms (2527s), end=2706000ms (2706s), source=pgc_clip
05-31 12:21:16.849 17044 17044 I SkipInfo: [SKIP_DEBUG] OUTRO check: t=177068ms >= start=2527000ms ? false, t < end=2706000ms ? true, outroPromptShown=false
05-31 12:21:16.849 17044 17044 I SkipInfo: [SKIP_DEBUG] checkSkip END, no action taken
05-31 12:21:16.860 17044 17044 I SkipInfo: [SKIP_DEBUG] ========== checkSkip START ==========
05-31 12:21:16.860 17044 17044 I SkipInfo: [SKIP_DEBUG] current position t=177084ms (177s)
05-31 12:21:16.860 17044 17044 I SkipInfo: [SKIP_DEBUG] skips count=2
05-31 12:21:16.860 17044 17044 I SkipInfo: [SKIP_DEBUG] introSkipped=true, outroPromptShown=false, userSeekedToIntro=false
05-31 12:21:16.861 17044 17044 I SkipInfo: [SKIP_DEBUG] segment[0]: type=片头, start=0ms (0s), end=175000ms (175s), source=pgc_clip
05-31 12:21:16.861 17044 17044 I SkipInfo: [SKIP_DEBUG] INTRO not triggered: introSkipped=true, userSeekedToIntro=false, tInRange=false
05-31 12:21:16.861 17044 17044 I SkipInfo: [SKIP_DEBUG] segment[1]: type=片尾, start=2527000ms (2527s), end=2706000ms (2706s), source=pgc_clip
05-31 12:21:16.861 17044 17044 I SkipInfo: [SKIP_DEBUG] OUTRO check: t=177084ms >= start=2527000ms ? false, t < end=2706000ms ? true, outroPromptShown=false
05-31 12:21:16.861 17044 17044 I SkipInfo: [SKIP_DEBUG] checkSkip END, no action taken
05-31 12:21:16.877 17044 17044 I SkipInfo: [SKIP_DEBUG] ========== checkSkip START ==========
05-31 12:21:16.877 17044 17044 I SkipInfo: [SKIP_DEBUG] current position t=177103ms (177s)
05-31 12:21:16.877 17044 17044 I SkipInfo: [SKIP_DEBUG] skips count=2
05-31 12:21:16.877 17044 17044 I SkipInfo: [SKIP_DEBUG] introSkipped=true, outroPromptShown=false, userSeekedToIntro=false
05-31 12:21:16.877 17044 17044 I SkipInfo: [SKIP_DEBUG] segment[0]: type=片头, start=0ms (0s), end=175000ms (175s), source=pgc_clip
05-31 12:21:16.877 17044 17044 I SkipInfo: [SKIP_DEBUG] INTRO not triggered: introSkipped=true, userSeekedToIntro=false, tInRange=false
05-31 12:21:16.877 17044 17044 I SkipInfo: [SKIP_DEBUG] segment[1]: type=片尾, start=2527000ms (2527s), end=2706000ms (2706s), source=pgc_clip
05-31 12:21:16.877 17044 17044 I SkipInfo: [SKIP_DEBUG] OUTRO check: t=177103ms >= start=2527000ms ? false, t < end=2706000ms ? true, outroPromptShown=false
05-31 12:21:16.877 17044 17044 I SkipInfo: [SKIP_DEBUG] checkSkip END, no action taken
05-31 12:21:16.883 17044 17044 I SkipInfo: [SKIP_DEBUG] ========== checkSkip START ==========
05-31 12:21:16.883 17044 17044 I SkipInfo: [SKIP_DEBUG] current position t=177119ms (177s)
05-31 12:21:16.883 17044 17044 I SkipInfo: [SKIP_DEBUG] skips count=2
05-31 12:21:16.883 17044 17044 I SkipInfo: [SKIP_DEBUG] introSkipped=true, outroPromptShown=false, userSeekedToIntro=false
05-31 12:21:16.883 17044 17044 I SkipInfo: [SKIP_DEBUG] segment[0]: type=片头, start=0ms (0s), end=175000ms (175s), source=pgc_clip
05-31 12:21:16.883 17044 17044 I SkipInfo: [SKIP_DEBUG] INTRO not triggered: introSkipped=true, userSeekedToIntro=false, tInRange=false
05-31 12:21:16.883 17044 17044 I SkipInfo: [SKIP_DEBUG] segment[1]: type=片尾, start=2527000ms (2527s), end=2706000ms (2706s), source=pgc_clip
05-31 12:21:16.883 17044 17044 I SkipInfo: [SKIP_DEBUG] OUTRO check: t=177119ms >= start=2527000ms ? false, t < end=2706000ms ? true, outroPromptShown=false
05-31 12:21:16.883 17044 17044 I SkipInfo: [SKIP_DEBUG] checkSkip END, no action taken
05-31 12:21:16.890 17044 17044 I SkipInfo: [SKIP_DEBUG] ========== checkSkip START ==========
05-31 12:21:16.890 17044 17044 I SkipInfo: [SKIP_DEBUG] current position t=177142ms (177s)
05-31 12:21:16.890 17044 17044 I SkipInfo: [SKIP_DEBUG] skips count=2
05-31 12:21:16.890 17044 17044 I SkipInfo: [SKIP_DEBUG] introSkipped=true, outroPromptShown=false, userSeekedToIntro=false
05-31 12:21:16.890 17044 17044 I SkipInfo: [SKIP_DEBUG] segment[0]: type=片头, start=0ms (0s), end=175000ms (175s), source=pgc_clip
05-31 12:21:16.890 17044 17044 I SkipInfo: [SKIP_DEBUG] INTRO not triggered: introSkipped=true, userSeekedToIntro=false, tInRange=false
05-31 12:21:16.890 17044 17044 I SkipInfo: [SKIP_DEBUG] segment[1]: type=片尾, start=2527000ms (2527s), end=2706000ms (2706s), source=pgc_clip
05-31 12:21:16.890 17044 17044 I SkipInfo: [SKIP_DEBUG] OUTRO check: t=177142ms >= start=2527000ms ? false, t < end=2706000ms ? true, outroPromptShown=false
05-31 12:21:16.890 17044 17044 I SkipInfo: [SKIP_DEBUG] checkSkip END, no action taken
05-31 12:21:16.907 17044 17044 I SkipInfo: [SKIP_DEBUG] ========== checkSkip START ==========
05-31 12:21:16.907 17044 17044 I SkipInfo: [SKIP_DEBUG] current position t=177170ms (177s)
05-31 12:21:16.907 17044 17044 I SkipInfo: [SKIP_DEBUG] skips count=2
05-31 12:21:16.907 17044 17044 I SkipInfo: [SKIP_DEBUG] introSkipped=true, outroPromptShown=false, userSeekedToIntro=false
05-31 12:21:16.907 17044 17044 I SkipInfo: [SKIP_DEBUG] segment[0]: type=片头, start=0ms (0s), end=175000ms (175s), source=pgc_clip
05-31 12:21:16.907 17044 17044 I SkipInfo: [SKIP_DEBUG] INTRO not triggered: introSkipped=true, userSeekedToIntro=false, tInRange=false
05-31 12:21:16.907 17044 17044 I SkipInfo: [SKIP_DEBUG] segment[1]: type=片尾, start=2527000ms (2527s), end=2706000ms (2706s), source=pgc_clip
05-31 12:21:16.907 17044 17044 I SkipInfo: [SKIP_DEBUG] OUTRO check: t=177170ms >= start=2527000ms ? false, t < end=2706000ms ? true, outroPromptShown=false
05-31 12:21:16.907 17044 17044 I SkipInfo: [SKIP_DEBUG] checkSkip END, no action taken
05-31 12:21:16.915 17044 17044 I SkipInfo: [SKIP_DEBUG] ========== checkSkip START ==========
05-31 12:21:16.916 17044 17044 I SkipInfo: [SKIP_DEBUG] current position t=177186ms (177s)
05-31 12:21:16.916 17044 17044 I SkipInfo: [SKIP_DEBUG] skips count=2
05-31 12:21:16.916 17044 17044 I SkipInfo: [SKIP_DEBUG] introSkipped=true, outroPromptShown=false, userSeekedToIntro=false
05-31 12:21:16.916 17044 17044 I SkipInfo: [SKIP_DEBUG] segment[0]: type=片头, start=0ms (0s), end=175000ms (175s), source=pgc_clip
05-31 12:21:16.916 17044 17044 I SkipInfo: [SKIP_DEBUG] INTRO not triggered: introSkipped=true, userSeekedToIntro=false, tInRange=false
05-31 12:21:16.916 17044 17044 I SkipInfo: [SKIP_DEBUG] segment[1]: type=片尾, start=2527000ms (2527s), end=2706000ms (2706s), source=pgc_clip
05-31 12:21:16.916 17044 17044 I SkipInfo: [SKIP_DEBUG] OUTRO check: t=177186ms >= start=2527000ms ? false, t < end=2706000ms ? true, outroPromptShown=false
05-31 12:21:16.916 17044 17044 I SkipInfo: [SKIP_DEBUG] checkSkip END, no action taken
05-31 12:21:16.927 17044 18297 I MediaCodec: [0xb402a200][QIB]V, QIB:22/s, QIB num:9617
05-31 12:21:16.932 17044 17044 I SkipInfo: [SKIP_DEBUG] ========== checkSkip START ==========
05-31 12:21:16.932 17044 17044 I SkipInfo: [SKIP_DEBUG] current position t=177209ms (177s)
05-31 12:21:16.932 17044 17044 I SkipInfo: [SKIP_DEBUG] skips count=2
05-31 12:21:16.932 17044 17044 I SkipInfo: [SKIP_DEBUG] introSkipped=true, outroPromptShown=false, userSeekedToIntro=false
05-31 12:21:16.932 17044 17044 I SkipInfo: [SKIP_DEBUG] segment[0]: type=片头, start=0ms (0s), end=175000ms (175s), source=pgc_clip
05-31 12:21:16.932 17044 17044 I SkipInfo: [SKIP_DEBUG] INTRO not triggered: introSkipped=true, userSeekedToIntro=false, tInRange=false
05-31 12:21:16.932 17044 17044 I SkipInfo: [SKIP_DEBUG] segment[1]: type=片尾, start=2527000ms (2527s), end=2706000ms (2706s), source=pgc_clip
05-31 12:21:16.932 17044 17044 I SkipInfo: [SKIP_DEBUG] OUTRO check: t=177209ms >= start=2527000ms ? false, t < end=2706000ms ? true, outroPromptShown=false
05-31 12:21:16.932 17044 17044 I SkipInfo: [SKIP_DEBUG] checkSkip END, no action taken
05-31 12:21:16.948 17044 17044 I SkipInfo: [SKIP_DEBUG] ========== checkSkip START ==========
05-31 12:21:16.948 17044 17044 I SkipInfo: [SKIP_DEBUG] current position t=177225ms (177s)
05-31 12:21:16.948 17044 17044 I SkipInfo: [SKIP_DEBUG] skips count=2
05-31 12:21:16.948 17044 17044 I SkipInfo: [SKIP_DEBUG] introSkipped=true, outroPromptShown=false, userSeekedToIntro=false
05-31 12:21:16.949 17044 17044 I SkipInfo: [SKIP_DEBUG] segment[0]: type=片头, start=0ms (0s), end=175000ms (175s), source=pgc_clip
05-31 12:21:16.949 17044 17044 I SkipInfo: [SKIP_DEBUG] INTRO not triggered: introSkipped=true, userSeekedToIntro=false, tInRange=false
05-31 12:21:16.949 17044 17044 I SkipInfo: [SKIP_DEBUG] segment[1]: type=片尾, start=2527000ms (2527s), end=2706000ms (2706s), source=pgc_clip
05-31 12:21:16.949 17044 17044 I SkipInfo: [SKIP_DEBUG] OUTRO check: t=177225ms >= start=2527000ms ? false, t < end=2706000ms ? true, outroPromptShown=false
05-31 12:21:16.949 17044 17044 I SkipInfo: [SKIP_DEBUG] checkSkip END, no action taken
05-31 12:21:16.966 17044 17044 I SkipInfo: [SKIP_DEBUG] ========== checkSkip START ==========
05-31 12:21:16.966 17044 17044 I SkipInfo: [SKIP_DEBUG] current position t=177240ms (177s)
05-31 12:21:16.966 17044 17044 I SkipInfo: [SKIP_DEBUG] skips count=2
05-31 12:21:16.966 17044 17044 I SkipInfo: [SKIP_DEBUG] introSkipped=true, outroPromptShown=false, userSeekedToIntro=false
05-31 12:21:16.966 17044 17044 I SkipInfo: [SKIP_DEBUG] segment[0]: type=片头, start=0ms (0s), end=175000ms (175s), source=pgc_clip
05-31 12:21:16.966 17044 17044 I SkipInfo: [SKIP_DEBUG] INTRO not triggered: introSkipped=true, userSeekedToIntro=false, tInRange=false
05-31 12:21:16.966 17044 17044 I SkipInfo: [SKIP_DEBUG] segment[1]: type=片尾, start=2527000ms (2527s), end=2706000ms (2706s), source=pgc_clip
05-31 12:21:16.966 17044 17044 I SkipInfo: [SKIP_DEBUG] OUTRO check: t=177240ms >= start=2527000ms ? false, t < end=2706000ms ? true, outroPromptShown=false
05-31 12:21:16.966 17044 17044 I SkipInfo: [SKIP_DEBUG] checkSkip END, no action taken
05-31 12:21:16.982 17044 17044 I SkipInfo: [SKIP_DEBUG] ========== checkSkip START ==========
05-31 12:21:16.983 17044 17044 I SkipInfo: [SKIP_DEBUG] current position t=177255ms (177s)
05-31 12:21:16.983 17044 17044 I SkipInfo: [SKIP_DEBUG] skips count=2
05-31 12:21:16.983 17044 17044 I SkipInfo: [SKIP_DEBUG] introSkipped=true, outroPromptShown=false, userSeekedToIntro=false
05-31 12:21:16.983 17044 17044 I SkipInfo: [SKIP_DEBUG] segment[0]: type=片头, start=0ms (0s), end=175000ms (175s), source=pgc_clip
05-31 12:21:16.983 17044 17044 I SkipInfo: [SKIP_DEBUG] INTRO not triggered: introSkipped=true, userSeekedToIntro=false, tInRange=false
05-31 12:21:16.983 17044 17044 I SkipInfo: [SKIP_DEBUG] segment[1]: type=片尾, start=2527000ms (2527s), end=2706000ms (2706s), source=pgc_clip
05-31 12:21:16.983 17044 17044 I SkipInfo: [SKIP_DEBUG] OUTRO check: t=177255ms >= start=2527000ms ? false, t < end=2706000ms ? true, outroPromptShown=false
05-31 12:21:16.983 17044 17044 I SkipInfo: [SKIP_DEBUG] checkSkip END, no action taken
05-31 12:21:16.990 17044 17044 I SkipInfo: [SKIP_DEBUG] ========== checkSkip START ==========
05-31 12:21:16.990 17044 17044 I SkipInfo: [SKIP_DEBUG] current position t=177270ms (177s)
05-31 12:21:16.990 17044 17044 I SkipInfo: [SKIP_DEBUG] skips count=2
05-31 12:21:16.990 17044 17044 I SkipInfo: [SKIP_DEBUG] introSkipped=true, outroPromptShown=false, userSeekedToIntro=false
05-31 12:21:16.990 17044 17044 I SkipInfo: [SKIP_DEBUG] segment[0]: type=片头, start=0ms (0s), end=175000ms (175s), source=pgc_clip
05-31 12:21:16.990 17044 17044 I SkipInfo: [SKIP_DEBUG] INTRO not triggered: introSkipped=true, userSeekedToIntro=false, tInRange=false
05-31 12:21:16.990 17044 17044 I SkipInfo: [SKIP_DEBUG] segment[1]: type=片尾, start=2527000ms (2527s), end=2706000ms (2706s), source=pgc_clip
05-31 12:21:16.990 17044 17044 I SkipInfo: [SKIP_DEBUG] OUTRO check: t=177270ms >= start=2527000ms ? false, t < end=2706000ms ? true, outroPromptShown=false
05-31 12:21:16.990 17044 17044 I SkipInfo: [SKIP_DEBUG] checkSkip END, no action taken
05-31 12:21:17.007 17044 17044 I SkipInfo: [SKIP_DEBUG] ========== checkSkip START ==========
05-31 12:21:17.007 17044 17044 I SkipInfo: [SKIP_DEBUG] current position t=177294ms (177s)
05-31 12:21:17.007 17044 17044 I SkipInfo: [SKIP_DEBUG] skips count=2
05-31 12:21:17.007 17044 17044 I SkipInfo: [SKIP_DEBUG] introSkipped=true, outroPromptShown=false, userSeekedToIntro=false
05-31 12:21:17.007 17044 17044 I SkipInfo: [SKIP_DEBUG] segment[0]: type=片头, start=0ms (0s), end=175000ms (175s), source=pgc_clip
05-31 12:21:17.007 17044 17044 I SkipInfo: [SKIP_DEBUG] INTRO not triggered: introSkipped=true, userSeekedToIntro=false, tInRange=false
05-31 12:21:17.007 17044 17044 I SkipInfo: [SKIP_DEBUG] segment[1]: type=片尾, start=2527000ms (2527s), end=2706000ms (2706s), source=pgc_clip
05-31 12:21:17.007 17044 17044 I SkipInfo: [SKIP_DEBUG] OUTRO check: t=177294ms >= start=2527000ms ? false, t < end=2706000ms ? true, outroPromptShown=false
05-31 12:21:17.007 17044 17044 I SkipInfo: [SKIP_DEBUG] checkSkip END, no action taken
05-31 12:21:17.015 17044 17044 I SkipInfo: [SKIP_DEBUG] ========== checkSkip START ==========
05-31 12:21:17.015 17044 17044 I SkipInfo: [SKIP_DEBUG] current position t=177310ms (177s)
05-31 12:21:17.015 17044 17044 I SkipInfo: [SKIP_DEBUG] skips count=2
05-31 12:21:17.015 17044 17044 I SkipInfo: [SKIP_DEBUG] introSkipped=true, outroPromptShown=false, userSeekedToIntro=false
05-31 12:21:17.015 17044 17044 I SkipInfo: [SKIP_DEBUG] segment[0]: type=片头, start=0ms (0s), end=175000ms (175s), source=pgc_clip
05-31 12:21:17.015 17044 17044 I SkipInfo: [SKIP_DEBUG] INTRO not triggered: introSkipped=true, userSeekedToIntro=false, tInRange=false
05-31 12:21:17.015 17044 17044 I SkipInfo: [SKIP_DEBUG] segment[1]: type=片尾, start=2527000ms (2527s), end=2706000ms (2706s), source=pgc_clip
05-31 12:21:17.015 17044 17044 I SkipInfo: [SKIP_DEBUG] OUTRO check: t=177310ms >= start=2527000ms ? false, t < end=2706000ms ? true, outroPromptShown=false
05-31 12:21:17.015 17044 17044 I SkipInfo: [SKIP_DEBUG] checkSkip END, no action taken
05-31 12:21:17.032 17044 17044 I SkipInfo: [SKIP_DEBUG] ========== checkSkip START ==========
05-31 12:21:17.032 17044 17044 I SkipInfo: [SKIP_DEBUG] current position t=177333ms (177s)
05-31 12:21:17.032 17044 17044 I SkipInfo: [SKIP_DEBUG] skips count=2
05-31 12:21:17.032 17044 17044 I SkipInfo: [SKIP_DEBUG] introSkipped=true, outroPromptShown=false, userSeekedToIntro=false
05-31 12:21:17.032 17044 17044 I SkipInfo: [SKIP_DEBUG] segment[0]: type=片头, start=0ms (0s), end=175000ms (175s), source=pgc_clip
05-31 12:21:17.032 17044 17044 I SkipInfo: [SKIP_DEBUG] INTRO not triggered: introSkipped=true, userSeekedToIntro=false, tInRange=false
05-31 12:21:17.032 17044 17044 I SkipInfo: [SKIP_DEBUG] segment[1]: type=片尾, start=2527000ms (2527s), end=2706000ms (2706s), source=pgc_clip
05-31 12:21:17.032 17044 17044 I SkipInfo: [SKIP_DEBUG] OUTRO check: t=177333ms >= start=2527000ms ? false, t < end=2706000ms ? true, outroPromptShown=false
05-31 12:21:17.032 17044 17044 I SkipInfo: [SKIP_DEBUG] checkSkip END, no action taken
05-31 12:21:17.049 17044 17044 I SkipInfo: [SKIP_DEBUG] ========== checkSkip START ==========
05-31 12:21:17.049 17044 17044 I SkipInfo: [SKIP_DEBUG] current position t=177348ms (177s)
05-31 12:21:17.049 17044 17044 I SkipInfo: [SKIP_DEBUG] skips count=2
05-31 12:21:17.049 17044 17044 I SkipInfo: [SKIP_DEBUG] introSkipped=true, outroPromptShown=false, userSeekedToIntro=false
05-31 12:21:17.049 17044 17044 I SkipInfo: [SKIP_DEBUG] segment[0]: type=片头, start=0ms (0s), end=175000ms (175s), source=pgc_clip
05-31 12:21:17.049 17044 17044 I SkipInfo: [SKIP_DEBUG] INTRO not triggered: introSkipped=true, userSeekedToIntro=false, tInRange=false
05-31 12:21:17.049 17044 17044 I SkipInfo: [SKIP_DEBUG] segment[1]: type=片尾, start=2527000ms (2527s), end=2706000ms (2706s), source=pgc_clip
05-31 12:21:17.049 17044 17044 I SkipInfo: [SKIP_DEBUG] OUTRO check: t=177348ms >= start=2527000ms ? false, t < end=2706000ms ? true, outroPromptShown=false
05-31 12:21:17.049 17044 17044 I SkipInfo: [SKIP_DEBUG] checkSkip END, no action taken
05-31 12:21:17.060 17044 17044 I SkipInfo: [SKIP_DEBUG] ========== checkSkip START ==========
05-31 12:21:17.060 17044 17044 I SkipInfo: [SKIP_DEBUG] current position t=177363ms (177s)
05-31 12:21:17.060 17044 17044 I SkipInfo: [SKIP_DEBUG] skips count=2
05-31 12:21:17.060 17044 17044 I SkipInfo: [SKIP_DEBUG] introSkipped=true, outroPromptShown=false, userSeekedToIntro=false
05-31 12:21:17.060 17044 17044 I SkipInfo: [SKIP_DEBUG] segment[0]: type=片头, start=0ms (0s), end=175000ms (175s), source=pgc_clip
05-31 12:21:17.060 17044 17044 I SkipInfo: [SKIP_DEBUG] INTRO not triggered: introSkipped=true, userSeekedToIntro=false, tInRange=false
05-31 12:21:17.060 17044 17044 I SkipInfo: [SKIP_DEBUG] segment[1]: type=片尾, start=2527000ms (2527s), end=2706000ms (2706s), source=pgc_clip
05-31 12:21:17.060 17044 17044 I SkipInfo: [SKIP_DEBUG] OUTRO check: t=177363ms >= start=2527000ms ? false, t < end=2706000ms ? true, outroPromptShown=false
05-31 12:21:17.060 17044 17044 I SkipInfo: [SKIP_DEBUG] checkSkip END, no action taken
05-31 12:21:17.076 17044 17044 I SkipInfo: [SKIP_DEBUG] ========== checkSkip START ==========
05-31 12:21:17.076 17044 17044 I SkipInfo: [SKIP_DEBUG] current position t=177380ms (177s)
05-31 12:21:17.076 17044 17044 I SkipInfo: [SKIP_DEBUG] skips count=2
05-31 12:21:17.077 17044 17044 I SkipInfo: [SKIP_DEBUG] introSkipped=true, outroPromptShown=false, userSeekedToIntro=false
05-31 12:21:17.077 17044 17044 I SkipInfo: [SKIP_DEBUG] segment[0]: type=片头, start=0ms (0s), end=175000ms (175s), source=pgc_clip
05-31 12:21:17.077 17044 17044 I SkipInfo: [SKIP_DEBUG] INTRO not triggered: introSkipped=true, userSeekedToIntro=false, tInRange=false
05-31 12:21:17.077 17044 17044 I SkipInfo: [SKIP_DEBUG] segment[1]: type=片尾, start=2527000ms (2527s), end=2706000ms (2706s), source=pgc_clip
05-31 12:21:17.077 17044 17044 I SkipInfo: [SKIP_DEBUG] OUTRO check: t=177380ms >= start=2527000ms ? false, t < end=2706000ms ? true, outroPromptShown=false
05-31 12:21:17.077 17044 17044 I SkipInfo: [SKIP_DEBUG] checkSkip END, no action taken
05-31 12:21:17.090 17044 17044 I SkipInfo: [SKIP_DEBUG] ========== checkSkip START ==========
05-31 12:21:17.090 17044 17044 I SkipInfo: [SKIP_DEBUG] current position t=177400ms (177s)
05-31 12:21:17.090 17044 17044 I SkipInfo: [SKIP_DEBUG] skips count=2
05-31 12:21:17.090 17044 17044 I SkipInfo: [SKIP_DEBUG] introSkipped=true, outroPromptShown=false, userSeekedToIntro=false
05-31 12:21:17.090 17044 17044 I SkipInfo: [SKIP_DEBUG] segment[0]: type=片头, start=0ms (0s), end=175000ms (175s), source=pgc_clip
05-31 12:21:17.090 17044 17044 I SkipInfo: [SKIP_DEBUG] INTRO not triggered: introSkipped=true, userSeekedToIntro=false, tInRange=false
05-31 12:21:17.090 17044 17044 I SkipInfo: [SKIP_DEBUG] segment[1]: type=片尾, start=2527000ms (2527s), end=2706000ms (2706s), source=pgc_clip
05-31 12:21:17.090 17044 17044 I SkipInfo: [SKIP_DEBUG] OUTRO check: t=177400ms >= start=2527000ms ? false, t < end=2706000ms ? true, outroPromptShown=false
05-31 12:21:17.090 17044 17044 I SkipInfo: [SKIP_DEBUG] checkSkip END, no action taken
05-31 12:21:17.098 17044 17044 I SkipInfo: [SKIP_DEBUG] ========== checkSkip START ==========
05-31 12:21:17.098 17044 17044 I SkipInfo: [SKIP_DEBUG] current position t=177419ms (177s)
05-31 12:21:17.098 17044 17044 I SkipInfo: [SKIP_DEBUG] skips count=2
05-31 12:21:17.098 17044 17044 I SkipInfo: [SKIP_DEBUG] introSkipped=true, outroPromptShown=false, userSeekedToIntro=false
05-31 12:21:17.098 17044 17044 I SkipInfo: [SKIP_DEBUG] segment[0]: type=片头, start=0ms (0s), end=175000ms (175s), source=pgc_clip
05-31 12:21:17.099 17044 17044 I SkipInfo: [SKIP_DEBUG] INTRO not triggered: introSkipped=true, userSeekedToIntro=false, tInRange=false
05-31 12:21:17.099 17044 17044 I SkipInfo: [SKIP_DEBUG] segment[1]: type=片尾, start=2527000ms (2527s), end=2706000ms (2706s), source=pgc_clip
05-31 12:21:17.099 17044 17044 I SkipInfo: [SKIP_DEBUG] OUTRO check: t=177419ms >= start=2527000ms ? false, t < end=2706000ms ? true, outroPromptShown=false
05-31 12:21:17.099 17044 17044 I SkipInfo: [SKIP_DEBUG] checkSkip END, no action taken
05-31 12:21:17.115 17044 17044 I SkipInfo: [SKIP_DEBUG] ========== checkSkip START ==========
05-31 12:21:17.115 17044 17044 I SkipInfo: [SKIP_DEBUG] current position t=177442ms (177s)
05-31 12:21:17.115 17044 17044 I SkipInfo: [SKIP_DEBUG] skips count=2
05-31 12:21:17.115 17044 17044 I SkipInfo: [SKIP_DEBUG] introSkipped=true, outroPromptShown=false, userSeekedToIntro=false
05-31 12:21:17.115 17044 17044 I SkipInfo: [SKIP_DEBUG] segment[0]: type=片头, start=0ms (0s), end=175000ms (175s), source=pgc_clip
05-31 12:21:17.115 17044 17044 I SkipInfo: [SKIP_DEBUG] INTRO not triggered: introSkipped=true, userSeekedToIntro=false, tInRange=false
05-31 12:21:17.115 17044 17044 I SkipInfo: [SKIP_DEBUG] segment[1]: type=片尾, start=2527000ms (2527s), end=2706000ms (2706s), source=pgc_clip
05-31 12:21:17.115 17044 17044 I SkipInfo: [SKIP_DEBUG] OUTRO check: t=177442ms >= start=2527000ms ? false, t < end=2706000ms ? true, outroPromptShown=false
05-31 12:21:17.115 17044 17044 I SkipInfo: [SKIP_DEBUG] checkSkip END, no action taken
05-31 12:21:17.123 17044 17044 I SkipInfo: [SKIP_DEBUG] ========== checkSkip START ==========
05-31 12:21:17.123 17044 17044 I SkipInfo: [SKIP_DEBUG] current position t=177458ms (177s)
05-31 12:21:17.123 17044 17044 I SkipInfo: [SKIP_DEBUG] skips count=2
05-31 12:21:17.123 17044 17044 I SkipInfo: [SKIP_DEBUG] introSkipped=true, outroPromptShown=false, userSeekedToIntro=false
05-31 12:21:17.123 17044 17044 I SkipInfo: [SKIP_DEBUG] segment[0]: type=片头, start=0ms (0s), end=175000ms (175s), source=pgc_clip
05-31 12:21:17.123 17044 17044 I SkipInfo: [SKIP_DEBUG] INTRO not triggered: introSkipped=true, userSeekedToIntro=false, tInRange=false
05-31 12:21:17.123 17044 17044 I SkipInfo: [SKIP_DEBUG] segment[1]: type=片尾, start=2527000ms (2527s), end=2706000ms (2706s), source=pgc_clip
05-31 12:21:17.123 17044 17044 I SkipInfo: [SKIP_DEBUG] OUTRO check: t=177458ms >= start=2527000ms ? false, t < end=2706000ms ? true, outroPromptShown=false
05-31 12:21:17.123 17044 17044 I SkipInfo: [SKIP_DEBUG] checkSkip END, no action taken
05-31 12:21:17.137 17044 17044 I SkipInfo: [SKIP_DEBUG] ========== checkSkip START ==========
05-31 12:21:17.137 17044 17044 I SkipInfo: [SKIP_DEBUG] current position t=177479ms (177s)
05-31 12:21:17.137 17044 17044 I SkipInfo: [SKIP_DEBUG] skips count=2
05-31 12:21:17.137 17044 17044 I SkipInfo: [SKIP_DEBUG] introSkipped=true, outroPromptShown=false, userSeekedToIntro=false
05-31 12:21:17.137 17044 17044 I SkipInfo: [SKIP_DEBUG] segment[0]: type=片头, start=0ms (0s), end=175000ms (175s), source=pgc_clip
05-31 12:21:17.137 17044 17044 I SkipInfo: [SKIP_DEBUG] INTRO not triggered: introSkipped=true, userSeekedToIntro=false, tInRange=false
05-31 12:21:17.137 17044 17044 I SkipInfo: [SKIP_DEBUG] segment[1]: type=片尾, start=2527000ms (2527s), end=2706000ms (2706s), source=pgc_clip
05-31 12:21:17.137 17044 17044 I SkipInfo: [SKIP_DEBUG] OUTRO check: t=177479ms >= start=2527000ms ? false, t < end=2706000ms ? true, outroPromptShown=false
05-31 12:21:17.137 17044 17044 I SkipInfo: [SKIP_DEBUG] checkSkip END, no action taken
05-31 12:21:17.148 17044 17044 I SkipInfo: [SKIP_DEBUG] ========== checkSkip START ==========
05-31 12:21:17.149 17044 17044 I SkipInfo: [SKIP_DEBUG] current position t=177500ms (177s)
05-31 12:21:17.149 17044 17044 I SkipInfo: [SKIP_DEBUG] skips count=2
05-31 12:21:17.149 17044 17044 I SkipInfo: [SKIP_DEBUG] introSkipped=true, outroPromptShown=false, userSeekedToIntro=false
05-31 12:21:17.149 17044 17044 I SkipInfo: [SKIP_DEBUG] segment[0]: type=片头, start=0ms (0s), end=175000ms (175s), source=pgc_clip
05-31 12:21:17.149 17044 17044 I SkipInfo: [SKIP_DEBUG] INTRO not triggered: introSkipped=true, userSeekedToIntro=false, tInRange=false
05-31 12:21:17.149 17044 17044 I SkipInfo: [SKIP_DEBUG] segment[1]: type=片尾, start=2527000ms (2527s), end=2706000ms (2706s), source=pgc_clip
05-31 12:21:17.149 17044 17044 I SkipInfo: [SKIP_DEBUG] OUTRO check: t=177500ms >= start=2527000ms ? false, t < end=2706000ms ? true, outroPromptShown=false
05-31 12:21:17.149 17044 17044 I SkipInfo: [SKIP_DEBUG] checkSkip END, no action taken
05-31 12:21:17.165 17044 17044 I SkipInfo: [SKIP_DEBUG] ========== checkSkip START ==========
05-31 12:21:17.165 17044 17044 I SkipInfo: [SKIP_DEBUG] current position t=177519ms (177s)
05-31 12:21:17.165 17044 17044 I SkipInfo: [SKIP_DEBUG] skips count=2
05-31 12:21:17.165 17044 17044 I SkipInfo: [SKIP_DEBUG] introSkipped=true, outroPromptShown=false, userSeekedToIntro=false
05-31 12:21:17.165 17044 17044 I SkipInfo: [SKIP_DEBUG] segment[0]: type=片头, start=0ms (0s), end=175000ms (175s), source=pgc_clip
05-31 12:21:17.165 17044 17044 I SkipInfo: [SKIP_DEBUG] INTRO not triggered: introSkipped=true, userSeekedToIntro=false, tInRange=false
05-31 12:21:17.165 17044 17044 I SkipInfo: [SKIP_DEBUG] segment[1]: type=片尾, start=2527000ms (2527s), end=2706000ms (2706s), source=pgc_clip
05-31 12:21:17.165 17044 17044 I SkipInfo: [SKIP_DEBUG] OUTRO check: t=177519ms >= start=2527000ms ? false, t < end=2706000ms ? true, outroPromptShown=false
05-31 12:21:17.165 17044 17044 I SkipInfo: [SKIP_DEBUG] checkSkip END, no action taken
05-31 12:21:17.182 17044 17044 I SkipInfo: [SKIP_DEBUG] ========== checkSkip START ==========
05-31 12:21:17.182 17044 17044 I SkipInfo: [SKIP_DEBUG] current position t=177535ms (177s)
05-31 12:21:17.182 17044 17044 I SkipInfo: [SKIP_DEBUG] skips count=2
05-31 12:21:17.182 17044 17044 I SkipInfo: [SKIP_DEBUG] introSkipped=true, outroPromptShown=false, userSeekedToIntro=false
05-31 12:21:17.182 17044 17044 I SkipInfo: [SKIP_DEBUG] segment[0]: type=片头, start=0ms (0s), end=175000ms (175s), source=pgc_clip
05-31 12:21:17.182 17044 17044 I SkipInfo: [SKIP_DEBUG] INTRO not triggered: introSkipped=true, userSeekedToIntro=false, tInRange=false
05-31 12:21:17.182 17044 17044 I SkipInfo: [SKIP_DEBUG] segment[1]: type=片尾, start=2527000ms (2527s), end=2706000ms (2706s), source=pgc_clip
05-31 12:21:17.183 17044 17044 I SkipInfo: [SKIP_DEBUG] OUTRO check: t=177535ms >= start=2527000ms ? false, t < end=2706000ms ? true, outroPromptShown=false
05-31 12:21:17.183 17044 17044 I SkipInfo: [SKIP_DEBUG] checkSkip END, no action taken
05-31 12:21:17.198 17044 17044 I SkipInfo: [SKIP_DEBUG] ========== checkSkip START ==========
05-31 12:21:17.198 17044 17044 I SkipInfo: [SKIP_DEBUG] current position t=177550ms (177s)
05-31 12:21:17.198 17044 17044 I SkipInfo: [SKIP_DEBUG] skips count=2
05-31 12:21:17.198 17044 17044 I SkipInfo: [SKIP_DEBUG] introSkipped=true, outroPromptShown=false, userSeekedToIntro=false
05-31 12:21:17.198 17044 17044 I SkipInfo: [SKIP_DEBUG] segment[0]: type=片头, start=0ms (0s), end=175000ms (175s), source=pgc_clip
05-31 12:21:17.199 17044 17044 I SkipInfo: [SKIP_DEBUG] INTRO not triggered: introSkipped=true, userSeekedToIntro=false, tInRange=false
05-31 12:21:17.199 17044 17044 I SkipInfo: [SKIP_DEBUG] segment[1]: type=片尾, start=2527000ms (2527s), end=2706000ms (2706s), source=pgc_clip
05-31 12:21:17.199 17044 17044 I SkipInfo: [SKIP_DEBUG] OUTRO check: t=177550ms >= start=2527000ms ? false, t < end=2706000ms ? true, outroPromptShown=false
05-31 12:21:17.199 17044 17044 I SkipInfo: [SKIP_DEBUG] checkSkip END, no action taken
05-31 12:21:17.215 17044 17044 I SkipInfo: [SKIP_DEBUG] ========== checkSkip START ==========
05-31 12:21:17.215 17044 17044 I SkipInfo: [SKIP_DEBUG] current position t=177566ms (177s)
05-31 12:21:17.215 17044 17044 I SkipInfo: [SKIP_DEBUG] skips count=2
05-31 12:21:17.215 17044 17044 I SkipInfo: [SKIP_DEBUG] introSkipped=true, outroPromptShown=false, userSeekedToIntro=false
05-31 12:21:17.215 17044 17044 I SkipInfo: [SKIP_DEBUG] segment[0]: type=片头, start=0ms (0s), end=175000ms (175s), source=pgc_clip
05-31 12:21:17.215 17044 17044 I SkipInfo: [SKIP_DEBUG] INTRO not triggered: introSkipped=true, userSeekedToIntro=false, tInRange=false
05-31 12:21:17.215 17044 17044 I SkipInfo: [SKIP_DEBUG] segment[1]: type=片尾, start=2527000ms (2527s), end=2706000ms (2706s), source=pgc_clip
05-31 12:21:17.215 17044 17044 I SkipInfo: [SKIP_DEBUG] OUTRO check: t=177566ms >= start=2527000ms ? false, t < end=2706000ms ? true, outroPromptShown=false
05-31 12:21:17.215 17044 17044 I SkipInfo: [SKIP_DEBUG] checkSkip END, no action taken
05-31 12:21:17.232 17044 17044 I SkipInfo: [SKIP_DEBUG] ========== checkSkip START ==========
05-31 12:21:17.232 17044 17044 I SkipInfo: [SKIP_DEBUG] current position t=177579ms (177s)
05-31 12:21:17.232 17044 17044 I SkipInfo: [SKIP_DEBUG] skips count=2
05-31 12:21:17.232 17044 17044 I SkipInfo: [SKIP_DEBUG] introSkipped=true, outroPromptShown=false, userSeekedToIntro=false
05-31 12:21:17.232 17044 17044 I SkipInfo: [SKIP_DEBUG] segment[0]: type=片头, start=0ms (0s), end=175000ms (175s), source=pgc_clip
05-31 12:21:17.232 17044 17044 I SkipInfo: [SKIP_DEBUG] INTRO not triggered: introSkipped=true, userSeekedToIntro=false, tInRange=false
05-31 12:21:17.232 17044 17044 I SkipInfo: [SKIP_DEBUG] segment[1]: type=片尾, start=2527000ms (2527s), end=2706000ms (2706s), source=pgc_clip
05-31 12:21:17.232 17044 17044 I SkipInfo: [SKIP_DEBUG] OUTRO check: t=177579ms >= start=2527000ms ? false, t < end=2706000ms ? true, outroPromptShown=false
05-31 12:21:17.232 17044 17044 I SkipInfo: [SKIP_DEBUG] checkSkip END, no action taken
05-31 12:21:17.248 17044 17044 I SkipInfo: [SKIP_DEBUG] ========== checkSkip START ==========
05-31 12:21:17.248 17044 17044 I SkipInfo: [SKIP_DEBUG] current position t=177597ms (177s)
05-31 12:21:17.249 17044 17044 I SkipInfo: [SKIP_DEBUG] skips count=2
05-31 12:21:17.249 17044 17044 I SkipInfo: [SKIP_DEBUG] introSkipped=true, outroPromptShown=false, userSeekedToIntro=false
05-31 12:21:17.249 17044 17044 I SkipInfo: [SKIP_DEBUG] segment[0]: type=片头, start=0ms (0s), end=175000ms (175s), source=pgc_clip
05-31 12:21:17.249 17044 17044 I SkipInfo: [SKIP_DEBUG] INTRO not triggered: introSkipped=true, userSeekedToIntro=false, tInRange=false
05-31 12:21:17.249 17044 17044 I SkipInfo: [SKIP_DEBUG] segment[1]: type=片尾, start=2527000ms (2527s), end=2706000ms (2706s), source=pgc_clip
05-31 12:21:17.249 17044 17044 I SkipInfo: [SKIP_DEBUG] OUTRO check: t=177597ms >= start=2527000ms ? false, t < end=2706000ms ? true, outroPromptShown=false
05-31 12:21:17.249 17044 17044 I SkipInfo: [SKIP_DEBUG] checkSkip END, no action taken
05-31 12:21:17.261 17044 17044 I SkipInfo: [SKIP_DEBUG] ========== checkSkip START ==========
05-31 12:21:17.261 17044 17044 I SkipInfo: [SKIP_DEBUG] current position t=177612ms (177s)
05-31 12:21:17.261 17044 17044 I SkipInfo: [SKIP_DEBUG] skips count=2
05-31 12:21:17.261 17044 17044 I SkipInfo: [SKIP_DEBUG] introSkipped=true, outroPromptShown=false, userSeekedToIntro=false
05-31 12:21:17.261 17044 17044 I SkipInfo: [SKIP_DEBUG] segment[0]: type=片头, start=0ms (0s), end=175000ms (175s), source=pgc_clip
05-31 12:21:17.261 17044 17044 I SkipInfo: [SKIP_DEBUG] INTRO not triggered: introSkipped=true, userSeekedToIntro=false, tInRange=false
05-31 12:21:17.261 17044 17044 I SkipInfo: [SKIP_DEBUG] segment[1]: type=片尾, start=2527000ms (2527s), end=2706000ms (2706s), source=pgc_clip
05-31 12:21:17.261 17044 17044 I SkipInfo: [SKIP_DEBUG] OUTRO check: t=177612ms >= start=2527000ms ? false, t < end=2706000ms ? true, outroPromptShown=false
05-31 12:21:17.261 17044 17044 I SkipInfo: [SKIP_DEBUG] checkSkip END, no action taken
05-31 12:21:17.278 17044 17044 I SkipInfo: [SKIP_DEBUG] ========== checkSkip START ==========
05-31 12:21:17.278 17044 17044 I SkipInfo: [SKIP_DEBUG] current position t=177632ms (177s)
05-31 12:21:17.278 17044 17044 I SkipInfo: [SKIP_DEBUG] skips count=2
05-31 12:21:17.278 17044 17044 I SkipInfo: [SKIP_DEBUG] introSkipped=true, outroPromptShown=false, userSeekedToIntro=false
05-31 12:21:17.278 17044 17044 I SkipInfo: [SKIP_DEBUG] segment[0]: type=片头, start=0ms (0s), end=175000ms (175s), source=pgc_clip
05-31 12:21:17.278 17044 17044 I SkipInfo: [SKIP_DEBUG] INTRO not triggered: introSkipped=true, userSeekedToIntro=false, tInRange=false
05-31 12:21:17.278 17044 17044 I SkipInfo: [SKIP_DEBUG] segment[1]: type=片尾, start=2527000ms (2527s), end=2706000ms (2706s), source=pgc_clip
05-31 12:21:17.278 17044 17044 I SkipInfo: [SKIP_DEBUG] OUTRO check: t=177632ms >= start=2527000ms ? false, t < end=2706000ms ? true, outroPromptShown=false
05-31 12:21:17.278 17044 17044 I SkipInfo: [SKIP_DEBUG] checkSkip END, no action taken
05-31 12:21:17.292 17044 17044 W uii.ang.bilitv: type=1400 audit(0.0:258954): avc: denied { search } for name="/" dev="mmcblk0p34" ino=2 scontext=u:r:untrusted_app_27:s0:c512,c768 tcontext=u:object_r:userdata_file:s0 tclass=dir permissive=0 app=uii.ang.bilitv
05-31 12:21:17.296 17044 17044 W uii.ang.bilitv: type=1400 audit(0.0:258955): avc: denied { search } for comm=44464D2048616E646C657220546872 name="/" dev="mmcblk0p34" ino=2 scontext=u:r:untrusted_app_27:s0:c512,c768 tcontext=u:object_r:userdata_file:s0 tclass=dir permissive=0 app=uii.ang.bilitv
05-31 12:21:17.296 17044 17044 W RenderThread: type=1400 audit(0.0:258956): avc: denied { search } for name="/" dev="mmcblk0p34" ino=2 scontext=u:r:untrusted_app_27:s0:c512,c768 tcontext=u:object_r:userdata_file:s0 tclass=dir permissive=0 app=uii.ang.bilitv
05-31 12:21:17.296 17044 17044 I chatty  : uid=10090(uii.ang.bilitv) identical 1 line
05-31 12:21:17.299 17044 17044 I SkipInfo: [SKIP_DEBUG] ========== checkSkip START ==========
05-31 12:21:17.299 17044 17044 I SkipInfo: [SKIP_DEBUG] current position t=177643ms (177s)
05-31 12:21:17.299 17044 17044 I SkipInfo: [SKIP_DEBUG] skips count=2
05-31 12:21:17.299 17044 17044 I SkipInfo: [SKIP_DEBUG] introSkipped=true, outroPromptShown=false, userSeekedToIntro=false
05-31 12:21:17.299 17044 17044 I SkipInfo: [SKIP_DEBUG] segment[0]: type=片头, start=0ms (0s), end=175000ms (175s), source=pgc_clip
05-31 12:21:17.299 17044 17044 I SkipInfo: [SKIP_DEBUG] INTRO not triggered: introSkipped=true, userSeekedToIntro=false, tInRange=false
05-31 12:21:17.299 17044 17044 I SkipInfo: [SKIP_DEBUG] segment[1]: type=片尾, start=2527000ms (2527s), end=2706000ms (2706s), source=pgc_clip
05-31 12:21:17.299 17044 17044 I SkipInfo: [SKIP_DEBUG] OUTRO check: t=177643ms >= start=2527000ms ? false, t < end=2706000ms ? true, outroPromptShown=false
05-31 12:21:17.299 17044 17044 I SkipInfo: [SKIP_DEBUG] checkSkip END, no action taken
05-31 12:21:17.300 17044 17044 W CodecLooper: type=1400 audit(0.0:258958): avc: denied { search } for name="/" dev="mmcblk0p34" ino=2 scontext=u:r:untrusted_app_27:s0:c512,c768 tcontext=u:object_r:userdata_file:s0 tclass=dir permissive=0 app=uii.ang.bilitv
05-31 12:21:17.315 17044 17044 I SkipInfo: [SKIP_DEBUG] ========== checkSkip START ==========
05-31 12:21:17.315 17044 17044 I SkipInfo: [SKIP_DEBUG] current position t=177658ms (177s)
05-31 12:21:17.315 17044 17044 I SkipInfo: [SKIP_DEBUG] skips count=2
05-31 12:21:17.315 17044 17044 I SkipInfo: [SKIP_DEBUG] introSkipped=true, outroPromptShown=false, userSeekedToIntro=false
05-31 12:21:17.315 17044 17044 I SkipInfo: [SKIP_DEBUG] segment[0]: type=片头, start=0ms (0s), end=175000ms (175s), source=pgc_clip
05-31 12:21:17.316 17044 17044 I SkipInfo: [SKIP_DEBUG] INTRO not triggered: introSkipped=true, userSeekedToIntro=false, tInRange=false
05-31 12:21:17.316 17044 17044 I SkipInfo: [SKIP_DEBUG] segment[1]: type=片尾, start=2527000ms (2527s), end=2706000ms (2706s), source=pgc_clip
05-31 12:21:17.316 17044 17044 I SkipInfo: [SKIP_DEBUG] OUTRO check: t=177658ms >= start=2527000ms ? false, t < end=2706000ms ? true, outroPromptShown=false
05-31 12:21:17.316 17044 17044 I SkipInfo: [SKIP_DEBUG] checkSkip END, no action taken
05-31 12:21:17.332 17044 17044 I SkipInfo: [SKIP_DEBUG] ========== checkSkip START ==========
05-31 12:21:17.332 17044 17044 I SkipInfo: [SKIP_DEBUG] current position t=177673ms (177s)
05-31 12:21:17.332 17044 17044 I SkipInfo: [SKIP_DEBUG] skips count=2
05-31 12:21:17.332 17044 17044 I SkipInfo: [SKIP_DEBUG] introSkipped=true, outroPromptShown=false, userSeekedToIntro=false
05-31 12:21:17.332 17044 17044 I SkipInfo: [SKIP_DEBUG] segment[0]: type=片头, start=0ms (0s), end=175000ms (175s), source=pgc_clip
05-31 12:21:17.332 17044 17044 I SkipInfo: [SKIP_DEBUG] INTRO not triggered: introSkipped=true, userSeekedToIntro=false, tInRange=false
05-31 12:21:17.332 17044 17044 I SkipInfo: [SKIP_DEBUG] segment[1]: type=片尾, start=2527000ms (2527s), end=2706000ms (2706s), source=pgc_clip
05-31 12:21:17.332 17044 17044 I SkipInfo: [SKIP_DEBUG] OUTRO check: t=177673ms >= start=2527000ms ? false, t < end=2706000ms ? true, outroPromptShown=false
05-31 12:21:17.332 17044 17044 I SkipInfo: [SKIP_DEBUG] checkSkip END, no action taken
05-31 12:21:17.348 17044 17044 I SkipInfo: [SKIP_DEBUG] ========== checkSkip START ==========
05-31 12:21:17.349 17044 17044 I SkipInfo: [SKIP_DEBUG] current position t=177689ms (177s)
05-31 12:21:17.349 17044 17044 I SkipInfo: [SKIP_DEBUG] skips count=2
05-31 12:21:17.349 17044 17044 I SkipInfo: [SKIP_DEBUG] introSkipped=true, outroPromptShown=false, userSeekedToIntro=false
05-31 12:21:17.349 17044 17044 I SkipInfo: [SKIP_DEBUG] segment[0]: type=片头, start=0ms (0s), end=175000ms (175s), source=pgc_clip
05-31 12:21:17.349 17044 17044 I SkipInfo: [SKIP_DEBUG] INTRO not triggered: introSkipped=true, userSeekedToIntro=false, tInRange=false
05-31 12:21:17.349 17044 17044 I SkipInfo: [SKIP_DEBUG] segment[1]: type=片尾, start=2527000ms (2527s), end=2706000ms (2706s), source=pgc_clip
05-31 12:21:17.349 17044 17044 I SkipInfo: [SKIP_DEBUG] OUTRO check: t=177689ms >= start=2527000ms ? false, t < end=2706000ms ? true, outroPromptShown=false
05-31 12:21:17.349 17044 17044 I SkipInfo: [SKIP_DEBUG] checkSkip END, no action taken
05-31 12:21:17.361 17044 17044 I SkipInfo: [SKIP_DEBUG] ========== checkSkip START ==========
05-31 12:21:17.361 17044 17044 I SkipInfo: [SKIP_DEBUG] current position t=177704ms (177s)
05-31 12:21:17.361 17044 17044 I SkipInfo: [SKIP_DEBUG] skips count=2
05-31 12:21:17.361 17044 17044 I SkipInfo: [SKIP_DEBUG] introSkipped=true, outroPromptShown=false, userSeekedToIntro=false
05-31 12:21:17.361 17044 17044 I SkipInfo: [SKIP_DEBUG] segment[0]: type=片头, start=0ms (0s), end=175000ms (175s), source=pgc_clip
05-31 12:21:17.361 17044 17044 I SkipInfo: [SKIP_DEBUG] INTRO not triggered: introSkipped=true, userSeekedToIntro=false, tInRange=false
05-31 12:21:17.361 17044 17044 I SkipInfo: [SKIP_DEBUG] segment[1]: type=片尾, start=2527000ms (2527s), end=2706000ms (2706s), source=pgc_clip
05-31 12:21:17.361 17044 17044 I SkipInfo: [SKIP_DEBUG] OUTRO check: t=177704ms >= start=2527000ms ? false, t < end=2706000ms ? true, outroPromptShown=false
05-31 12:21:17.361 17044 17044 I SkipInfo: [SKIP_DEBUG] checkSkip END, no action taken
05-31 12:21:17.377 17044 17044 I SkipInfo: [SKIP_DEBUG] ========== checkSkip START ==========
05-31 12:21:17.377 17044 17044 I SkipInfo: [SKIP_DEBUG] current position t=177723ms (177s)
05-31 12:21:17.377 17044 17044 I SkipInfo: [SKIP_DEBUG] skips count=2
05-31 12:21:17.377 17044 17044 I SkipInfo: [SKIP_DEBUG] introSkipped=true, outroPromptShown=false, userSeekedToIntro=false
05-31 12:21:17.377 17044 17044 I SkipInfo: [SKIP_DEBUG] segment[0]: type=片头, start=0ms (0s), end=175000ms (175s), source=pgc_clip
05-31 12:21:17.377 17044 17044 I SkipInfo: [SKIP_DEBUG] INTRO not triggered: introSkipped=true, userSeekedToIntro=false, tInRange=false
05-31 12:21:17.377 17044 17044 I SkipInfo: [SKIP_DEBUG] segment[1]: type=片尾, start=2527000ms (2527s), end=2706000ms (2706s), source=pgc_clip
05-31 12:21:17.377 17044 17044 I SkipInfo: [SKIP_DEBUG] OUTRO check: t=177723ms >= start=2527000ms ? false, t < end=2706000ms ? true, outroPromptShown=false
05-31 12:21:17.377 17044 17044 I SkipInfo: [SKIP_DEBUG] checkSkip END, no action taken
05-31 12:21:17.382 17044 17044 I SkipInfo: [SKIP_DEBUG] ========== checkSkip START ==========
05-31 12:21:17.382 17044 17044 I SkipInfo: [SKIP_DEBUG] current position t=177740ms (177s)
05-31 12:21:17.382 17044 17044 I SkipInfo: [SKIP_DEBUG] skips count=2
05-31 12:21:17.382 17044 17044 I SkipInfo: [SKIP_DEBUG] introSkipped=true, outroPromptShown=false, userSeekedToIntro=false
05-31 12:21:17.382 17044 17044 I SkipInfo: [SKIP_DEBUG] segment[0]: type=片头, start=0ms (0s), end=175000ms (175s), source=pgc_clip
05-31 12:21:17.382 17044 17044 I SkipInfo: [SKIP_DEBUG] INTRO not triggered: introSkipped=true, userSeekedToIntro=false, tInRange=false
05-31 12:21:17.382 17044 17044 I SkipInfo: [SKIP_DEBUG] segment[1]: type=片尾, start=2527000ms (2527s), end=2706000ms (2706s), source=pgc_clip
05-31 12:21:17.382 17044 17044 I SkipInfo: [SKIP_DEBUG] OUTRO check: t=177740ms >= start=2527000ms ? false, t < end=2706000ms ? true, outroPromptShown=false
05-31 12:21:17.382 17044 17044 I SkipInfo: [SKIP_DEBUG] checkSkip END, no action taken
05-31 12:21:17.398 17044 17044 I SkipInfo: [SKIP_DEBUG] ========== checkSkip START ==========
05-31 12:21:17.398 17044 17044 I SkipInfo: [SKIP_DEBUG] current position t=177767ms (177s)
05-31 12:21:17.398 17044 17044 I SkipInfo: [SKIP_DEBUG] skips count=2
05-31 12:21:17.398 17044 17044 I SkipInfo: [SKIP_DEBUG] introSkipped=true, outroPromptShown=false, userSeekedToIntro=false
05-31 12:21:17.398 17044 17044 I SkipInfo: [SKIP_DEBUG] segment[0]: type=片头, start=0ms (0s), end=175000ms (175s), source=pgc_clip
05-31 12:21:17.398 17044 17044 I SkipInfo: [SKIP_DEBUG] INTRO not triggered: introSkipped=true, userSeekedToIntro=false, tInRange=false
05-31 12:21:17.399 17044 17044 I SkipInfo: [SKIP_DEBUG] segment[1]: type=片尾, start=2527000ms (2527s), end=2706000ms (2706s), source=pgc_clip
05-31 12:21:17.399 17044 17044 I SkipInfo: [SKIP_DEBUG] OUTRO check: t=177767ms >= start=2527000ms ? false, t < end=2706000ms ? true, outroPromptShown=false
05-31 12:21:17.399 17044 17044 I SkipInfo: [SKIP_DEBUG] checkSkip END, no action taken
05-31 12:21:17.415 17044 17044 I SkipInfo: [SKIP_DEBUG] ========== checkSkip START ==========
05-31 12:21:17.415 17044 17044 I SkipInfo: [SKIP_DEBUG] current position t=177782ms (177s)
05-31 12:21:17.415 17044 17044 I SkipInfo: [SKIP_DEBUG] skips count=2
05-31 12:21:17.415 17044 17044 I SkipInfo: [SKIP_DEBUG] introSkipped=true, outroPromptShown=false, userSeekedToIntro=false
05-31 12:21:17.415 17044 17044 I SkipInfo: [SKIP_DEBUG] segment[0]: type=片头, start=0ms (0s), end=175000ms (175s), source=pgc_clip
05-31 12:21:17.415 17044 17044 I SkipInfo: [SKIP_DEBUG] INTRO not triggered: introSkipped=true, userSeekedToIntro=false, tInRange=false
05-31 12:21:17.415 17044 17044 I SkipInfo: [SKIP_DEBUG] segment[1]: type=片尾, start=2527000ms (2527s), end=2706000ms (2706s), source=pgc_clip
05-31 12:21:17.415 17044 17044 I SkipInfo: [SKIP_DEBUG] OUTRO check: t=177782ms >= start=2527000ms ? false, t < end=2706000ms ? true, outroPromptShown=false
05-31 12:21:17.415 17044 17044 I SkipInfo: [SKIP_DEBUG] checkSkip END, no action taken
05-31 12:21:17.432 17044 17044 I SkipInfo: [SKIP_DEBUG] ========== checkSkip START ==========
05-31 12:21:17.432 17044 17044 I SkipInfo: [SKIP_DEBUG] current position t=177797ms (177s)
05-31 12:21:17.432 17044 17044 I SkipInfo: [SKIP_DEBUG] skips count=2
05-31 12:21:17.432 17044 17044 I SkipInfo: [SKIP_DEBUG] introSkipped=true, outroPromptShown=false, userSeekedToIntro=false
05-31 12:21:17.432 17044 17044 I SkipInfo: [SKIP_DEBUG] segment[0]: type=片头, start=0ms (0s), end=175000ms (175s), source=pgc_clip
05-31 12:21:17.432 17044 17044 I SkipInfo: [SKIP_DEBUG] INTRO not triggered: introSkipped=true, userSeekedToIntro=false, tInRange=false
05-31 12:21:17.432 17044 17044 I SkipInfo: [SKIP_DEBUG] segment[1]: type=片尾, start=2527000ms (2527s), end=2706000ms (2706s), source=pgc_clip
05-31 12:21:17.432 17044 17044 I SkipInfo: [SKIP_DEBUG] OUTRO check: t=177797ms >= start=2527000ms ? false, t < end=2706000ms ? true, outroPromptShown=false
05-31 12:21:17.432 17044 17044 I SkipInfo: [SKIP_DEBUG] checkSkip END, no action taken
05-31 12:21:17.448 17044 17044 I SkipInfo: [SKIP_DEBUG] ========== checkSkip START ==========
05-31 12:21:17.449 17044 17044 I SkipInfo: [SKIP_DEBUG] current position t=177813ms (177s)
05-31 12:21:17.449 17044 17044 I SkipInfo: [SKIP_DEBUG] skips count=2
05-31 12:21:17.449 17044 17044 I SkipInfo: [SKIP_DEBUG] introSkipped=true, outroPromptShown=false, userSeekedToIntro=false
05-31 12:21:17.449 17044 17044 I SkipInfo: [SKIP_DEBUG] segment[0]: type=片头, start=0ms (0s), end=175000ms (175s), source=pgc_clip
05-31 12:21:17.449 17044 17044 I SkipInfo: [SKIP_DEBUG] INTRO not triggered: introSkipped=true, userSeekedToIntro=false, tInRange=false
05-31 12:21:17.449 17044 17044 I SkipInfo: [SKIP_DEBUG] segment[1]: type=片尾, start=2527000ms (2527s), end=2706000ms (2706s), source=pgc_clip
05-31 12:21:17.449 17044 17044 I SkipInfo: [SKIP_DEBUG] OUTRO check: t=177813ms >= start=2527000ms ? false, t < end=2706000ms ? true, outroPromptShown=false
05-31 12:21:17.449 17044 17044 I SkipInfo: [SKIP_DEBUG] checkSkip END, no action taken
05-31 12:21:17.460 17044 17044 I SkipInfo: [SKIP_DEBUG] ========== checkSkip START ==========
05-31 12:21:17.460 17044 17044 I SkipInfo: [SKIP_DEBUG] current position t=177828ms (177s)
05-31 12:21:17.460 17044 17044 I SkipInfo: [SKIP_DEBUG] skips count=2
05-31 12:21:17.460 17044 17044 I SkipInfo: [SKIP_DEBUG] introSkipped=true, outroPromptShown=false, userSeekedToIntro=false
05-31 12:21:17.460 17044 17044 I SkipInfo: [SKIP_DEBUG] segment[0]: type=片头, start=0ms (0s), end=175000ms (175s), source=pgc_clip
05-31 12:21:17.460 17044 17044 I SkipInfo: [SKIP_DEBUG] INTRO not triggered: introSkipped=true, userSeekedToIntro=false, tInRange=false
05-31 12:21:17.460 17044 17044 I SkipInfo: [SKIP_DEBUG] segment[1]: type=片尾, start=2527000ms (2527s), end=2706000ms (2706s), source=pgc_clip
05-31 12:21:17.460 17044 17044 I SkipInfo: [SKIP_DEBUG] OUTRO check: t=177828ms >= start=2527000ms ? false, t < end=2706000ms ? true, outroPromptShown=false
05-31 12:21:17.460 17044 17044 I SkipInfo: [SKIP_DEBUG] checkSkip END, no action taken
05-31 12:21:17.465 17044 17044 I SkipInfo: [SKIP_DEBUG] ========== checkSkip START ==========
05-31 12:21:17.465 17044 17044 I SkipInfo: [SKIP_DEBUG] current position t=177849ms (177s)
05-31 12:21:17.465 17044 17044 I SkipInfo: [SKIP_DEBUG] skips count=2
05-31 12:21:17.465 17044 17044 I SkipInfo: [SKIP_DEBUG] introSkipped=true, outroPromptShown=false, userSeekedToIntro=false
05-31 12:21:17.466 17044 17044 I SkipInfo: [SKIP_DEBUG] segment[0]: type=片头, start=0ms (0s), end=175000ms (175s), source=pgc_clip
05-31 12:21:17.466 17044 17044 I SkipInfo: [SKIP_DEBUG] INTRO not triggered: introSkipped=true, userSeekedToIntro=false, tInRange=false
05-31 12:21:17.466 17044 17044 I SkipInfo: [SKIP_DEBUG] segment[1]: type=片尾, start=2527000ms (2527s), end=2706000ms (2706s), source=pgc_clip
05-31 12:21:17.466 17044 17044 I SkipInfo: [SKIP_DEBUG] OUTRO check: t=177849ms >= start=2527000ms ? false, t < end=2706000ms ? true, outroPromptShown=false
05-31 12:21:17.466 17044 17044 I SkipInfo: [SKIP_DEBUG] checkSkip END, no action taken
05-31 12:21:17.482 17044 17044 I SkipInfo: [SKIP_DEBUG] ========== checkSkip START ==========
05-31 12:21:17.482 17044 17044 I SkipInfo: [SKIP_DEBUG] current position t=177875ms (177s)
05-31 12:21:17.482 17044 17044 I SkipInfo: [SKIP_DEBUG] skips count=2
05-31 12:21:17.482 17044 17044 I SkipInfo: [SKIP_DEBUG] introSkipped=true, outroPromptShown=false, userSeekedToIntro=false
05-31 12:21:17.482 17044 17044 I SkipInfo: [SKIP_DEBUG] segment[0]: type=片头, start=0ms (0s), end=175000ms (175s), source=pgc_clip
05-31 12:21:17.482 17044 17044 I SkipInfo: [SKIP_DEBUG] INTRO not triggered: introSkipped=true, userSeekedToIntro=false, tInRange=false
05-31 12:21:17.482 17044 17044 I SkipInfo: [SKIP_DEBUG] segment[1]: type=片尾, start=2527000ms (2527s), end=2706000ms (2706s), source=pgc_clip
05-31 12:21:17.482 17044 17044 I SkipInfo: [SKIP_DEBUG] OUTRO check: t=177875ms >= start=2527000ms ? false, t < end=2706000ms ? true, outroPromptShown=false
05-31 12:21:17.482 17044 17044 I SkipInfo: [SKIP_DEBUG] checkSkip END, no action taken
05-31 12:21:17.498 17044 17044 I SkipInfo: [SKIP_DEBUG] ========== checkSkip START ==========
05-31 12:21:17.498 17044 17044 I SkipInfo: [SKIP_DEBUG] current position t=177891ms (177s)
05-31 12:21:17.498 17044 17044 I SkipInfo: [SKIP_DEBUG] skips count=2
05-31 12:21:17.498 17044 17044 I SkipInfo: [SKIP_DEBUG] introSkipped=true, outroPromptShown=false, userSeekedToIntro=false
05-31 12:21:17.499 17044 17044 I SkipInfo: [SKIP_DEBUG] segment[0]: type=片头, start=0ms (0s), end=175000ms (175s), source=pgc_clip
05-31 12:21:17.499 17044 17044 I SkipInfo: [SKIP_DEBUG] INTRO not triggered: introSkipped=true, userSeekedToIntro=false, tInRange=false
05-31 12:21:17.499 17044 17044 I SkipInfo: [SKIP_DEBUG] segment[1]: type=片尾, start=2527000ms (2527s), end=2706000ms (2706s), source=pgc_clip
05-31 12:21:17.499 17044 17044 I SkipInfo: [SKIP_DEBUG] OUTRO check: t=177891ms >= start=2527000ms ? false, t < end=2706000ms ? true, outroPromptShown=false
05-31 12:21:17.499 17044 17044 I SkipInfo: [SKIP_DEBUG] checkSkip END, no action taken
05-31 12:21:17.506 17044 18297 I MediaCodec: [0xb402a200][ROB]V, ROB:24/s, ROB num:8630
05-31 12:21:17.510 17044 17044 I SkipInfo: [SKIP_DEBUG] ========== checkSkip START ==========
05-31 12:21:17.510 17044 17044 I SkipInfo: [SKIP_DEBUG] current position t=177903ms (177s)
05-31 12:21:17.510 17044 17044 I SkipInfo: [SKIP_DEBUG] skips count=2
05-31 12:21:17.510 17044 17044 I SkipInfo: [SKIP_DEBUG] introSkipped=true, outroPromptShown=false, userSeekedToIntro=false
05-31 12:21:17.510 17044 17044 I SkipInfo: [SKIP_DEBUG] segment[0]: type=片头, start=0ms (0s), end=175000ms (175s), source=pgc_clip
05-31 12:21:17.510 17044 17044 I SkipInfo: [SKIP_DEBUG] INTRO not triggered: introSkipped=true, userSeekedToIntro=false, tInRange=false
05-31 12:21:17.510 17044 17044 I SkipInfo: [SKIP_DEBUG] segment[1]: type=片尾, start=2527000ms (2527s), end=2706000ms (2706s), source=pgc_clip
05-31 12:21:17.510 17044 17044 I SkipInfo: [SKIP_DEBUG] OUTRO check: t=177903ms >= start=2527000ms ? false, t < end=2706000ms ? true, outroPromptShown=false
05-31 12:21:17.510 17044 17044 I SkipInfo: [SKIP_DEBUG] checkSkip END, no action taken
05-31 12:21:17.526 17044 17044 I SkipInfo: [SKIP_DEBUG] ========== checkSkip START ==========
05-31 12:21:17.527 17044 17044 I SkipInfo: [SKIP_DEBUG] current position t=177927ms (177s)
05-31 12:21:17.527 17044 17044 I SkipInfo: [SKIP_DEBUG] skips count=2
05-31 12:21:17.527 17044 17044 I SkipInfo: [SKIP_DEBUG] introSkipped=true, outroPromptShown=false, userSeekedToIntro=false
05-31 12:21:17.527 17044 17044 I SkipInfo: [SKIP_DEBUG] segment[0]: type=片头, start=0ms (0s), end=175000ms (175s), source=pgc_clip
05-31 12:21:17.527 17044 17044 I SkipInfo: [SKIP_DEBUG] INTRO not triggered: introSkipped=true, userSeekedToIntro=false, tInRange=false
05-31 12:21:17.527 17044 17044 I SkipInfo: [SKIP_DEBUG] segment[1]: type=片尾, start=2527000ms (2527s), end=2706000ms (2706s), source=pgc_clip
05-31 12:21:17.527 17044 17044 I SkipInfo: [SKIP_DEBUG] OUTRO check: t=177927ms >= start=2527000ms ? false, t < end=2706000ms ? true, outroPromptShown=false
05-31 12:21:17.527 17044 17044 I SkipInfo: [SKIP_DEBUG] checkSkip END, no action taken
05-31 12:21:17.532 17044 17044 I SkipInfo: [SKIP_DEBUG] ========== checkSkip START ==========
05-31 12:21:17.532 17044 17044 I SkipInfo: [SKIP_DEBUG] current position t=177941ms (177s)
05-31 12:21:17.532 17044 17044 I SkipInfo: [SKIP_DEBUG] skips count=2
05-31 12:21:17.532 17044 17044 I SkipInfo: [SKIP_DEBUG] introSkipped=true, outroPromptShown=false, userSeekedToIntro=false
05-31 12:21:17.532 17044 17044 I SkipInfo: [SKIP_DEBUG] segment[0]: type=片头, start=0ms (0s), end=175000ms (175s), source=pgc_clip
05-31 12:21:17.532 17044 17044 I SkipInfo: [SKIP_DEBUG] INTRO not triggered: introSkipped=true, userSeekedToIntro=false, tInRange=false
05-31 12:21:17.532 17044 17044 I SkipInfo: [SKIP_DEBUG] segment[1]: type=片尾, start=2527000ms (2527s), end=2706000ms (2706s), source=pgc_clip
05-31 12:21:17.532 17044 17044 I SkipInfo: [SKIP_DEBUG] OUTRO check: t=177941ms >= start=2527000ms ? false, t < end=2706000ms ? true, outroPromptShown=false
05-31 12:21:17.532 17044 17044 I SkipInfo: [SKIP_DEBUG] checkSkip END, no action taken
05-31 12:21:17.549 17044 17044 I SkipInfo: [SKIP_DEBUG] ========== checkSkip START ==========
05-31 12:21:17.549 17044 17044 I SkipInfo: [SKIP_DEBUG] current position t=177969ms (177s)
05-31 12:21:17.549 17044 17044 I SkipInfo: [SKIP_DEBUG] skips count=2
05-31 12:21:17.549 17044 17044 I SkipInfo: [SKIP_DEBUG] introSkipped=true, outroPromptShown=false, userSeekedToIntro=false
05-31 12:21:17.549 17044 17044 I SkipInfo: [SKIP_DEBUG] segment[0]: type=片头, start=0ms (0s), end=175000ms (175s), source=pgc_clip
05-31 12:21:17.549 17044 17044 I SkipInfo: [SKIP_DEBUG] INTRO not triggered: introSkipped=true, userSeekedToIntro=false, tInRange=false
05-31 12:21:17.549 17044 17044 I SkipInfo: [SKIP_DEBUG] segment[1]: type=片尾, start=2527000ms (2527s), end=2706000ms (2706s), source=pgc_clip
05-31 12:21:17.549 17044 17044 I SkipInfo: [SKIP_DEBUG] OUTRO check: t=177969ms >= start=2527000ms ? false, t < end=2706000ms ? true, outroPromptShown=false
05-31 12:21:17.549 17044 17044 I SkipInfo: [SKIP_DEBUG] checkSkip END, no action taken
05-31 12:21:17.565 17044 17044 I SkipInfo: [SKIP_DEBUG] ========== checkSkip START ==========
05-31 12:21:17.565 17044 17044 I SkipInfo: [SKIP_DEBUG] current position t=177984ms (177s)
05-31 12:21:17.565 17044 17044 I SkipInfo: [SKIP_DEBUG] skips count=2
05-31 12:21:17.565 17044 17044 I SkipInfo: [SKIP_DEBUG] introSkipped=true, outroPromptShown=false, userSeekedToIntro=false
05-31 12:21:17.566 17044 17044 I SkipInfo: [SKIP_DEBUG] segment[0]: type=片头, start=0ms (0s), end=175000ms (175s), source=pgc_clip
05-31 12:21:17.566 17044 17044 I SkipInfo: [SKIP_DEBUG] INTRO not triggered: introSkipped=true, userSeekedToIntro=false, tInRange=false
05-31 12:21:17.566 17044 17044 I SkipInfo: [SKIP_DEBUG] segment[1]: type=片尾, start=2527000ms (2527s), end=2706000ms (2706s), source=pgc_clip
05-31 12:21:17.566 17044 17044 I SkipInfo: [SKIP_DEBUG] OUTRO check: t=177984ms >= start=2527000ms ? false, t < end=2706000ms ? true, outroPromptShown=false
05-31 12:21:17.566 17044 17044 I SkipInfo: [SKIP_DEBUG] checkSkip END, no action taken
05-31 12:21:17.582 17044 17044 I SkipInfo: [SKIP_DEBUG] ========== checkSkip START ==========
05-31 12:21:17.582 17044 17044 I SkipInfo: [SKIP_DEBUG] current position t=177999ms (177s)
05-31 12:21:17.582 17044 17044 I SkipInfo: [SKIP_DEBUG] skips count=2
05-31 12:21:17.582 17044 17044 I SkipInfo: [SKIP_DEBUG] introSkipped=true, outroPromptShown=false, userSeekedToIntro=false
05-31 12:21:17.582 17044 17044 I SkipInfo: [SKIP_DEBUG] segment[0]: type=片头, start=0ms (0s), end=175000ms (175s), source=pgc_clip
05-31 12:21:17.582 17044 17044 I SkipInfo: [SKIP_DEBUG] INTRO not triggered: introSkipped=true, userSeekedToIntro=false, tInRange=false
05-31 12:21:17.582 17044 17044 I SkipInfo: [SKIP_DEBUG] segment[1]: type=片尾, start=2527000ms (2527s), end=2706000ms (2706s), source=pgc_clip
05-31 12:21:17.582 17044 17044 I SkipInfo: [SKIP_DEBUG] OUTRO check: t=177999ms >= start=2527000ms ? false, t < end=2706000ms ? true, outroPromptShown=false
05-31 12:21:17.582 17044 17044 I SkipInfo: [SKIP_DEBUG] checkSkip END, no action taken
05-31 12:21:17.590 17044 17044 I SkipInfo: [SKIP_DEBUG] ========== checkSkip START ==========
05-31 12:21:17.590 17044 17044 I SkipInfo: [SKIP_DEBUG] current position t=178015ms (178s)
05-31 12:21:17.590 17044 17044 I SkipInfo: [SKIP_DEBUG] skips count=2
05-31 12:21:17.590 17044 17044 I SkipInfo: [SKIP_DEBUG] introSkipped=true, outroPromptShown=false, userSeekedToIntro=false
05-31 12:21:17.590 17044 17044 I SkipInfo: [SKIP_DEBUG] segment[0]: type=片头, start=0ms (0s), end=175000ms (175s), source=pgc_clip
05-31 12:21:17.590 17044 17044 I SkipInfo: [SKIP_DEBUG] INTRO not triggered: introSkipped=true, userSeekedToIntro=false, tInRange=false
05-31 12:21:17.590 17044 17044 I SkipInfo: [SKIP_DEBUG] segment[1]: type=片尾, start=2527000ms (2527s), end=2706000ms (2706s), source=pgc_clip
05-31 12:21:17.590 17044 17044 I SkipInfo: [SKIP_DEBUG] OUTRO check: t=178015ms >= start=2527000ms ? false, t < end=2706000ms ? true, outroPromptShown=false
05-31 12:21:17.590 17044 17044 I SkipInfo: [SKIP_DEBUG] checkSkip END, no action taken
05-31 12:21:17.607 17044 17044 I SkipInfo: [SKIP_DEBUG] ========== checkSkip START ==========
05-31 12:21:17.607 17044 17044 I SkipInfo: [SKIP_DEBUG] current position t=178039ms (178s)
05-31 12:21:17.607 17044 17044 I SkipInfo: [SKIP_DEBUG] skips count=2
05-31 12:21:17.607 17044 17044 I SkipInfo: [SKIP_DEBUG] introSkipped=true, outroPromptShown=false, userSeekedToIntro=false
05-31 12:21:17.607 17044 17044 I SkipInfo: [SKIP_DEBUG] segment[0]: type=片头, start=0ms (0s), end=175000ms (175s), source=pgc_clip
05-31 12:21:17.607 17044 17044 I SkipInfo: [SKIP_DEBUG] INTRO not triggered: introSkipped=true, userSeekedToIntro=false, tInRange=false
05-31 12:21:17.607 17044 17044 I SkipInfo: [SKIP_DEBUG] segment[1]: type=片尾, start=2527000ms (2527s), end=2706000ms (2706s), source=pgc_clip
05-31 12:21:17.607 17044 17044 I SkipInfo: [SKIP_DEBUG] OUTRO check: t=178039ms >= start=2527000ms ? false, t < end=2706000ms ? true, outroPromptShown=false
05-31 12:21:17.608 17044 17044 I SkipInfo: [SKIP_DEBUG] checkSkip END, no action taken
05-31 12:21:17.615 17044 17044 I SkipInfo: [SKIP_DEBUG] ========== checkSkip START ==========
05-31 12:21:17.615 17044 17044 I SkipInfo: [SKIP_DEBUG] current position t=178053ms (178s)
05-31 12:21:17.615 17044 17044 I SkipInfo: [SKIP_DEBUG] skips count=2
05-31 12:21:17.615 17044 17044 I SkipInfo: [SKIP_DEBUG] introSkipped=true, outroPromptShown=false, userSeekedToIntro=false
05-31 12:21:17.615 17044 17044 I SkipInfo: [SKIP_DEBUG] segment[0]: type=片头, start=0ms (0s), end=175000ms (175s), source=pgc_clip
05-31 12:21:17.615 17044 17044 I SkipInfo: [SKIP_DEBUG] INTRO not triggered: introSkipped=true, userSeekedToIntro=false, tInRange=false
05-31 12:21:17.615 17044 17044 I SkipInfo: [SKIP_DEBUG] segment[1]: type=片尾, start=2527000ms (2527s), end=2706000ms (2706s), source=pgc_clip
05-31 12:21:17.615 17044 17044 I SkipInfo: [SKIP_DEBUG] OUTRO check: t=178053ms >= start=2527000ms ? false, t < end=2706000ms ? true, outroPromptShown=false
05-31 12:21:17.615 17044 17044 I SkipInfo: [SKIP_DEBUG] checkSkip END, no action taken
05-31 12:21:17.632 17044 17044 I SkipInfo: [SKIP_DEBUG] ========== checkSkip START ==========
05-31 12:21:17.632 17044 17044 I SkipInfo: [SKIP_DEBUG] current position t=178078ms (178s)
05-31 12:21:17.632 17044 17044 I SkipInfo: [SKIP_DEBUG] skips count=2
05-31 12:21:17.632 17044 17044 I SkipInfo: [SKIP_DEBUG] introSkipped=true, outroPromptShown=false, userSeekedToIntro=false
05-31 12:21:17.632 17044 17044 I SkipInfo: [SKIP_DEBUG] segment[0]: type=片头, start=0ms (0s), end=175000ms (175s), source=pgc_clip
05-31 12:21:17.632 17044 17044 I SkipInfo: [SKIP_DEBUG] INTRO not triggered: introSkipped=true, userSeekedToIntro=false, tInRange=false
05-31 12:21:17.632 17044 17044 I SkipInfo: [SKIP_DEBUG] segment